date,true_adj,pred_adj,naive_adj,true_raw,pred_raw,naive_raw
2024-02-27 05:30:00,0.08537007643588801,-0.520910630633372,-0.520910630633372,2.0575503649845896e-07,1.451606898512405e-07,1.451606898512405e-07
2024-02-27 06:00:00,-0.1970248883797847,0.08537007643588801,0.08537007643588801,1.6138028755485694e-07,2.7688279747784766e-07,2.7688279747784766e-07
2024-02-27 06:30:00,-0.5724449219838927,-0.1970248883797847,-0.1970248883797847,1.2985081779350688e-07,2.445065244550026e-07,2.445065244550026e-07
2024-02-27 07:00:00,-0.290439075232543,-0.5724449219838927,-0.5724449219838927,1.596555054867887e-07,1.557805490971203e-07,1.557805490971203e-07
2024-02-27 07:30:00,-1.1279682902611246,-0.290439075232543,-0.290439075232543,1.1254835561565264e-07,3.3641580030085324e-07,3.3641580030085324e-07
2024-02-27 08:00:00,-0.49573385040092255,-1.1279682902611246,-1.1279682902611246,1.725248339072846e-07,1.1859833820419035e-07,1.1859833820419035e-07
2024-02-27 08:30:00,-0.013233821162822679,-0.49573385040092255,-0.49573385040092255,3.9800780450570734e-07,3.177952504603028e-07,3.177952504603028e-07
2024-02-27 16:30:00,-0.9878900351692295,-0.013233821162822679,-0.013233821162822679,2.1072747777051486e-07,7.224568260732191e-07,7.224568260732191e-07
2024-02-27 17:00:00,-0.45376276498836887,-0.9878900351692295,-0.9878900351692295,1.0461349367772751e-07,7.932719432507728e-08,7.932719432507728e-08
2024-02-27 17:30:00,-0.42943864916579955,-0.45376276498836887,-0.45376276498836887,8.694322813919395e-08,1.0976777122755069e-07,1.0976777122755069e-07
2024-02-27 18:00:00,-0.6471657184123991,-0.42943864916579955,-0.42943864916579955,7.591320464171641e-08,1.2208938452169116e-07,1.2208938452169116e-07
2024-02-27 18:30:00,-0.762416981287867,-0.6471657184123991,-0.6471657184123991,1.3172191168232005e-07,1.9121146405623403e-07,1.9121146405623403e-07
2024-02-27 19:00:00,-0.6353047891016566,-0.762416981287867,-0.762416981287867,6.138160526870393e-08,6.992573381798007e-08,6.992573381798007e-08
2024-02-27 19:30:00,-0.989202603657283,-0.6353047891016566,-0.6353047891016566,5.849129218422264e-08,1.0779286079920763e-07,1.0779286079920763e-07
2024-02-27 20:00:00,-1.0929050147174877,-0.989202603657283,-0.989202603657283,5.291000428014111e-08,7.592382785660506e-08,7.592382785660506e-08
2024-02-27 20:30:00,-0.11905501107743,-1.0929050147174877,-1.0929050147174877,2.0524724496139669e-07,1.0026343232859621e-07,1.0026343232859621e-07
2024-02-27 21:00:00,-0.25877444372786407,-0.11905501107743,-0.11905501107743,1.424358762938872e-07,2.1188571813645712e-07,2.1188571813645712e-07
2024-02-27 21:30:00,-0.6181091996733237,-0.25877444372786407,-0.25877444372786407,8.447347374919433e-08,1.565237952369241e-07,1.565237952369241e-07
2024-02-27 22:00:00,-0.6779034194079259,-0.6181091996733237,-0.6181091996733237,6.75710961265009e-08,9.279662429717798e-08,9.279662429717798e-08
2024-02-27 22:30:00,-0.5520627038779473,-0.6779034194079259,-0.6779034194079259,6.756564273668861e-08,7.706849859519641e-08,7.706849859519641e-08
2024-02-27 23:00:00,-0.00823694417217169,-0.5520627038779473,-0.5520627038779473,8.684495445173682e-08,6.521792536708542e-08,6.521792536708542e-08
2024-02-27 23:30:00,-0.013780133109175807,-0.00823694417217169,-0.00823694417217169,8.202731877900013e-08,1.0670107789077948e-07,1.0670107789077948e-07
2024-02-28 00:00:00,0.25893263858423055,-0.013780133109175807,-0.013780133109175807,8.207497554971626e-08,8.083064129272449e-08,8.083064129272449e-08
2024-02-28 00:30:00,-0.30452806009989786,0.25893263858423055,0.25893263858423055,6.759362770050781e-08,1.5360895753090136e-07,1.5360895753090136e-07
2024-02-28 01:00:00,-0.138121712703704,-0.30452806009989786,-0.30452806009989786,9.178355099282879e-08,1.0053063177676522e-07,1.0053063177676522e-07
2024-02-28 01:30:00,-0.2724733637411809,-0.138121712703704,-0.138121712703704,9.423926451161651e-08,1.3943859013589786e-07,1.3943859013589786e-07
2024-02-28 02:00:00,-0.8532800005569783,-0.2724733637411809,-0.2724733637411809,6.282348194601582e-08,1.4526668797195448e-07,1.4526668797195448e-07
2024-02-28 02:30:00,-0.38865326097706365,-0.8532800005569783,-0.8532800005569783,1.4499320482131182e-07,1.1785980939680647e-07,1.1785980939680647e-07
2024-02-28 03:00:00,-0.03196758217587714,-0.38865326097706365,-0.38865326097706365,2.0070900744198775e-07,1.817452860980913e-07,1.817452860980913e-07
2024-02-28 03:30:00,-0.38552895405871723,-0.03196758217587714,-0.03196758217587714,2.3234331066831976e-07,4.2803850687692765e-07,4.2803850687692765e-07
2024-02-28 04:00:00,0.17108675873638646,-0.38552895405871723,-0.38552895405871723,4.023170908805951e-07,2.982883308603483e-07,2.982883308603483e-07
2024-02-28 04:30:00,0.7334836902664552,0.17108675873638646,0.17108675873638646,6.278249245686837e-07,4.628023797166811e-07,4.628023797166811e-07
2024-02-28 05:00:00,1.744175417237603,0.7334836902664552,0.7334836902664552,1.3647570715982736e-06,6.425699735263902e-07,6.425699735263902e-07
2024-02-28 05:30:00,1.1687889887080711,1.744175417237603,1.744175417237603,6.311417689205541e-07,1.4514998251612352e-06,1.4514998251612352e-06
2024-02-28 06:00:00,0.714817089329502,1.1687889887080711,1.1687889887080711,4.0165985233733257e-07,8.181234279408393e-07,8.181234279408393e-07
2024-02-28 06:30:00,-0.11010474406770854,0.714817089329502,0.714817089329502,1.9930794097412664e-07,5.8828329607328e-07,5.8828329607328e-07
2024-02-28 07:00:00,0.3975773482300067,-0.11010474406770854,-0.11010474406770854,3.1767689943721516e-07,2.473460722497963e-07,2.473460722497963e-07
2024-02-28 07:30:00,0.3509287735041564,0.3975773482300067,0.3975773482300067,4.93873800884527e-07,6.693883059993061e-07,6.693883059993061e-07
2024-02-28 08:00:00,0.06555648916672929,0.3509287735041564,0.3509287735041564,3.0242446093128844e-07,5.204217489193251e-07,5.204217489193251e-07
2024-02-28 08:30:00,-0.12615080805768208,0.06555648916672929,0.06555648916672929,3.8569954648355974e-07,6.043791364597824e-07,6.043791364597824e-07
2024-02-28 16:30:00,0.9742394948739168,-0.12615080805768208,-0.12615080805768208,1.4225603412224003e-06,6.123224391179243e-07,6.123224391179243e-07
2024-02-28 17:00:00,0.4259389096657493,0.9742394948739168,0.9742394948739168,2.2160904657740554e-07,4.96037280857998e-07,4.96037280857998e-07
2024-02-28 17:30:00,0.25955102663230356,0.4259389096657493,0.4259389096657493,1.73165023228216e-07,2.6456015065428795e-07,2.6456015065428795e-07
2024-02-28 18:00:00,0.19786090446906712,0.25955102663230356,0.25955102663230356,1.5900049763475687e-07,2.1877267520030133e-07,2.1877267520030133e-07
2024-02-28 18:30:00,-0.01894247204960564,0.19786090446906712,0.19786090446906712,2.5325674058785046e-07,4.0693068320383757e-07,4.0693068320383757e-07
2024-02-28 19:00:00,-0.40519540700827505,-0.01894247204960564,-0.01894247204960564,7.320484791060675e-08,1.3934464235457078e-07,1.3934464235457078e-07
2024-02-28 19:30:00,-0.08195620777425994,-0.40519540700827505,-0.40519540700827505,1.2948673599226513e-07,1.212403544416875e-07,1.212403544416875e-07
2024-02-28 20:00:00,0.4078562053691517,-0.08195620777425994,-0.08195620777425994,2.1106156518808586e-07,1.67297418863766e-07,1.67297418863766e-07
2024-02-28 20:30:00,-0.6071521619656242,0.4078562053691517,0.4078562053691517,1.2609522910626704e-07,4.5010527468502536e-07,4.5010527468502536e-07
2024-02-28 21:00:00,-0.0920224901398008,-0.6071521619656242,-0.6071521619656242,1.6240609032774827e-07,1.25512578543033e-07,1.25512578543033e-07
2024-02-28 21:30:00,-0.29822952872227404,-0.0920224901398008,-0.0920224901398008,1.1631676892162514e-07,1.8492678652815066e-07,1.8492678652815066e-07
2024-02-28 22:00:00,-0.017506346288927332,-0.29822952872227404,-0.29822952872227404,1.3078796088714145e-07,1.2777743149440026e-07,1.2777743149440026e-07
2024-02-28 22:30:00,-0.29690241554186514,-0.017506346288927332,-0.017506346288927332,8.720484564072296e-08,1.4917076024679264e-07,1.4917076024679264e-07
2024-02-28 23:00:00,-0.3833670725885021,-0.29690241554186514,-0.29690241554186514,6.054258995158354e-08,8.539157686088768e-08,8.539157686088768e-08
2024-02-28 23:30:00,0.4844006078021206,-0.3833670725885021,-0.3833670725885021,1.330794135850475e-07,7.22848156208819e-08,7.22848156208819e-08
2024-02-29 00:00:00,0.3176817272747847,0.4844006078021206,0.4844006078021206,8.704125957094312e-08,1.3302497046693015e-07,1.3302497046693015e-07
2024-02-29 00:30:00,-0.02404630136393493,0.3176817272747847,0.3176817272747847,8.947824047670637e-08,1.629036993958067e-07,1.629036993958067e-07
2024-02-29 01:00:00,0.19615703409495566,-0.02404630136393493,-0.02404630136393493,1.2821542349010053e-07,1.3307917257012412e-07,1.3307917257012412e-07
2024-02-29 01:30:00,-0.780435479399685,0.19615703409495566,0.19615703409495566,5.567309523503587e-08,1.912392453395767e-07,1.912392453395767e-07
2024-02-29 02:00:00,0.2853229533796142,-0.780435479399685,-0.780435479399685,1.9616023953336587e-07,8.740995386980371e-08,8.740995386980371e-08
2024-02-29 02:30:00,0.5628999437117272,0.2853229533796142,0.2853229533796142,3.7549309518389735e-07,3.6800584314159636e-07,3.6800584314159636e-07
2024-02-29 03:00:00,0.7992599976099033,0.5628999437117272,0.5628999437117272,4.5840462512202306e-07,4.681683366436457e-07,4.681683366436457e-07
2024-02-29 03:30:00,1.9141802323113897,0.7992599976099033,0.7992599976099033,2.316760729187573e-06,9.828344968973788e-07,9.828344968973788e-07
2024-02-29 04:00:00,0.73274140355268,1.9141802323113897,1.9141802323113897,7.054918405879671e-07,2.974317138394773e-06,2.974317138394773e-06
2024-02-29 04:30:00,1.273426498433059,0.73274140355268,0.73274140355268,1.077290264843315e-06,8.115571276879124e-07,8.115571276879124e-07
2024-02-29 05:00:00,0.40314920711853475,1.273426498433059,1.273426498433059,3.569891939009352e-07,1.1025914229769907e-06,1.1025914229769907e-06
2024-02-29 05:30:00,0.5765697097849181,0.40314920711853475,0.40314920711853475,3.6219316033676576e-07,3.939377424426601e-07,3.939377424426601e-07
2024-02-29 06:00:00,1.1392409831803647,0.5765697097849181,0.5765697097849181,6.359642859164067e-07,4.68673731501161e-07,4.68673731501161e-07
2024-02-29 06:30:00,0.6992008482768792,1.1392409831803647,1.1392409831803647,4.4771490769493615e-07,8.993142439866208e-07,8.993142439866208e-07
2024-02-29 07:00:00,-0.21640833873526866,0.6992008482768792,0.6992008482768792,1.7218694905891679e-07,5.564769278480724e-07,5.564769278480724e-07
2024-02-29 07:30:00,0.43564323284888573,-0.21640833873526866,-0.21640833873526866,5.375353257134109e-07,3.6226595785592184e-07,3.6226595785592184e-07
2024-02-29 08:00:00,-0.0566788476132718,0.43564323284888573,0.43564323284888573,2.669763208305533e-07,5.650520058534915e-07,5.650520058534915e-07
2024-02-29 08:30:00,0.43792544510169407,-0.0566788476132718,-0.0566788476132718,6.070982241501608e-07,4.789144729119949e-07,4.789144729119949e-07
2024-02-29 16:30:00,0.960608887100463,0.43792544510169407,0.43792544510169407,1.4033015319936744e-06,1.076354619265346e-06,1.076354619265346e-06
2024-02-29 17:00:00,0.2538169092496272,0.960608887100463,0.960608887100463,1.865674391101964e-07,4.893218628292828e-07,4.893218628292828e-07
2024-02-29 17:30:00,0.611823299158619,0.2538169092496272,0.2538169092496272,2.462918719200379e-07,2.2272696246151644e-07,2.2272696246151644e-07
2024-02-29 18:00:00,0.8739932422001946,0.611823299158619,0.611823299158619,3.1263602976932754e-07,3.111594402584701e-07,3.111594402584701e-07
2024-02-29 18:30:00,0.28919066059281207,0.8739932422001946,0.8739932422001946,3.336789171334417e-07,7.746547994294886e-07,7.746547994294886e-07
2024-02-29 19:00:00,1.3292855849027845,0.28919066059281207,0.28919066059281207,4.06011417869484e-07,1.8562380679478947e-07,1.8562380679478947e-07
2024-02-29 19:30:00,0.32189706282794006,1.3292855849027845,1.3292855849027845,1.9391728879335873e-07,6.869461930696336e-07,6.869461930696336e-07
2024-02-29 20:00:00,0.5858912197343304,0.32189706282794006,0.32189706282794006,2.8355005608692317e-07,2.8169649686849696e-07,2.8169649686849696e-07
2024-02-29 20:30:00,0.515365948263458,0.5858912197343304,0.5858912197343304,3.433196852708298e-07,4.76574012044431e-07,4.76574012044431e-07
2024-02-29 21:00:00,0.5954739442376908,0.515365948263458,0.515365948263458,3.1877299347142486e-07,3.8062207665162355e-07,3.8062207665162355e-07
2024-02-29 21:30:00,-0.16192961593642785,0.5954739442376908,0.5954739442376908,1.2207207168495889e-07,3.367870750082808e-07,3.367870750082808e-07
2024-02-29 22:00:00,0.08335599847100639,-0.16192961593642785,-0.16192961593642785,1.4118492794153065e-07,1.429108038144305e-07,1.429108038144305e-07
2024-02-29 22:30:00,-0.4507195918691913,0.08335599847100639,0.08335599847100639,6.934919183002883e-08,1.5303487051756823e-07,1.5303487051756823e-07
2024-02-29 23:00:00,0.206403182313462,-0.4507195918691913,-0.4507195918691913,1.0523277092022158e-07,7.056171465202994e-08,7.056171465202994e-08
2024-02-29 23:30:00,0.15458570848479525,0.206403182313462,0.206403182313462,9.569165980984556e-08,1.3037101444680792e-07,1.3037101444680792e-07
2024-03-01 00:00:00,0.05613895708404115,0.15458570848479525,0.15458570848479525,6.700984065045118e-08,9.565251211451477e-08,9.565251211451477e-08
2024-03-01 00:30:00,-0.16948292074709315,0.05613895708404115,0.05613895708404115,7.419217689910279e-08,1.2026724563976207e-07,1.2026724563976207e-07
2024-03-01 01:00:00,-0.1475638785863005,-0.16948292074709315,-0.16948292074709315,9.092099409013265e-08,1.1506619991915334e-07,1.1506619991915334e-07
2024-03-01 01:30:00,0.28006061563283957,-0.1475638785863005,-0.1475638785863005,1.5783092428396226e-07,1.331312641681952e-07,1.331312641681952e-07
2024-03-01 02:00:00,-0.3842126446864178,0.28006061563283957,0.28006061563283957,1.0042350323155278e-07,2.5242274963846225e-07,2.5242274963846225e-07
2024-03-01 02:30:00,0.14991894509110537,-0.3842126446864178,-0.3842126446864178,2.4845433947578237e-07,1.8839921926010038e-07,1.8839921926010038e-07
2024-03-01 03:00:00,-0.16702619492351012,0.14991894509110537,0.14991894509110537,1.7441997884723414e-07,3.097752164718392e-07,3.097752164718392e-07
2024-03-01 03:30:00,-0.03804110122310078,-0.16702619492351012,-0.16702619492351012,3.37254482412813e-07,3.8348036351080553e-07,3.8348036351080553e-07
2024-03-01 04:00:00,-0.0700724608155383,-0.03804110122310078,-0.03804110122310078,3.1610718257045756e-07,4.2222925498618043e-07,4.2222925498618043e-07
2024-03-01 04:30:00,0.43260569415312666,-0.0700724608155383,-0.0700724608155383,4.6469596310493345e-07,3.636314729233378e-07,3.636314729233378e-07
2024-03-01 05:00:00,0.6319956988513891,0.43260569415312666,0.43260569415312666,4.487886229119878e-07,4.7560977754315145e-07,4.7560977754315145e-07
2024-03-01 05:30:00,1.958069782512581,0.6319956988513891,0.6319956988513891,1.4756095564645296e-06,5.068363052519544e-07,5.068363052519544e-07
2024-03-01 06:00:00,1.2731783568086747,1.958069782512581,1.958069782512581,7.858131751791863e-07,2.016354028272083e-06,2.016354028272083e-06
2024-03-01 06:30:00,0.2724486848530283,1.2731783568086747,1.2731783568086747,3.022576631674724e-07,1.063632524604628e-06,1.063632524604628e-06
2024-03-01 07:00:00,0.46691426394110813,0.2724486848530283,0.2724486848530283,3.084874716316154e-07,3.285376281115483e-07,3.285376281115483e-07
2024-03-01 07:30:00,0.43749554961882353,0.46691426394110813,0.46691426394110813,5.385319341439649e-07,7.174485480008505e-07,7.174485480008505e-07
2024-03-01 08:00:00,-0.22257312036687615,0.43749554961882353,0.43749554961882353,2.124974343675574e-07,5.318887274200861e-07,5.318887274200861e-07
2024-03-01 08:30:00,0.1389663251660096,-0.22257312036687615,-0.22257312036687615,4.502178051264742e-07,4.0570559264660494e-07,4.0570559264660494e-07
2024-03-01 16:30:00,-0.8103418567741585,0.1389663251660096,0.1389663251660096,2.388013972399165e-07,7.982135261583724e-07,7.982135261583724e-07
2024-03-01 17:00:00,-0.4359360540324779,-0.8103418567741585,-0.8103418567741585,9.360088272361117e-08,8.326845077811719e-08,8.326845077811719e-08
2024-03-01 17:30:00,1.1151502033516039,-0.4359360540324779,-0.4359360540324779,5.014580594617075e-07,1.375337635565432e-07,1.375337635565432e-07
2024-03-01 18:00:00,0.6808097633619017,1.1151502033516039,1.1151502033516039,2.577154813359079e-07,5.147247823643361e-07,5.147247823643361e-07
2024-03-01 18:30:00,-0.15846879455112983,0.6808097633619017,0.6808097633619017,2.2325009642237782e-07,6.684803041395495e-07,6.684803041395495e-07
2024-03-01 19:00:00,-0.12058958099475703,-0.15846879455112983,-0.15846879455112983,9.525010497824352e-08,1.1863631373701803e-07,1.1863631373701803e-07
2024-03-01 19:30:00,-1.0309470882715637,-0.12058958099475703,-0.12058958099475703,5.6099865049572404e-08,1.8035491112122182e-07,1.8035491112122182e-07
2024-03-01 20:00:00,-0.9179377558304189,-1.0309470882715637,-1.0309470882715637,6.816276799755061e-08,7.875367027727565e-08,7.875367027727565e-08
2024-03-03 18:30:00,2.12635625841588,-0.9179377558304189,-0.9179377558304189,2.193201669238093e-06,1.351329912839742e-07,1.351329912839742e-07
2024-03-03 19:00:00,0.6374402211558934,2.12635625841588,2.12635625841588,2.0327015727407912e-07,1.165479278575582e-06,1.165479278575582e-06
2024-03-03 19:30:00,0.4661602397984641,0.6374402211558934,0.6374402211558934,2.506959211186278e-07,3.8488956161399676e-07,3.8488956161399676e-07
2024-03-03 20:00:00,-0.3877683203176172,0.4661602397984641,0.4661602397984641,1.1582355175633555e-07,3.519299715638936e-07,3.519299715638936e-07
2024-03-03 20:30:00,-0.4094324298470706,-0.3877683203176172,-0.3877683203176172,1.5366226968642442e-07,2.0313219489160685e-07,2.0313219489160685e-07
2024-03-03 21:00:00,-0.046012238349176116,-0.4094324298470706,-0.4094324298470706,1.6783696262986018e-07,1.5095904576583804e-07,1.5095904576583804e-07
2024-03-03 21:30:00,-0.18285514371822842,-0.046012238349176116,-0.046012238349176116,1.1822933911477235e-07,1.7537120856434664e-07,1.7537120856434664e-07
2024-03-03 22:00:00,-0.17789017663979223,-0.18285514371822842,-0.18285514371822842,1.0872528737615912e-07,1.3995139143943328e-07,1.3995139143943328e-07
2024-03-03 22:30:00,-0.6543140622117463,-0.17789017663979223,-0.17789017663979223,5.344209095604121e-08,1.1132549136355823e-07,1.1132549136355823e-07
2024-03-03 23:00:00,-0.12331267054537776,-0.6543140622117463,-0.6543140622117463,7.567583656723886e-08,5.7563762225297505e-08,5.7563762225297505e-08
2024-03-03 23:30:00,0.022578041526077897,-0.12331267054537776,-0.12331267054537776,8.510769317030362e-08,9.515074702350148e-08,9.515074702350148e-08
2024-03-04 00:00:00,-0.19700441398763147,0.022578041526077897,0.022578041526077897,5.2023529827274245e-08,8.382357497392314e-08,8.382357497392314e-08
2024-03-04 00:30:00,-0.14679901880501234,-0.19700441398763147,-0.19700441398763147,7.330844351794577e-08,9.018887857606181e-08,9.018887857606181e-08
2024-03-04 01:00:00,-0.6562405364000625,-0.14679901880501234,-0.14679901880501234,5.058717525120227e-08,1.0891582454380498e-07,1.0891582454380498e-07
2024-03-04 01:30:00,-0.30954982751194926,-0.6562405364000625,-0.6562405364000625,8.752407666930305e-08,8.00505998076694e-08,8.00505998076694e-08
2024-03-04 02:00:00,-0.0551175066833256,-0.30954982751194926,-0.30954982751194926,1.3008723204085318e-07,1.3047852372499832e-07,1.3047852372499832e-07
2024-03-04 02:30:00,-0.21419799527291694,-0.0551175066833256,-0.0551175066833256,1.726285443721697e-07,2.618202909686206e-07,2.618202909686206e-07
2024-03-04 03:00:00,-0.31058191869660234,-0.21419799527291694,-0.21419799527291694,1.3715054347771599e-07,1.9537070931455255e-07,1.9537070931455255e-07
2024-03-04 03:30:00,-0.43831362810706764,-0.31058191869660234,-0.31058191869660234,2.2686590403646642e-07,3.334612094147619e-07,3.334612094147619e-07
2024-03-04 04:00:00,-1.0384888818118938,-0.43831362810706764,-0.43831362810706764,1.1582447066764807e-07,2.7305871318135227e-07,2.7305871318135227e-07
2024-03-04 04:30:00,-0.15175093499945014,-1.0384888818118938,-1.0384888818118938,2.9327126532416397e-07,1.563028979001656e-07,1.563028979001656e-07
2024-03-04 05:00:00,-0.43971568782366965,-0.15175093499945014,-0.15175093499945014,1.6691286877947747e-07,2.8797463663466086e-07,2.8797463663466086e-07
2024-03-04 05:30:00,-0.43142731095229436,-0.43971568782366965,-0.43971568782366965,1.4475383649851421e-07,1.8570919218187684e-07,1.8570919218187684e-07
2024-03-04 06:00:00,-0.6127196601129086,-0.43142731095229436,-0.43142731095229436,1.2740324641092894e-07,1.97568487775039e-07,1.97568487775039e-07
2024-03-04 06:30:00,-0.20086448039142013,-0.6127196601129086,-0.6127196601129086,1.9630629538224974e-07,1.682173200226917e-07,1.682173200226917e-07
2024-03-04 07:00:00,-0.4523745302409985,-0.20086448039142013,-0.20086448039142013,1.251860656614817e-07,2.0825159278713322e-07,2.0825159278713322e-07
2024-03-04 07:30:00,-0.6385559202655084,-0.4523745302409985,-0.4523745302409985,1.8360658195746034e-07,2.861203254722286e-07,2.861203254722286e-07
2024-03-04 08:00:00,-0.5385012544568184,-0.6385559202655084,-0.6385559202655084,1.535630461619454e-07,1.797365674685276e-07,1.797365674685276e-07
2024-03-04 08:30:00,-0.23033466072434372,-0.5385012544568184,-0.5385012544568184,3.1119835029153686e-07,2.958047538188419e-07,2.958047538188419e-07
2024-03-04 16:30:00,-1.033458966819655,-0.23033466072434372,-0.23033466072434372,1.6947291339398928e-07,4.89435722570172e-07,4.89435722570172e-07
2024-03-04 17:00:00,-0.7290122184180454,-1.033458966819655,-1.033458966819655,6.858038609904731e-08,6.543096074258568e-08,6.543096074258568e-08
2024-03-04 17:30:00,-0.8418430583752379,-0.7290122184180454,-0.7290122184180454,7.586912446169559e-08,1.0986764049179399e-07,1.0986764049179399e-07
2024-03-04 18:00:00,0.16427419010568123,-0.8418430583752379,-0.8418430583752379,1.53748879311673e-07,7.272164662104578e-08,7.272164662104578e-08
2024-03-04 18:30:00,0.6174495349621658,0.16427419010568123,0.16427419010568123,5.235117561462605e-07,4.3044513279467473e-07,4.3044513279467473e-07
2024-03-04 19:00:00,0.04669233292304931,0.6174495349621658,0.6174495349621658,1.2128897821161672e-07,2.7765209517215424e-07,2.7765209517215424e-07
2024-03-04 19:30:00,0.344498187621749,0.04669233292304931,0.04669233292304931,2.590836093482711e-07,2.4883267800163293e-07,2.4883267800163293e-07
2024-03-04 20:00:00,0.1275202502271533,0.344498187621749,0.344498187621749,1.8468480155226528e-07,2.968017055594912e-07,2.968017055594912e-07
2024-03-04 20:30:00,-0.526882997646382,0.1275202502271533,0.1275202502271533,1.2107535183573916e-07,3.013438784168635e-07,3.013438784168635e-07
2024-03-04 21:00:00,-0.016382542183231763,-0.526882997646382,-0.526882997646382,1.6866176160845303e-07,1.309519637637109e-07,1.309519637637109e-07
2024-03-04 21:30:00,-0.3479593484900434,-0.016382542183231763,-0.016382542183231763,8.787326087096548e-08,1.583658858484189e-07,1.583658858484189e-07
2024-03-04 22:00:00,0.09885938529826532,-0.3479593484900434,-0.3479593484900434,1.3541896075491834e-07,1.1205506203176954e-07,1.1205506203176954e-07
2024-03-04 22:30:00,-0.2471264624824876,0.09885938529826532,0.09885938529826532,7.362941688074795e-08,1.3462137430581985e-07,1.3462137430581985e-07
2024-03-04 23:00:00,-0.26285157015095706,-0.2471264624824876,-0.2471264624824876,6.410320586459979e-08,8.423876503163468e-08,8.423876503163468e-08
2024-03-04 23:30:00,-0.29878234377876467,-0.26285157015095706,-0.26285157015095706,6.171685360847256e-08,8.275823658835172e-08,8.275823658835172e-08
2024-03-05 00:00:00,0.012032026741540136,-0.29878234377876467,-0.29878234377876467,6.411847562294695e-08,6.078566006074704e-08,6.078566006074704e-08
2024-03-05 00:30:00,-0.1949443286730279,0.012032026741540136,0.012032026741540136,6.652683349127812e-08,1.0584941348899964e-07,1.0584941348899964e-07
2024-03-05 01:00:00,0.23934473977456072,-0.1949443286730279,-0.1949443286730279,1.2364886768715833e-07,1.0360571494258858e-07,1.0360571494258858e-07
2024-03-05 01:30:00,0.4019428685788444,0.23934473977456072,0.23934473977456072,1.7127415166453628e-07,1.8831255214156177e-07,1.8831255214156177e-07
2024-03-05 02:00:00,-0.05381511489880708,0.4019428685788444,0.4019428685788444,1.2850795051227116e-07,2.622201665846759e-07,2.622201665846759e-07
2024-03-05 02:30:00,-0.14591094318370423,-0.05381511489880708,-0.05381511489880708,1.831921486249529e-07,2.598402831087594e-07,2.598402831087594e-07
2024-03-05 03:00:00,-0.7947667980390385,-0.14591094318370423,-0.14591094318370423,7.851111678651483e-08,1.9432495984915212e-07,1.9432495984915212e-07
2024-03-05 03:30:00,0.16699073648005935,-0.7947667980390385,-0.7947667980390385,3.9703906244618233e-07,1.9631349763655823e-07,1.9631349763655823e-07
2024-03-05 04:00:00,0.6260054539861581,0.16699073648005935,0.16699073648005935,6.119008116964997e-07,5.001915891093876e-07,5.001915891093876e-07
2024-03-05 04:30:00,0.0022595720831564137,0.6260054539861581,0.6260054539861581,3.0203001942058185e-07,7.290249964908127e-07,7.290249964908127e-07
2024-03-05 05:00:00,0.3754507659961064,0.0022595720831564137,0.0022595720831564137,3.298039591379765e-07,2.9375407701764503e-07,2.9375407701764503e-07
2024-03-05 05:30:00,-0.06825666597637792,0.3754507659961064,0.3754507659961064,1.945131934755533e-07,3.9214950182008133e-07,3.9214950182008133e-07
2024-03-05 06:00:00,0.07949403593981685,-0.06825666597637792,-0.06825666597637792,2.3162837193155036e-07,2.5848024363117275e-07,2.5848024363117275e-07
2024-03-05 06:30:00,0.2949394392952698,0.07949403593981685,0.07949403593981685,3.091326885019748e-07,3.2238965342588497e-07,3.2238965342588497e-07
2024-03-05 07:00:00,0.12830111304745273,0.2949394392952698,0.2949394392952698,1.9905243265784052e-07,3.041869017044044e-07,3.041869017044044e-07
2024-03-05 07:30:00,-0.1595197844047238,0.12830111304745273,0.12830111304745273,2.7407307961683085e-07,4.727900428818932e-07,4.727900428818932e-07
2024-03-05 08:00:00,0.710306072381016,-0.1595197844047238,-0.1595197844047238,5.16409382139788e-07,2.799216364414362e-07,2.799216364414362e-07
2024-03-05 08:30:00,0.5021293600747381,0.710306072381016,0.710306072381016,5.966856647906725e-07,9.505139954894373e-07,9.505139954894373e-07
2024-03-05 16:30:00,0.24252804815744078,0.5021293600747381,0.5021293600747381,5.319757555440019e-07,8.921505993684723e-07,8.921505993684723e-07
2024-03-05 17:00:00,-0.09771547697581084,0.24252804815744078,0.24252804815744078,1.1001924117490892e-07,2.000034305534323e-07,2.000034305534323e-07
2024-03-05 17:30:00,-0.6365847386379286,-0.09771547697581084,-0.09771547697581084,7.443933713250633e-08,1.6505677612534296e-07,1.6505677612534296e-07
2024-03-05 18:00:00,-0.7079883068728705,-0.6365847386379286,-0.6365847386379286,6.426776095373248e-08,8.929070656570569e-08,8.929070656570569e-08
2024-03-05 18:30:00,0.9501785219341272,-0.7079883068728705,-0.7079883068728705,7.704145407224064e-07,1.8984304076543564e-07,1.8984304076543564e-07
2024-03-05 19:00:00,0.42211620371272573,0.9501785219341272,0.9501785219341272,1.8566146851035425e-07,4.0724826842655337e-07,4.0724826842655337e-07
2024-03-05 19:30:00,0.10832925635714119,0.42211620371272573,0.42211620371272573,2.211038242197707e-07,3.9144892814018147e-07,3.9144892814018147e-07
2024-03-05 20:00:00,0.05141661847415335,0.10832925635714119,0.10832925635714119,1.858415049262687e-07,2.5448516615067974e-07,2.5448516615067974e-07
2024-03-05 20:30:00,0.5569197526343643,0.05141661847415335,0.05141661847415335,3.5511882122984576e-07,2.7710182301948023e-07,2.7710182301948023e-07
2024-03-05 21:00:00,0.17574373830935563,0.5569197526343643,0.5569197526343643,2.0057493379300673e-07,3.7985881706531213e-07,3.7985881706531213e-07
2024-03-05 21:30:00,0.9212053239300602,0.17574373830935563,0.17574373830935563,3.018180281162069e-07,1.8526707228341226e-07,1.8526707228341226e-07
2024-03-05 22:00:00,0.057408663462302556,0.9212053239300602,0.9212053239300602,1.3756867427957266e-07,4.22147857530345e-07,4.22147857530345e-07
2024-03-05 22:30:00,0.22142374613649807,0.057408663462302556,0.057408663462302556,1.0620439479561781e-07,1.1660429765023451e-07,1.1660429765023451e-07
2024-03-05 23:00:00,0.29567780577016833,0.22142374613649807,0.22142374613649807,1.0611716615551644e-07,1.2745017308659523e-07,1.2745017308659523e-07
2024-03-05 23:30:00,0.1967025919631915,0.29567780577016833,0.29567780577016833,1.0129549956454352e-07,1.4466965776823306e-07,1.4466965776823306e-07
2024-03-06 00:00:00,-0.08994572497745068,0.1967025919631915,0.1967025919631915,5.7902166504822754e-08,9.97671372114247e-08,9.97671372114247e-08
2024-03-06 00:30:00,-0.01921460838683231,-0.08994572497745068,-0.08994572497745068,7.476377960722249e-08,9.011063066254046e-08,9.011063066254046e-08
2024-03-06 01:00:00,-0.06361739625173257,-0.01921460838683231,-0.01921460838683231,9.888300809689561e-08,1.3372372616222335e-07,1.3372372616222335e-07
2024-03-06 01:30:00,0.3331803938443443,-0.06361739625173257,-0.06361739625173257,1.6644154035771665e-07,1.4478966056665988e-07,1.4478966056665988e-07
2024-03-06 02:00:00,-0.3656220017631746,0.3331803938443443,0.3331803938443443,9.408361303278274e-08,2.447952156717118e-07,2.447952156717118e-07
2024-03-06 02:30:00,-0.39821243224984215,-0.3656220017631746,-0.3656220017631746,1.423422124837806e-07,1.9023502085965356e-07,1.9023502085965356e-07
2024-03-06 03:00:00,0.634629015518561,-0.39821243224984215,-0.39821243224984215,3.1829420796979617e-07,1.465798620475997e-07,1.465798620475997e-07
2024-03-06 03:30:00,-0.2794690575712888,0.634629015518561,0.634629015518561,2.671597303217203e-07,8.621079693512965e-07,8.621079693512965e-07
2024-03-06 04:00:00,0.8228047733138304,-0.2794690575712888,-0.2794690575712888,7.449890470413079e-07,3.200673393728875e-07,3.200673393728875e-07
2024-03-06 04:30:00,0.2799070706139908,0.8228047733138304,0.8228047733138304,4.0217096043333395e-07,8.95346415123748e-07,8.95346415123748e-07
2024-03-06 05:00:00,-0.29412754290222054,0.2799070706139908,0.2799070706139908,1.6883469595853554e-07,3.87761493485632e-07,3.87761493485632e-07
2024-03-06 05:30:00,0.5690097182004177,-0.29412754290222054,-0.29412754290222054,3.5946530735761614e-07,1.9615715176548595e-07,1.9615715176548595e-07
2024-03-06 06:00:00,0.2564382912646703,0.5690097182004177,0.5690097182004177,2.764634149950984e-07,4.888646433760333e-07,4.888646433760333e-07
2024-03-06 06:30:00,-0.5703824727897544,0.2564382912646703,0.2564382912646703,1.3566087135539548e-07,4.01181790071182e-07,4.01181790071182e-07
2024-03-06 07:00:00,0.7963271109020784,-0.5703824727897544,-0.5703824727897544,3.882285717297519e-07,1.2803714391278683e-07,1.2803714391278683e-07
2024-03-06 07:30:00,1.0084908179778456,0.7963271109020784,0.7963271109020784,7.863657509882243e-07,8.227842642276332e-07,8.227842642276332e-07
2024-03-06 08:00:00,-0.07753321464343621,1.0084908179778456,1.0084908179778456,2.3487666348619137e-07,9.001129869758172e-07,9.001129869758172e-07
2024-03-06 08:30:00,0.26029072520114127,-0.07753321464343621,-0.07753321464343621,5.08291894023109e-07,4.690304356039096e-07,4.690304356039096e-07
2024-03-06 16:30:00,-0.05763824744832213,0.26029072520114127,0.26029072520114127,3.940318014621812e-07,7.005013667127884e-07,7.005013667127884e-07
2024-03-06 17:00:00,0.12140708462704275,-0.05763824744832213,-0.05763824744832213,1.2113080475587913e-07,1.3100839229052182e-07,1.3100839229052182e-07
2024-03-06 17:30:00,0.6064818948875139,0.12140708462704275,0.12140708462704275,2.5802362759086753e-07,2.0549302136078402e-07,2.0549302136078402e-07
2024-03-06 18:00:00,0.08138474380356442,0.6064818948875139,0.6064818948875139,1.2668490788397955e-07,2.770604845550126e-07,2.770604845550126e-07
2024-03-06 18:30:00,0.035083945200618416,0.08138474380356442,0.08138474380356442,3.085346509620562e-07,4.180373071899689e-07,4.180373071899689e-07
2024-03-06 19:00:00,0.11297385638686919,0.035083945200618416,0.035083945200618416,1.362896780630565e-07,1.6309427679813528e-07,1.6309427679813528e-07
2024-03-06 19:30:00,0.46877046967657954,0.11297385638686919,0.11297385638686919,3.3839725485231087e-07,3.066967965100475e-07,3.066967965100475e-07
2024-03-06 20:00:00,0.7706622611883986,0.46877046967657954,0.46877046967657954,3.910089917714845e-07,3.7400699065634183e-07,3.7400699065634183e-07
2024-03-06 20:30:00,1.8947024006566675,0.7706622611883986,0.7706622611883986,1.3532103551032232e-06,5.688579039403888e-07,5.688579039403888e-07
2024-03-06 21:00:00,1.215022813444257,1.8947024006566675,1.8947024006566675,5.670610595262757e-07,1.4474842052861604e-06,1.4474842052861604e-06
2024-03-06 21:30:00,1.4656332069046023,1.215022813444257,1.215022813444257,5.202201892593486e-07,5.237830087621139e-07,5.237830087621139e-07
2024-03-06 22:00:00,0.6419916393204286,1.4656332069046023,1.4656332069046023,2.528931401451921e-07,7.454919379700773e-07,7.454919379700773e-07
2024-03-06 22:30:00,1.3546524069737913,0.6419916393204286,0.6419916393204286,3.2983553486956227e-07,2.0921639668589877e-07,2.0921639668589877e-07
2024-03-06 23:00:00,1.3522319392979743,1.3546524069737913,1.3546524069737913,3.2233065115339595e-07,4.1798020588284364e-07,4.1798020588284364e-07
2024-03-06 23:30:00,1.209173884487754,1.3522319392979743,1.3522319392979743,2.7880518491964913e-07,4.1613388797082583e-07,4.1613388797082583e-07
2024-03-07 00:00:00,0.599000136166973,1.209173884487754,1.209173884487754,1.1531882262322554e-07,2.7459852864846835e-07,2.7459852864846835e-07
2024-03-07 00:30:00,0.5540826656854225,0.599000136166973,0.599000136166973,1.2961633149568879e-07,1.7537595517067546e-07,1.7537595517067546e-07
2024-03-07 01:00:00,1.1517255889532905,0.5540826656854225,0.5540826656854225,3.1694202180338037e-07,2.2554318787831638e-07,2.2554318787831638e-07
2024-03-07 01:30:00,0.8215249750900799,1.1517255889532905,1.1517255889532905,2.712358452411735e-07,4.881511334900686e-07,4.881511334900686e-07
2024-03-07 02:00:00,1.1030652907024283,0.8215249750900799,0.8215249750900799,4.012185271881824e-07,3.916629476911997e-07,3.916629476911997e-07
2024-03-07 02:30:00,0.5758833524755147,1.1030652907024283,1.1030652907024283,3.488525753466483e-07,7.645344410211967e-07,7.645344410211967e-07
2024-03-07 03:00:00,1.0387385832639708,0.5758833524755147,0.5758833524755147,4.911480506584266e-07,3.999446266533141e-07,3.999446266533141e-07
2024-03-07 03:30:00,1.8126096170534325,1.0387385832639708,1.0387385832639708,2.164458286533492e-06,1.2914102083519011e-06,1.2914102083519011e-06
2024-03-07 04:00:00,0.5192639215850967,1.8126096170534325,1.8126096170534325,6.20427200829682e-07,2.9254093353854725e-06,2.9254093353854725e-06
2024-03-07 04:30:00,1.3544289909697689,0.5192639215850967,0.5192639215850967,1.322498364287543e-06,7.421479236229307e-07,7.421479236229307e-07
2024-03-07 05:00:00,0.9307802182720639,1.3544289909697689,1.3544289909697689,4.7208990350950006e-07,9.328588819233226e-07,9.328588819233226e-07
2024-03-07 05:30:00,0.5995962539258741,0.9307802182720639,0.9307802182720639,3.7930965890059e-07,6.833263757292003e-07,6.833263757292003e-07
2024-03-07 06:00:00,0.5392383267709349,0.5995962539258741,0.5995962539258741,3.671630050230485e-07,5.045160009512233e-07,5.045160009512233e-07
2024-03-07 06:30:00,0.04550737183729581,0.5392383267709349,0.5392383267709349,2.511494105543982e-07,5.323039718932505e-07,5.323039718932505e-07
2024-03-07 07:00:00,0.4353614905129355,0.04550737183729581,0.04550737183729581,2.909415487785097e-07,2.548573530375558e-07,2.548573530375558e-07
2024-03-07 07:30:00,0.8221281132490983,0.4353614905129355,0.4353614905129355,6.526619525316325e-07,5.734830682214847e-07,5.734830682214847e-07
2024-03-07 08:00:00,0.47654587764886536,0.8221281132490983,0.8221281132490983,3.855792895530703e-07,7.046948068474643e-07,7.046948068474643e-07
2024-03-07 08:30:00,1.103354078666591,0.47654587764886536,0.47654587764886536,1.181002851367347e-06,8.162712821353177e-07,8.162712821353177e-07
2024-03-07 16:30:00,2.4121428856962623,1.103354078666591,1.103354078666591,4.418667490794366e-06,1.5441677540613287e-06,1.5441677540613287e-06
2024-03-07 17:00:00,1.3332876411853647,2.4121428856962623,2.4121428856962623,4.3792636188464977e-07,1.6662681113632362e-06,1.6662681113632362e-06
2024-03-07 17:30:00,0.8831829570922451,1.3332876411853647,1.3332876411853647,3.4027435637881716e-07,6.904148374311189e-07,6.904148374311189e-07
2024-03-07 18:00:00,0.6753390461891549,0.8831829570922451,0.8831829570922451,2.2944360413346242e-07,3.6537963185855523e-07,3.6537963185855523e-07
2024-03-07 18:30:00,1.1446971829697326,0.6753390461891549,0.6753390461891549,9.570102378358033e-07,7.742475668241726e-07,7.742475668241726e-07
2024-03-07 19:00:00,0.4012685840222403,1.1446971829697326,1.1446971829697326,1.9274742693097792e-07,5.243948786946803e-07,5.243948786946803e-07
2024-03-07 19:30:00,0.9362158933254499,0.4012685840222403,0.4012685840222403,5.636282282636729e-07,4.270423885322242e-07,4.270423885322242e-07
2024-03-07 20:00:00,-0.3985341041906292,0.9362158933254499,0.9362158933254499,1.2436717604290142e-07,6.111998598783358e-07,6.111998598783358e-07
2024-03-07 20:30:00,-0.1257435387690755,-0.3985341041906292,-0.3985341041906292,1.8082913015512228e-07,1.780737359525958e-07,1.780737359525958e-07
2024-03-07 21:00:00,0.7674614427962823,-0.1257435387690755,-0.1257435387690755,3.8497445949211186e-07,2.038547509920886e-07,2.038547509920886e-07
2024-03-07 21:30:00,-0.18620008241989794,0.7674614427962823,0.7674614427962823,1.0330180249096607e-07,3.4680132794831416e-07,3.4680132794831416e-07
2024-03-07 22:00:00,-0.42485102392696206,-0.18620008241989794,-0.18620008241989794,8.924606141067037e-08,1.4656718955725325e-07,1.4656718955725325e-07
2024-03-07 22:30:00,0.49715596197153467,-0.42485102392696206,-0.42485102392696206,1.5498480133612044e-07,7.973876022256037e-08,7.973876022256037e-08
2024-03-07 23:00:00,0.16388045729848955,0.49715596197153467,0.49715596197153467,1.00851792425756e-07,1.820649089118843e-07,1.820649089118843e-07
2024-03-07 23:30:00,0.6311021940734118,0.16388045729848955,0.16388045729848955,1.59313526953509e-07,1.2916467172102957e-07,1.2916467172102957e-07
2024-03-08 00:00:00,1.2985741541673779,0.6311021940734118,0.6311021940734118,2.3440635676068824e-07,1.555582003378653e-07,1.555582003378653e-07
2024-03-08 00:30:00,0.17160957202323956,1.2985741541673779,1.2985741541673779,9.379459734921449e-08,3.744684533555523e-07,3.744684533555523e-07
2024-03-08 01:00:00,-0.14454761820153905,0.17160957202323956,0.17160957202323956,8.669928643497637e-08,1.538593029291146e-07,1.538593029291146e-07
2024-03-08 01:30:00,0.39270295877215844,-0.14454761820153905,-0.14454761820153905,1.8048275372287506e-07,1.3643118833572046e-07,1.3643118833572046e-07
2024-03-08 02:00:00,-0.24313827720252057,0.39270295877215844,0.39270295877215844,1.0549837330073375e-07,2.577454560858312e-07,2.577454560858312e-07
2024-03-08 02:30:00,0.596012363769292,-0.24313827720252057,-0.24313827720252057,3.658482179191218e-07,2.0448684075861663e-07,2.0448684075861663e-07
2024-03-08 03:00:00,0.3473252387894714,0.596012363769292,0.596012363769292,2.6480304877935965e-07,4.3926777206031235e-07,4.3926777206031235e-07
2024-03-08 03:30:00,0.08410887185168647,0.3473252387894714,0.3473252387894714,4.168857002504631e-07,7.016706783621e-07,7.016706783621e-07
2024-03-08 04:00:00,0.6674138207666616,0.08410887185168647,0.08410887185168647,8.254643297738344e-07,5.959023592182102e-07,5.959023592182102e-07
2024-03-08 04:30:00,0.22102730052495545,0.6674138207666616,0.6674138207666616,4.881427472080007e-07,9.867632297572465e-07,9.867632297572465e-07
2024-03-08 05:00:00,0.5856298438707821,0.22102730052495545,0.22102730052495545,4.301121423146766e-07,3.864023372826622e-07,3.864023372826622e-07
2024-03-08 05:30:00,0.4135035143348773,0.5856298438707821,0.5856298438707821,3.369604099966521e-07,5.177681209064447e-07,5.177681209064447e-07
2024-03-08 06:00:00,-0.010092828483346139,0.4135035143348773,0.4135035143348773,2.3504878246201235e-07,4.6443663996187e-07,4.6443663996187e-07
2024-03-08 06:30:00,-0.023860979322908094,-0.010092828483346139,-0.010092828483346139,2.343181183072035e-07,3.0731815505729337e-07,3.0731815505729337e-07
2024-03-08 07:00:00,0.5736325088203635,-0.023860979322908094,-0.023860979322908094,3.6930230834451124e-07,2.6284323979307323e-07,2.6284323979307323e-07
2024-03-08 07:30:00,1.0689366620958793,0.5736325088203635,0.5736325088203635,9.362206924870417e-07,7.3802876569589e-07,7.3802876569589e-07
2024-03-08 08:00:00,0.9639168156385054,1.0689366620958793,1.0689366620958793,6.528648477594306e-07,9.380710635094358e-07,9.380710635094358e-07
2024-03-08 08:30:00,0.7667094711770392,0.9639168156385054,0.9639168156385054,9.112442897481992e-07,1.4357664328173316e-06,1.4357664328173316e-06
2024-03-08 16:30:00,1.2326538325329448,0.7667094711770392,0.7667094711770392,1.5580737546931955e-06,1.2648349610314607e-06,1.2648349610314607e-06
2024-03-08 17:00:00,-0.36139654789950626,1.2326538325329448,1.2326538325329448,9.094668200159499e-08,5.792646920632533e-07,5.792646920632533e-07
2024-03-08 17:30:00,-0.006863630994816461,-0.36139654789950626,-0.36139654789950626,1.7486062651239965e-07,1.5868038843323403e-07,1.5868038843323403e-07
2024-03-08 18:00:00,0.8943655115354048,-0.006863630994816461,-0.006863630994816461,2.9750610949823276e-07,1.562787610097961e-07,1.562787610097961e-07
2024-03-08 18:30:00,-0.5465729591569044,0.8943655115354048,0.8943655115354048,1.7636292524098873e-07,9.638330949209952e-07,9.638330949209952e-07
2024-03-08 19:00:00,1.0427638241716526,-0.5465729591569044,-0.5465729591569044,4.1311299164658077e-07,1.0905148209289522e-07,1.0905148209289522e-07
2024-03-08 19:30:00,-1.051449545707591,1.0427638241716526,1.0427638241716526,8.226839514739784e-08,8.640547263618092e-07,8.640547263618092e-07
2024-03-08 20:00:00,-1.0653488357995542,-1.051449545707591,-1.051449545707591,6.234724340937865e-08,8.178177943060741e-08,8.178177943060741e-08
2024-03-10 18:30:00,1.4334695772016204,-1.0653488357995542,-1.0653488357995542,1.2774056746617907e-06,1.3580279467218016e-07,1.3580279467218016e-07
2024-03-10 19:00:00,1.6252386292971543,1.4334695772016204,1.4334695772016204,7.977827919968585e-07,8.519288735458296e-07,8.519288735458296e-07
2024-03-10 19:30:00,1.6407367159673356,1.6252386292971543,1.6252386292971543,1.2146038770818524e-06,1.5470588831074506e-06,1.5470588831074506e-06
2024-03-10 20:00:00,1.1405334734542922,1.6407367159673356,1.6407367159673356,5.660043529199232e-07,1.207419522321998e-06,1.207419522321998e-06
2024-03-10 20:30:00,0.8047658749890054,1.1405334734542922,1.1405334734542922,4.5854662042911166e-07,8.298668689625996e-07,8.298668689625996e-07
2024-03-10 21:00:00,0.4539579553251638,0.8047658749890054,0.8047658749890054,3.068379665499897e-07,5.637232589352585e-07,5.637232589352585e-07
2024-03-10 21:30:00,0.7869909052718,0.4539579553251638,0.4539579553251638,2.7337536461628883e-07,2.534707892415306e-07,2.534707892415306e-07
2024-03-10 22:00:00,1.2113037480823277,0.7869909052718,0.7869909052718,4.583128648117788e-07,3.8787182720749555e-07,3.8787182720749555e-07
2024-03-10 22:30:00,1.2240361983472905,1.2113037480823277,1.2113037480823277,3.496556860697548e-07,4.4659502056709155e-07,4.4659502056709155e-07
2024-03-10 23:00:00,1.0718029076063011,1.2240361983472905,1.2240361983472905,2.5943782115587723e-07,3.907961537829534e-07,3.907961537829534e-07
2024-03-10 23:30:00,0.5407009005367964,1.0718029076063011,1.0718029076063011,1.4752636281787332e-07,3.2458408412722525e-07,3.2458408412722525e-07
2024-03-11 00:00:00,1.0671296472367953,0.5407009005367964,0.5407009005367964,1.9055019793036674e-07,1.456086645288131e-07,1.456086645288131e-07
2024-03-11 00:30:00,1.2564323298056888,1.0671296472367953,1.0671296472367953,2.982425680402214e-07,3.192709717091188e-07,3.192709717091188e-07
2024-03-11 01:00:00,0.3058933426104531,1.2564323298056888,1.2564323298056888,1.3603151873475538e-07,4.5525664972245026e-07,4.5525664972245026e-07
2024-03-11 01:30:00,0.38354742297316413,0.3058933426104531,0.3058933426104531,1.8369423622773684e-07,2.1987391295604005e-07,2.1987391295604005e-07
2024-03-11 02:00:00,0.8788913032661139,0.38354742297316413,0.38354742297316413,3.239940379763597e-07,2.55396428049438e-07,2.55396428049438e-07
2024-03-11 02:30:00,-0.08647189994674953,0.8788913032661139,0.8788913032661139,2.0703693781266703e-07,7.032385374670669e-07,7.032385374670669e-07
2024-03-11 03:00:00,-0.18468209152828763,-0.08647189994674953,-0.08647189994674953,1.7136746447046477e-07,2.445588759278676e-07,2.445588759278676e-07
2024-03-11 03:30:00,0.3948761606436477,-0.18468209152828763,-0.18468209152828763,5.689487618339638e-07,4.122656207478349e-07,4.122656207478349e-07
2024-03-11 04:00:00,-0.0030487027460175398,0.3948761606436477,0.3948761606436477,4.4538880513466066e-07,8.577461620213647e-07,8.577461620213647e-07
2024-03-11 04:30:00,1.7823800117269926,-0.0030487027460175398,-0.0030487027460175398,2.569612331319132e-06,5.575305677972124e-07,5.575305677972124e-07
2024-03-11 05:00:00,2.3466713076308494,1.7823800117269926,1.7823800117269926,3.0934129913205987e-06,2.2759998199734177e-06,2.2759998199734177e-06
2024-03-11 05:30:00,1.4211894165390966,2.3466713076308494,2.3466713076308494,9.90358346157661e-07,3.2324138474705998e-06,3.2324138474705998e-06
2024-03-11 06:00:00,0.7428225044788963,1.4211894165390966,1.4211894165390966,5.027222487244393e-07,1.2815690980305451e-06,1.2815690980305451e-06
2024-03-11 06:30:00,1.0277941128309624,0.7428225044788963,0.7428225044788963,6.707085991635446e-07,6.52492000672422e-07,6.52492000672422e-07
2024-03-11 07:00:00,1.3175937577080319,1.0277941128309624,1.0277941128309624,9.092454510962817e-07,8.802897897757851e-07,8.802897897757851e-07
2024-03-11 07:30:00,0.9790436206635444,1.3175937577080319,1.3175937577080319,9.698355715746187e-07,1.7600762379294727e-06,1.7600762379294727e-06
2024-03-11 08:00:00,0.8145196444525542,0.9790436206635444,0.9790436206635444,5.994560613051284e-07,9.141387631089637e-07,9.141387631089637e-07
2024-03-11 08:30:00,1.202323869869618,0.8145196444525542,0.8145196444525542,1.5486878432493033e-06,1.359394687584449e-06,1.359394687584449e-06
2024-03-11 16:30:00,-0.03568749894054868,1.202323869869618,1.202323869869618,5.067047212792612e-07,2.260577346551654e-06,2.260577346551654e-06
2024-03-11 17:00:00,1.1975073758669375,-0.03568749894054868,-0.03568749894054868,4.323248816672035e-07,1.62945892110878e-07,1.62945892110878e-07
2024-03-11 17:30:00,-0.9690757695571115,1.1975073758669375,1.1975073758669375,6.602552201314077e-08,7.455038016374446e-07,7.455038016374446e-07
2024-03-11 18:00:00,0.15823971052433983,-0.9690757695571115,-0.9690757695571115,1.5916157034661163e-07,6.668900492705809e-08,6.668900492705809e-08
2024-03-11 18:30:00,1.0478367386637029,0.15823971052433983,0.15823971052433983,9.149262124607523e-07,4.862301714208371e-07,4.862301714208371e-07
2024-03-11 19:00:00,-0.3080343243490695,1.0478367386637029,1.0478367386637029,1.1740915326597351e-07,5.893213718124388e-07,5.893213718124388e-07
2024-03-11 19:30:00,-0.7417773591541597,-0.3080343243490695,-0.3080343243490695,1.1972301873407616e-07,2.3897517020791667e-07,2.3897517020791667e-07
2024-03-11 20:00:00,-0.8754586681420733,-0.7417773591541597,-0.7417773591541597,7.719338164440173e-08,1.141405696750135e-07,1.141405696750135e-07
2024-03-11 20:30:00,-0.33310039095287536,-0.8754586681420733,-0.8754586681420733,1.6585089785893703e-07,1.2473189896627211e-07,1.2473189896627211e-07
2024-03-11 21:00:00,0.74490104038642,-0.33310039095287536,-0.33310039095287536,4.475906826893593e-07,1.9702161676600118e-07,1.9702161676600118e-07
2024-03-11 21:30:00,0.11348141193608186,0.74490104038642,0.74490104038642,1.6357462888768995e-07,3.9786974753129256e-07,3.9786974753129256e-07
2024-03-11 22:00:00,0.17418972655439013,0.11348141193608186,0.11348141193608186,1.658836494681357e-07,2.0194876869996922e-07,2.0194876869996922e-07
2024-03-11 22:30:00,0.1212516443021503,0.17418972655439013,0.17418972655439013,1.1848732138636869e-07,1.6160898880775702e-07,1.6160898880775702e-07
2024-03-11 23:00:00,-0.3515647301394367,0.1212516443021503,0.1212516443021503,6.407692900744953e-08,1.32998317194307e-07,1.32998317194307e-07
2024-03-11 23:30:00,-0.215868686194451,-0.3515647301394367,-0.3515647301394367,7.34088250149052e-08,8.291233460419138e-08,8.291233460419138e-08
2024-03-12 00:00:00,0.3160535013856993,-0.215868686194451,-0.215868686194451,8.991272882820393e-08,6.83302834057212e-08,6.83302834057212e-08
2024-03-12 00:30:00,-0.3334159115344555,0.3160535013856993,0.3160535013856993,6.297423794175801e-08,1.559648806533405e-07,1.559648806533405e-07
2024-03-12 01:00:00,-0.1616678553944908,-0.3334159115344555,-0.3334159115344555,9.006994467961117e-08,9.812814231963534e-08,9.812814231963534e-08
2024-03-12 01:30:00,0.33757989102035424,-0.1616678553944908,-0.1616678553944908,1.8459473507000106e-07,1.4494448082931164e-07,1.4494448082931164e-07
2024-03-12 02:00:00,-0.3502244843571418,0.33757989102035424,0.33757989102035424,9.684369271328213e-08,2.492205787095096e-07,2.492205787095096e-07
2024-03-12 02:30:00,-0.07263452518258973,-0.3502244843571418,-0.3502244843571418,2.0992169823743965e-07,2.0573323631395675e-07,2.0573323631395675e-07
2024-03-12 03:00:00,0.30338149844948425,-0.07263452518258973,-0.07263452518258973,2.7918475191082603e-07,2.4796645031655924e-07,2.4796645031655924e-07
2024-03-12 03:30:00,-0.5475666979620133,0.30338149844948425,0.30338149844948425,2.3529891369709673e-07,7.12828315168699e-07,7.12828315168699e-07
2024-03-12 04:00:00,-0.5214832021990219,-0.5475666979620133,-0.5475666979620133,2.652076544016092e-07,3.3424202243965196e-07,3.3424202243965196e-07
2024-03-12 04:30:00,0.46489448552146584,-0.5214832021990219,-0.5214832021990219,7.581567048627685e-07,3.657493032723856e-07,3.657493032723856e-07
2024-03-12 05:00:00,1.6296639572539675,0.46489448552146584,0.46489448552146584,1.635541267974837e-06,6.601026355437951e-07,6.601026355437951e-07
2024-03-12 05:30:00,-0.013519197315089215,1.6296639572539675,1.6296639572539675,2.5929424574157156e-07,1.7346871847042784e-06,1.7346871847042784e-06
2024-03-12 06:00:00,0.16235926915996757,-0.013519197315089215,-0.013519197315089215,3.0512371058680635e-07,3.31051701195223e-07,3.31051701195223e-07
2024-03-12 06:30:00,0.48762425218310845,0.16235926915996757,0.16235926915996757,4.0253330254837517e-07,3.7613516998592653e-07,3.7613516998592653e-07
2024-03-12 07:00:00,0.44500996833442663,0.48762425218310845,0.48762425218310845,4.393927039118124e-07,5.931477725243183e-07,5.931477725243183e-07
2024-03-12 07:30:00,0.29108576862811475,0.44500996833442663,0.44500996833442663,5.64680440526824e-07,8.520284366520851e-07,8.520284366520851e-07
2024-03-12 08:00:00,-0.094358350548708,0.29108576862811475,0.29108576862811475,2.585624882684895e-07,4.917730068280699e-07,4.917730068280699e-07
2024-03-12 08:30:00,0.4862485391558522,-0.094358350548708,-0.094358350548708,8.041213317633366e-07,5.820631820189473e-07,5.820631820189473e-07
2024-03-12 16:30:00,0.10701163145691162,0.4862485391558522,0.4862485391558522,5.844244755706331e-07,1.1046680836069221e-06,1.1046680836069221e-06
2024-03-12 17:00:00,0.22946957245970268,0.10701163145691162,0.10701163145691162,1.788394306527252e-07,2.0468375931667145e-07,2.0468375931667145e-07
2024-03-12 17:30:00,-0.6302448278722039,0.22946957245970268,0.22946957245970268,7.491277507875446e-08,2.289433428659607e-07,2.289433428659607e-07
2024-03-12 18:00:00,-0.4894306605405525,-0.6302448278722039,-0.6302448278722039,9.174915784380366e-08,1.0309798683658387e-07,1.0309798683658387e-07
2024-03-12 18:30:00,-0.7248433115954533,-0.4894306605405525,-0.4894306605405525,2.0245669952469045e-07,3.314160083334715e-07,3.314160083334715e-07
2024-03-12 19:00:00,-0.8128856858806373,-0.7248433115954533,-0.7248433115954533,7.086761147259943e-08,1.0011220504059687e-07,1.0011220504059687e-07
2024-03-12 19:30:00,-0.7639449970139225,-0.8128856858806373,-0.8128856858806373,1.1709824224328562e-07,1.4424428626555056e-07,1.4424428626555056e-07
2024-03-12 20:00:00,-0.7655966946165655,-0.7639449970139225,-0.7639449970139225,8.615738629318331e-08,1.1163818135323358e-07,1.1163818135323358e-07
2024-03-12 20:30:00,-0.6152824228431122,-0.7655966946165655,-0.7655966946165655,1.2507419824612422e-07,1.39216266646077e-07,1.39216266646077e-07
2024-03-12 21:00:00,-0.23835541472938715,-0.6152824228431122,-0.6152824228431122,2.0709728426838706e-07,1.8377227786535007e-07,1.8377227786535007e-07
2024-03-12 21:30:00,-0.09829900312671036,-0.23835541472938715,-0.23835541472938715,1.5029116105653943e-07,1.6900930938457377e-07,1.6900930938457377e-07
2024-03-12 22:00:00,-0.1997776719277038,-0.09829900312671036,-0.09829900312671036,1.1614794012569167e-07,1.66297627052963e-07,1.66297627052963e-07
2024-03-12 22:30:00,0.05298671463670068,-0.1997776719277038,-0.1997776719277038,1.1612555446888414e-07,1.1666928507743395e-07,1.1666928507743395e-07
2024-03-12 23:00:00,0.5563136759989149,0.05298671463670068,0.05298671463670068,1.5493843308334078e-07,1.2116298158365723e-07,1.2116298158365723e-07
2024-03-12 23:30:00,0.43922006280873305,0.5563136759989149,0.5563136759989149,1.4133499296998863e-07,2.0554443641656678e-07,2.0554443641656678e-07
2024-03-13 00:00:00,0.37837070807505313,0.43922006280873305,0.43922006280873305,9.569410778220643e-08,1.31557208861796e-07,1.31557208861796e-07
2024-03-13 00:30:00,0.5222912497752681,0.37837070807505313,0.37837070807505313,1.4571022685239943e-07,1.63225892336347e-07,1.63225892336347e-07
2024-03-13 01:00:00,-0.5195286657957574,0.5222912497752681,0.5222912497752681,6.297423794175801e-08,2.3089922514216075e-07,2.3089922514216075e-07
2024-03-13 01:30:00,-0.27450065856371,-0.5195286657957574,-0.5195286657957574,1.0009124814003908e-07,1.013408885345512e-07,1.013408885345512e-07
2024-03-13 02:00:00,-0.36678168058225147,-0.27450065856371,-0.27450065856371,9.322837521649746e-08,1.3225989339932368e-07,1.3225989339932368e-07
2024-03-13 02:30:00,-0.4705420194517913,-0.36678168058225147,-0.36678168058225147,1.410094770698248e-07,2.0235491568664096e-07,2.0235491568664096e-07
2024-03-13 03:00:00,-0.3794297935524096,-0.4705420194517913,-0.4705420194517913,1.4104266932085737e-07,1.665650563213792e-07,1.665650563213792e-07
2024-03-13 03:30:00,-0.016466429252535164,-0.3794297935524096,-0.3794297935524096,3.77076389154472e-07,3.3931203801825834e-07,3.3931203801825834e-07
2024-03-13 04:00:00,-0.6737901220391844,-0.016466429252535164,-0.016466429252535164,2.271466033438585e-07,5.669975911384307e-07,5.669975911384307e-07
2024-03-13 04:30:00,0.24287750656580975,-0.6737901220391844,-0.6737901220391844,6.072090436349779e-07,3.1407795365032543e-07,3.1407795365032543e-07
2024-03-13 05:00:00,0.2967144158286832,0.24287750656580975,0.24287750656580975,4.5535621648711997e-07,5.581785093956297e-07,5.581785093956297e-07
2024-03-13 05:30:00,1.0394580071864574,0.2967144158286832,0.2967144158286832,7.092930385688804e-07,4.365753074513112e-07,4.365753074513112e-07
2024-03-13 06:00:00,0.4157002376350629,1.0394580071864574,1.0394580071864574,3.930977353177759e-07,9.488509864682081e-07,9.488509864682081e-07
2024-03-13 06:30:00,0.41678313967264025,0.4157002376350629,0.4157002376350629,3.750040103485653e-07,4.845833947498796e-07,4.845833947498796e-07
2024-03-13 07:00:00,-0.667910416157099,0.41678313967264025,0.41678313967264025,1.5362143959226743e-07,5.879375126504704e-07,5.879375126504704e-07
2024-03-13 07:30:00,-0.08791682598311468,-0.667910416157099,-0.667910416157099,3.996644594672715e-07,2.8947457732002434e-07,2.8947457732002434e-07
2024-03-13 08:00:00,-0.24901033239558856,-0.08791682598311468,-0.08791682598311468,2.0695320454285017e-07,3.145119061693443e-07,3.145119061693443e-07
2024-03-13 08:30:00,-0.48926109611025126,-0.24901033239558856,-0.24901033239558856,3.3763386458582935e-07,5.553777733880903e-07,5.553777733880903e-07
2024-03-13 16:30:00,-0.7345802790182177,-0.48926109611025126,-0.48926109611025126,2.519008732641368e-07,4.1646005753717337e-07,4.1646005753717337e-07
2024-03-13 17:00:00,-0.9483740251516455,-0.7345802790182177,-0.7345802790182177,6.209431754456636e-08,9.947277113060721e-08,9.947277113060721e-08
2024-03-13 17:30:00,-0.20039529175832094,-0.9483740251516455,-0.9483740251516455,1.151429009479127e-07,7.050128695031812e-08,7.050128695031812e-08
2024-03-13 18:00:00,-0.49133782880881327,-0.20039529175832094,-0.20039529175832094,9.157434351448271e-08,1.5846431097732252e-07,1.5846431097732252e-07
2024-03-13 18:30:00,-0.4843879640384845,-0.49133782880881327,-0.49133782880881327,1.9767390275758946e-07,2.5394166523159026e-07,2.5394166523159026e-07
2024-03-13 19:00:00,-0.47343645587576866,-0.4843879640384845,-0.4843879640384845,9.857296448954578e-08,1.2612597963223225e-07,1.2612597963223225e-07
2024-03-13 19:30:00,-1.1576891590242635,-0.47343645587576866,-0.47343645587576866,7.898587963933016e-08,2.0254407651504484e-07,2.0254407651504484e-07
2024-03-13 20:00:00,-0.9396490728146851,-1.1576891590242635,-1.1576891590242635,7.239399244633466e-08,7.530292331118076e-08,7.530292331118076e-08
2024-03-13 20:30:00,-0.3577620003086892,-0.9396490728146851,-0.9396490728146851,1.6181077058822807e-07,1.1697686976816296e-07,1.1697686976816296e-07
2024-03-13 21:00:00,-0.735478998357241,-0.3577620003086892,-0.3577620003086892,1.2081678629344533e-07,2.280187715774273e-07,2.280187715774273e-07
2024-03-13 21:30:00,-0.12044092435591125,-0.735478998357241,-0.735478998357241,1.390009801882211e-07,9.721049069326342e-08,9.721049069326342e-08
2024-03-13 22:00:00,-0.07127101383113477,-0.12044092435591125,-0.12044092435591125,1.3207519012221624e-07,1.6265594380711123e-07,1.6265594380711123e-07
2024-03-13 22:30:00,-0.23431990346674425,-0.07127101383113477,-0.07127101383113477,9.1105538169129e-08,1.3872633895322041e-07,1.3872633895322041e-07
2024-03-13 23:00:00,-0.3710612557804396,-0.23431990346674425,-0.23431990346674425,6.605030977854608e-08,9.796338604744014e-08,9.796338604744014e-08
2024-03-13 23:30:00,-0.004705298028998328,-0.3710612557804396,-0.3710612557804396,9.799155155884819e-08,8.787901441995252e-08,8.787901441995252e-08
2024-03-14 00:00:00,-0.18407651453575724,-0.004705298028998328,-0.004705298028998328,6.169234222736653e-08,9.548476924995081e-08,9.548476924995081e-08
2024-03-14 00:30:00,-0.36158584218739165,-0.18407651453575724,-0.18407651453575724,6.381354822874893e-08,9.858415746561649e-08,9.858415746561649e-08
2024-03-14 01:00:00,-0.6805965353672221,-0.36158584218739165,-0.36158584218739165,5.3605831115583396e-08,9.540245086914366e-08,9.540245086914366e-08
2024-03-14 01:30:00,-0.5102067667152816,-0.6805965353672221,-0.6805965353672221,7.515242812337322e-08,8.198730196189424e-08,8.198730196189424e-08
2024-03-14 02:00:00,-0.6133268250096808,-0.5102067667152816,-0.5102067667152816,7.285760982750873e-08,1.044870111120749e-07,1.044870111120749e-07
2024-03-14 02:30:00,-0.4998202718818874,-0.6133268250096808,-0.6133268250096808,1.2973453885091607e-07,1.498177453748095e-07,1.498177453748095e-07
2024-03-14 03:00:00,-0.580939952718218,-0.4998202718818874,-0.4998202718818874,1.0466043382309234e-07,1.4683016087214448e-07,1.4683016087214448e-07
2024-03-14 03:30:00,-0.26856553333162836,-0.580939952718218,-0.580939952718218,2.9579767699938053e-07,2.799852718766156e-07,2.799852718766156e-07
2024-03-14 04:00:00,-0.9781532120507546,-0.26856553333162836,-0.26856553333162836,1.5916491699456374e-07,4.186202904365942e-07,4.186202904365942e-07
2024-03-14 04:30:00,-0.36729860694631533,-0.9781532120507546,-0.9781532120507546,3.746473348285324e-07,2.6310843870951554e-07,2.6310843870951554e-07
2024-03-14 05:00:00,-0.3046283059738286,-0.36729860694631533,-0.36729860694631533,2.596516261008821e-07,3.154834599513287e-07,3.154834599513287e-07
2024-03-14 05:30:00,-0.23367931447256218,-0.3046283059738286,-0.3046283059738286,1.9856796450770237e-07,2.3927611171634184e-07,2.3927611171634184e-07
2024-03-14 06:00:00,-0.6276286781417042,-0.23367931447256218,-0.23367931447256218,1.4770355304837932e-07,2.8332434379479394e-07,2.8332434379479394e-07
2024-03-14 06:30:00,-0.7835303171773731,-0.6276286781417042,-0.6276286781417042,1.2530487249620242e-07,1.8944279594567622e-07,1.8944279594567622e-07
2024-03-14 07:00:00,-0.8750678078130374,-0.7835303171773731,-0.7835303171773731,1.1736817384168038e-07,1.663824399058829e-07,1.663824399058829e-07
2024-03-14 07:30:00,-0.3837354442147003,-0.8750678078130374,-0.8750678078130374,3.0269243925590567e-07,2.395639984831289e-07,2.395639984831289e-07
2024-03-14 08:00:00,-0.6659401672733374,-0.3837354442147003,-0.3837354442147003,1.349910549172889e-07,2.3156230264090473e-07,2.3156230264090473e-07
2024-03-14 08:30:00,-0.6004298929293075,-0.6659401672733374,-0.6659401672733374,2.7125836303950053e-07,3.2865125892088726e-07,3.2865125892088726e-07
2024-03-14 16:30:00,0.23290906392360355,-0.6004298929293075,-0.6004298929293075,6.553518303536101e-07,3.684367311398411e-07,3.684367311398411e-07
2024-03-14 17:00:00,0.8050019797384529,0.23290906392360355,0.23290906392360355,3.179902669011866e-07,2.3214532653538555e-07,2.3214532653538555e-07
2024-03-14 17:30:00,-0.42543532921624383,0.8050019797384529,0.8050019797384529,9.227508530608715e-08,4.0856344163194565e-07,4.0856344163194565e-07
2024-03-14 18:00:00,-0.01695408970750023,-0.42543532921624383,-0.42543532921624383,1.3358340666017425e-07,1.1485615691368088e-07,1.1485615691368088e-07
2024-03-14 18:30:00,-0.8452123473080668,-0.01695408970750023,-0.01695408970750023,1.377987564092613e-07,4.080902354626628e-07,4.080902354626628e-07
2024-03-14 19:00:00,0.24950835005446237,-0.8452123473080668,-0.8452123473080668,1.8687980738432712e-07,8.089731993157837e-08,8.089731993157837e-08
2024-03-14 19:30:00,-0.33875972168544344,0.24950835005446237,0.24950835005446237,1.6778389932838246e-07,3.9087219258927136e-07,3.9087219258927136e-07
2024-03-14 20:00:00,0.20733557142087378,-0.33875972168544344,-0.33875972168544344,2.2171559136568275e-07,1.6612422821653986e-07,1.6612422821653986e-07
2024-03-14 20:30:00,0.28565569015464654,0.20733557142087378,0.20733557142087378,3.079216169510078e-07,3.683232190080317e-07,3.683232190080317e-07
2024-03-14 21:00:00,0.3577188182932094,0.28565569015464654,0.28565569015464654,3.604931848678066e-07,4.339136918022435e-07,4.339136918022435e-07
2024-03-14 21:30:00,0.38156601708003457,0.3577188182932094,0.3577188182932094,2.2963427306938477e-07,2.900567087379813e-07,2.900567087379813e-07
2024-03-14 22:00:00,1.0924879369991523,0.38156601708003457,0.38156601708003457,4.155424795413024e-07,2.6403948334296534e-07,2.6403948334296534e-07
2024-03-14 22:30:00,0.3119728367422816,1.0924879369991523,1.0924879369991523,1.5171315014324314e-07,4.28350759637008e-07,4.28350759637008e-07
2024-03-14 23:00:00,0.2963182638125694,0.3119728367422816,0.3119728367422816,1.2874017688722503e-07,1.6916702446481108e-07,1.6916702446481108e-07
2024-03-14 23:30:00,0.12250285922279858,0.2963182638125694,0.2963182638125694,1.126138245742213e-07,1.733331755288045e-07,1.733331755288045e-07
2024-03-15 00:00:00,0.2865115684895585,0.12250285922279858,0.12250285922279858,9.876545454181201e-08,1.0843760166938012e-07,1.0843760166938012e-07
2024-03-15 00:30:00,0.18544845662917098,0.2865115684895585,0.2865115684895585,1.1027748952094301e-07,1.5782686750372707e-07,1.5782686750372707e-07
2024-03-15 01:00:00,-0.02276936721565903,0.18544845662917098,0.18544845662917098,1.0349103802035116e-07,1.6486691412740632e-07,1.6486691412740632e-07
2024-03-15 01:30:00,0.4522347635228421,-0.02276936721565903,-0.02276936721565903,1.9317222660685517e-07,1.5540175788184182e-07,1.5540175788184182e-07
2024-03-15 02:00:00,0.31421197571344983,0.4522347635228421,0.4522347635228421,1.7947735234179846e-07,2.6653552605579684e-07,2.6653552605579684e-07
2024-03-15 02:30:00,0.04711499141940223,0.31421197571344983,0.31421197571344983,2.18531659699059e-07,3.692461916995442e-07,3.692461916995442e-07
2024-03-15 03:00:00,0.04429882543098529,0.04711499141940223,0.04711499141940223,1.9557812660118922e-07,2.5371505685824124e-07,2.5371505685824124e-07
2024-03-15 03:30:00,-0.19134109280330236,0.04429882543098529,0.04429882543098529,3.1954564820490364e-07,5.232062676341692e-07,5.232062676341692e-07
2024-03-15 04:00:00,-0.4040685402673141,-0.19134109280330236,-0.19134109280330236,2.825980444206887e-07,4.5222901483288754e-07,4.5222901483288754e-07
2024-03-15 04:30:00,-0.1568780166595527,-0.4040685402673141,-0.4040685402673141,4.623886324750963e-07,4.671502467621635e-07,4.671502467621635e-07
2024-03-15 05:00:00,-0.05662337572249321,-0.1568780166595527,-0.1568780166595527,3.3273479563943027e-07,3.8936875310262336e-07,3.8936875310262336e-07
2024-03-15 05:30:00,0.39691407746906293,-0.05662337572249321,-0.05662337572249321,3.730546127977827e-07,3.066242616266212e-07,3.066242616266212e-07
2024-03-15 06:00:00,0.4348842127758683,0.39691407746906293,0.39691407746906293,4.2739991158206804e-07,5.32288547312237e-07,5.32288547312237e-07
2024-03-15 06:30:00,-0.2147851222976982,0.4348842127758683,0.4348842127758683,2.2129462150392174e-07,5.481779724724786e-07,5.481779724724786e-07
2024-03-15 07:00:00,-0.43157665420747726,-0.2147851222976982,-0.2147851222976982,1.8287574490060934e-07,2.9383964350617923e-07,2.9383964350617923e-07
2024-03-15 07:30:00,-0.4008892603436838,-0.43157665420747726,-0.43157665420747726,2.975443893949606e-07,3.732736332173591e-07,3.732736332173591e-07
2024-03-15 08:00:00,0.42403892150733213,-0.4008892603436838,-0.4008892603436838,4.0149199889339834e-07,2.2762400050543978e-07,2.2762400050543978e-07
2024-03-15 08:30:00,0.5230706146805169,0.42403892150733213,0.42403892150733213,8.342826413703758e-07,9.77478477843048e-07,9.77478477843048e-07
2024-03-15 16:30:00,0.35444081216524737,0.5230706146805169,0.5230706146805169,7.400398123647156e-07,1.1331645807670564e-06,1.1331645807670564e-06
2024-03-15 17:00:00,0.31315451799785876,0.35444081216524737,0.35444081216524737,1.9444966024567588e-07,2.621443565632455e-07,2.621443565632455e-07
2024-03-15 17:30:00,0.8541156877852583,0.31315451799785876,0.31315451799785876,2.446750848266991e-07,1.8427066828146053e-07,1.8427066828146053e-07
2024-03-15 18:00:00,0.7239893832376563,0.8541156877852583,0.8541156877852583,2.8777561702252127e-07,4.2400408822604476e-07,4.2400408822604476e-07
2024-03-15 18:30:00,-0.3244504009978044,0.7239893832376563,0.7239893832376563,2.2022868974120737e-07,8.128462792637899e-07,8.128462792637899e-07
2024-03-15 19:00:00,1.3663699727168837,-0.3244504009978044,-0.3244504009978044,5.709646458902736e-07,1.361752476198629e-07,1.361752476198629e-07
2024-03-15 19:30:00,0.2710427476799442,1.3663699727168837,1.3663699727168837,2.715305892371203e-07,1.0503069663930036e-06,1.0503069663930036e-06
2024-03-15 20:00:00,-0.2593045955542532,0.2710427476799442,0.2710427476799442,1.4294612284551917e-07,3.142694889688211e-07,3.142694889688211e-07
2024-03-17 18:30:00,0.34620142150131095,-0.2593045955542532,-0.2593045955542532,3.901780324469131e-07,2.754849048138303e-07,2.754849048138303e-07
2024-03-17 19:00:00,0.9490027655809783,0.34620142150131095,0.34620142150131095,3.7613949971915184e-07,2.662922697805086e-07,2.662922697805086e-07
2024-03-17 19:30:00,0.658179612131601,0.9490027655809783,0.9490027655809783,3.998988599532691e-07,6.919201385483441e-07,6.919201385483441e-07
2024-03-17 20:00:00,0.39092374524581963,0.658179612131601,0.658179612131601,2.4632327989074433e-07,4.1627096639702273e-07,4.1627096639702273e-07
2024-03-17 20:30:00,0.8495544026305701,0.39092374524581963,0.39092374524581963,6.628567742167212e-07,5.420531212962704e-07,5.420531212962704e-07
2024-03-17 21:00:00,-0.36931980133914877,0.8495544026305701,0.8495544026305701,2.1617315277956932e-07,9.461391464666475e-07,9.461391464666475e-07
2024-03-17 21:30:00,0.5441668626022782,-0.36931980133914877,-0.36931980133914877,2.8572801221527834e-07,1.482632502926728e-07,1.482632502926728e-07
2024-03-17 22:00:00,0.37100607543207786,0.5441668626022782,0.5441668626022782,2.0196673076744623e-07,3.1066013328664856e-07,3.1066013328664856e-07
2024-03-17 22:30:00,0.48343158947442255,0.37100607543207786,0.37100607543207786,1.9021795695809404e-07,2.199017303437978e-07,2.199017303437978e-07
2024-03-17 23:00:00,-0.05621653505996704,0.48343158947442255,0.48343158947442255,9.738740253642169e-08,2.161085252405562e-07,2.161085252405562e-07
2024-03-17 23:30:00,0.06754532299767035,-0.05621653505996704,-0.05621653505996704,1.0659183860947705e-07,1.2183660132508237e-07,1.2183660132508237e-07
2024-03-18 00:00:00,0.2662370584242595,0.06754532299767035,0.06754532299767035,1.089120296452289e-07,1.1550161092191861e-07,1.1550161092191861e-07
2024-03-18 00:30:00,0.06462303671647263,0.2662370584242595,0.2662370584242595,1.0190841752704308e-07,1.6127714588050728e-07,1.6127714588050728e-07
2024-03-18 01:00:00,-0.5002591666377256,0.06462303671647263,0.06462303671647263,6.482641544449492e-08,1.4752993335091497e-07,1.4752993335091497e-07
2024-03-18 01:30:00,-0.21260334749336707,-0.5002591666377256,-0.5002591666377256,1.0648238393434942e-07,1.0331261275969968e-07,1.0331261275969968e-07
2024-03-18 02:00:00,-0.3481056268946574,-0.21260334749336707,-0.21260334749336707,9.254836998143449e-08,1.3709435751368842e-07,1.3709435751368842e-07
2024-03-18 02:30:00,-0.5210426250803355,-0.3481056268946574,-0.3481056268946574,1.2720374885320953e-07,1.9561781741698113e-07,1.9561781741698113e-07
2024-03-18 03:00:00,-0.6215391993149026,-0.5210426250803355,-0.5210426250803355,1.0641737157093246e-07,1.5221608577203065e-07,1.5221608577203065e-07
2024-03-18 03:30:00,-0.29075500888339256,-0.6215391993149026,-0.6215391993149026,2.8930636739836446e-07,2.6884573916259457e-07,2.6884573916259457e-07
2024-03-18 04:00:00,-0.11529447612506871,-0.29075500888339256,-0.29075500888339256,3.772090769196236e-07,4.09433626301646e-07,4.09433626301646e-07
2024-03-18 04:30:00,0.15770910220028433,-0.11529447612506871,-0.11529447612506871,6.333307846035816e-07,6.235475327692313e-07,6.235475327692313e-07
2024-03-18 05:00:00,0.6239095493017555,0.15770910220028433,0.15770910220028433,6.571279104599637e-07,5.333159177867208e-07,5.333159177867208e-07
2024-03-18 05:30:00,0.1251782598677984,0.6239095493017555,0.6239095493017555,3.350040874555544e-07,7.135908410355e-07,7.135908410355e-07
2024-03-18 06:00:00,-0.41548100241271335,0.1251782598677984,0.1251782598677984,1.918424233761217e-07,4.26140587539841e-07,4.26140587539841e-07
2024-03-18 06:30:00,-0.18145510613155658,-0.41548100241271335,-0.41548100241271335,2.2879466886831258e-07,2.3421389670578518e-07,2.3421389670578518e-07
2024-03-18 07:00:00,0.00886268146662239,-0.18145510613155658,-0.18145510613155658,2.8407726706374465e-07,3.037983638259725e-07,3.037983638259725e-07
2024-03-18 07:30:00,0.3540014898046131,0.00886268146662239,0.00886268146662239,6.32989713776403e-07,5.798393529386448e-07,5.798393529386448e-07
2024-03-18 08:00:00,0.9246766793456089,0.3540014898046131,0.3540014898046131,7.163525462022e-07,5.237073117853001e-07,5.237073117853001e-07
2024-03-18 08:30:00,0.41579535819171376,0.9246766793456089,0.9246766793456089,8.346550467129843e-07,1.7960328991494647e-06,1.7960328991494647e-06
2024-03-18 16:30:00,0.8364556001488861,0.41579535819171376,0.41579535819171376,1.277363157804566e-06,1.0849928552957619e-06,1.0849928552957619e-06
2024-03-18 17:00:00,0.7795624855728125,0.8364556001488861,0.8364556001488861,3.100027848782767e-07,4.2449919918533767e-07,4.2449919918533767e-07
2024-03-18 17:30:00,0.730636362954419,0.7795624855728125,0.7795624855728125,2.931973305875577e-07,3.9830088492838643e-07,3.9830088492838643e-07
2024-03-18 18:00:00,-0.34522422781146034,0.730636362954419,0.730636362954419,1.0598152016077504e-07,4.0204380700878454e-07,4.0204380700878454e-07
2024-03-18 18:30:00,0.17923567864000134,-0.34522422781146034,-0.34522422781146034,3.301798102306992e-07,2.528036758897998e-07,2.528036758897998e-07
2024-03-18 19:00:00,1.0103401262534941,0.17923567864000134,0.17923567864000134,4.346641275702151e-07,2.4491345138372537e-07,2.4491345138372537e-07
2024-03-18 19:30:00,0.02737950221219343,1.0103401262534941,1.0103401262534941,2.1281251250399786e-07,7.356893147487642e-07,7.356893147487642e-07
2024-03-18 20:00:00,-0.6406675490397991,0.02737950221219343,0.02737950221219343,8.779929972483472e-08,2.2152518827327923e-07,2.2152518827327923e-07
2024-03-18 20:30:00,-0.041629734042206934,-0.6406675490397991,-0.6406675490397991,2.7188380930339473e-07,1.9320904010608585e-07,1.9320904010608585e-07
2024-03-18 21:00:00,-0.08118369425432803,-0.041629734042206934,-0.041629734042206934,2.374640091662778e-07,3.195793997995593e-07,3.195793997995593e-07
2024-03-18 21:30:00,0.2134931028302809,-0.08118369425432803,-0.08118369425432803,2.0527829442730578e-07,1.9777410963662822e-07,1.9777410963662822e-07
2024-03-18 22:00:00,0.13636668414958208,0.2134931028302809,0.2134931028302809,1.6383626416765327e-07,2.289330682224532e-07,2.289330682224532e-07
2024-03-18 22:30:00,0.43942607398659383,0.13636668414958208,0.13636668414958208,1.8202882271296088e-07,1.739106001650207e-07,1.739106001650207e-07
2024-03-18 23:00:00,-0.1779074208623186,0.43942607398659383,0.43942607398659383,8.29524067174094e-08,1.9894656058857295e-07,1.9894656058857295e-07
2024-03-18 23:30:00,0.19803982578103074,-0.1779074208623186,-0.1779074208623186,1.266673414745649e-07,1.1251119958911559e-07,1.1251119958911559e-07
2024-03-19 00:00:00,2.6575736235183385,0.19803982578103074,0.19803982578103074,1.2256806463401456e-06,1.3552464753012002e-07,1.3552464753012002e-07
2024-03-19 00:30:00,1.1267844970889591,2.6575736235183385,2.6575736235183385,2.947819713601807e-07,1.762451211962126e-06,1.762451211962126e-06
2024-03-19 01:00:00,0.7056315551897132,1.1267844970889591,1.1267844970889591,2.1650288822161244e-07,4.26747521383876e-07,4.26747521383876e-07
2024-03-19 01:30:00,0.2148054106336108,0.7056315551897132,0.7056315551897132,1.5895090722802253e-07,3.359147015485392e-07,3.359147015485392e-07
2024-03-19 02:00:00,1.0272247763639228,0.2148054106336108,0.2148054106336108,3.6615686329480065e-07,2.1020393695987248e-07,2.1020393695987248e-07
2024-03-19 02:30:00,0.6064182637016007,1.0272247763639228,1.0272247763639228,3.8231090765897156e-07,7.533096826544202e-07,7.533096826544202e-07
2024-03-19 03:00:00,0.11553545835968393,0.6064182637016007,0.6064182637016007,2.0731688159433943e-07,4.381524813848005e-07,4.381524813848005e-07
2024-03-19 03:30:00,0.16708338624350816,0.11553545835968393,0.11553545835968393,4.214605482547668e-07,5.178128950275112e-07,5.178128950275112e-07
2024-03-19 04:00:00,-0.015313941181279489,0.16708338624350816,0.16708338624350816,4.1687238732230147e-07,6.471727112612002e-07,6.471727112612002e-07
2024-03-19 04:30:00,0.8660338119014934,-0.015313941181279489,-0.015313941181279489,1.434325786978255e-06,7.685750020620436e-07,7.685750020620436e-07
2024-03-19 05:00:00,0.9173323516151601,0.8660338119014934,0.8660338119014934,9.79419178158907e-07,1.2036295606739884e-06,1.2036295606739884e-06
2024-03-19 05:30:00,1.3385098536996622,0.9173323516151601,0.9173323516151601,1.2812147663868193e-06,1.0877016431745016e-06,1.0877016431745016e-06
2024-03-19 06:00:00,0.7775790808988283,1.3385098536996622,1.3385098536996622,6.325342736917328e-07,1.4338248937624568e-06,1.4338248937624568e-06
2024-03-19 06:30:00,0.5137721672122595,0.7775790808988283,0.7775790808988283,4.0550613983703055e-07,6.829206350407238e-07,6.829206350407238e-07
2024-03-19 07:00:00,0.963919309342467,0.5137721672122595,0.5137721672122595,7.537823269870337e-07,6.216593146048974e-07,6.216593146048974e-07
2024-03-19 07:30:00,0.8365916702833047,0.963919309342467,0.963919309342467,1.189429335055099e-06,1.747588791732983e-06,1.747588791732983e-06
2024-03-19 08:00:00,1.1825881148772748,0.8365916702833047,0.8365916702833047,9.891597747274691e-07,9.053260450080142e-07,9.053260450080142e-07
2024-03-19 08:30:00,0.5733407886612163,1.1825881148772748,1.1825881148772748,1.0678273105503842e-06,2.540368332230078e-06,2.540368332230078e-06
2024-03-19 16:30:00,-0.38719502669543715,0.5733407886612163,0.5733407886612163,3.757419378759714e-07,1.2701294602238342e-06,1.2701294602238342e-06
2024-03-19 17:00:00,-0.13829196157884915,-0.38719502669543715,-0.38719502669543715,1.395937674289216e-07,1.40789969530677e-07,1.40789969530677e-07
2024-03-19 17:30:00,-0.45451597482053074,-0.13829196157884915,-0.13829196157884915,1.1045422250884009e-07,1.9602866454042678e-07,1.9602866454042678e-07
2024-03-19 18:00:00,-0.1770684673422167,-0.45451597482053074,-0.45451597482053074,1.2538894937090986e-07,1.2290463353946495e-07,1.2290463353946495e-07
2024-03-19 18:30:00,-1.2147022599607737,-0.1770684673422167,-0.1770684673422167,9.041540356566169e-08,3.3012922301134605e-07,3.3012922301134605e-07
2024-03-19 19:00:00,-0.37345864482622737,-1.2147022599607737,-1.2147022599607737,1.1900568942967973e-07,6.637784963102857e-08,6.637784963102857e-08
2024-03-19 19:30:00,-1.3159337989779676,-0.37345864482622737,-0.37345864482622737,5.818270645281467e-08,1.9315617305737325e-07,1.9315617305737325e-07
2024-03-19 20:00:00,-0.8009845246853757,-1.3159337989779676,-1.3159337989779676,6.580166545217746e-08,5.086278915317467e-08,5.086278915317467e-08
2024-03-19 20:30:00,-0.5675003840643882,-0.8009845246853757,-0.8009845246853757,1.6403989291009573e-07,1.6801633903617058e-07,1.6801633903617058e-07
2024-03-19 21:00:00,-1.4373395545028345,-0.5675003840643882,-0.5675003840643882,5.3823401311408484e-08,1.6616532648501718e-07,1.6616532648501718e-07
2024-03-19 21:30:00,-0.6761150268970422,-1.4373395545028345,-1.4373395545028345,8.433175315462317e-08,5.0956364005525944e-08,5.0956364005525944e-08
2024-03-19 22:00:00,0.10910635653542755,-0.6761150268970422,-0.6761150268970422,1.6420967992033448e-07,9.686889706276247e-08,9.686889706276247e-08
2024-03-19 22:30:00,-0.3295133478248111,0.10910635653542755,0.10910635653542755,8.437115850119197e-08,1.6923377573077312e-07,1.6923377573077312e-07
2024-03-19 23:00:00,-0.21648764491433425,-0.3295133478248111,-0.3295133478248111,7.981303254624785e-08,9.221260428165344e-08,9.221260428165344e-08
2024-03-19 23:30:00,-0.3854078296678196,-0.21648764491433425,-0.21648764491433425,7.067674798684132e-08,1.0825315852757349e-07,1.0825315852757349e-07
2024-03-20 00:00:00,-0.33392994179390456,-0.3854078296678196,-0.3854078296678196,6.154373332244772e-08,7.561887103642402e-08,7.561887103642402e-08
2024-03-20 00:30:00,-0.5808222704982953,-0.33392994179390456,-0.33392994179390456,5.3823401311408484e-08,8.912468939519178e-08,8.912468939519178e-08
2024-03-20 01:00:00,-0.4468959194752955,-0.5808222704982953,-0.5808222704982953,6.837972846307553e-08,7.736896923629265e-08,7.736896923629265e-08
2024-03-20 01:30:00,-0.7021389809512097,-0.4468959194752955,-0.4468959194752955,7.297638895164307e-08,1.2185291894976478e-07,1.2185291894976478e-07
2024-03-20 02:00:00,-0.9434591359379745,-0.7021389809512097,-0.7021389809512097,5.102817430392822e-08,8.40266320050002e-08,8.40266320050002e-08
2024-03-20 02:30:00,-0.21185476221569388,-0.9434591359379745,-0.9434591359379745,1.686728678836432e-07,1.0498237680274698e-07,1.0498237680274698e-07
2024-03-20 03:00:00,-0.3516535708400923,-0.21185476221569388,-0.21185476221569388,1.2993826103074285e-07,1.9330977517239196e-07,1.9330977517239196e-07
2024-03-20 03:30:00,-0.6970664806346267,-0.3516535708400923,-0.3516535708400923,1.7760754410712992e-07,3.2454524012581194e-07,3.2454524012581194e-07
2024-03-20 04:00:00,-1.3213453647983222,-0.6970664806346267,-0.6970664806346267,1.0925285762338491e-07,2.6384969352484874e-07,2.6384969352484874e-07
2024-03-20 04:30:00,-0.3248528582268353,-1.3213453647983222,-1.3213453647983222,4.461763932052199e-07,2.1307784991377436e-07,2.1307784991377436e-07
2024-03-20 05:00:00,-0.12111243265567317,-0.3248528582268353,-0.3248528582268353,3.4671909802858623e-07,3.658451785715486e-07,3.658451785715486e-07
2024-03-20 05:30:00,-0.26378741591799937,-0.12111243265567317,-0.12111243265567317,2.5807924101587207e-07,3.850516112565716e-07,3.850516112565716e-07
2024-03-20 06:00:00,0.0345129846492771,-0.26378741591799937,-0.26378741591799937,3.0086700117466946e-07,2.888199933688222e-07,2.888199933688222e-07
2024-03-20 06:30:00,-0.22689811957234518,0.0345129846492771,0.0345129846492771,1.9334298345606269e-07,3.248334391523248e-07,3.248334391523248e-07
2024-03-20 07:00:00,-0.07657172560749359,-0.22689811957234518,-0.22689811957234518,2.6629709935908194e-07,2.9640356771728947e-07,2.9640356771728947e-07
2024-03-20 07:30:00,-0.7918552809965895,-0.07657172560749359,-0.07657172560749359,2.334065935447083e-07,6.173902059645151e-07,6.173902059645151e-07
2024-03-20 08:00:00,-0.6080299728902201,-0.7918552809965895,-0.7918552809965895,1.6504823798597332e-07,1.7765584048154923e-07,1.7765584048154923e-07
2024-03-20 08:30:00,-0.45367389181192763,-0.6080299728902201,-0.6080299728902201,3.8236155182508797e-07,4.238782528186207e-07,4.238782528186207e-07
2024-03-20 16:30:00,0.45510629565395533,-0.45367389181192763,-0.45367389181192763,8.18414939287839e-07,4.266760264656931e-07,4.266760264656931e-07
2024-03-20 17:00:00,0.27778264612237535,0.45510629565395533,0.45510629565395533,1.8769183482859962e-07,2.899071834741028e-07,2.899071834741028e-07
2024-03-20 17:30:00,0.5804541582289158,0.27778264612237535,0.27778264612237535,2.5231130460280834e-07,2.4115210428002313e-07,2.4115210428002313e-07
2024-03-20 18:00:00,0.532454855389707,0.5804541582289158,0.5804541582289158,2.4407564312989533e-07,3.3126319705835747e-07,3.3126319705835747e-07
2024-03-20 18:30:00,0.1799606759353356,0.532454855389707,0.532454855389707,3.34648134283513e-07,6.158537630012517e-07,6.158537630012517e-07
2024-03-20 19:00:00,-0.10720039143549798,0.1799606759353356,0.1799606759353356,1.4290118658676027e-07,2.463492340166735e-07,2.463492340166735e-07
2024-03-20 19:30:00,-0.027300710656692928,-0.10720039143549798,-0.10720039143549798,1.976743397268961e-07,2.360767515874793e-07,2.360767515874793e-07
2024-03-20 20:00:00,-0.012612711062207183,-0.027300710656692928,-0.027300710656692928,1.3166230255980994e-07,1.6783612463476093e-07,1.6783612463476093e-07
2024-03-20 20:30:00,-0.32173588662986496,-0.012612711062207183,-0.012612711062207183,1.7123881784354673e-07,3.0175579881674e-07,3.0175579881674e-07
2024-03-20 21:00:00,-1.0679833014849969,-0.32173588662986496,-0.32173588662986496,7.787185524672337e-08,2.1245872471228662e-07,2.1245872471228662e-07
2024-03-20 21:30:00,-0.1683144381066093,-1.0679833014849969,-1.0679833014849969,1.4012838686008034e-07,7.372381724409101e-08,7.372381724409101e-08
2024-03-20 22:00:00,-0.3329410646810391,-0.1683144381066093,-0.1683144381066093,1.0901963391056906e-07,1.6626623750499999e-07,1.6626623750499999e-07
2024-03-20 22:30:00,-0.3281767314725812,-0.3329410646810391,-0.3329410646810391,8.448400577125395e-08,1.0876978953968159e-07,1.0876978953968159e-07
2024-03-20 23:00:00,-0.21457116810255883,-0.3281767314725812,-0.3281767314725812,7.996613903805901e-08,9.233593956403365e-08,9.233593956403365e-08
2024-03-20 23:30:00,-0.08471265365928815,-0.21457116810255883,-0.21457116810255883,9.546997613428311e-08,1.0846082212336567e-07,1.0846082212336567e-07
2024-03-21 00:00:00,-0.360387691340037,-0.08471265365928815,-0.08471265365928815,5.993677660892079e-08,1.0214578370941652e-07,1.0214578370941652e-07
2024-03-21 00:30:00,-0.4245018905130493,-0.360387691340037,-0.360387691340037,5.992234501236792e-08,8.264872495479604e-08,8.264872495479604e-08
2024-03-21 01:00:00,0.25754579659214905,-0.4245018905130493,-0.4245018905130493,1.3087687738409185e-07,8.559655616438825e-08,8.559655616438825e-08
2024-03-21 01:30:00,-0.16225893059707985,0.25754579659214905,0.25754579659214905,1.0868353720033622e-07,2.139368294405681e-07,2.139368294405681e-07
2024-03-21 02:00:00,-0.3768236545741992,-0.16225893059707985,-0.16225893059707985,8.870128294198437e-08,1.4220572841757326e-07,1.4220572841757326e-07
2024-03-21 02:30:00,-0.5546065574397385,-0.3768236545741992,-0.3768236545741992,1.1972642528663945e-07,1.8501334867231285e-07,1.8501334867231285e-07
2024-03-21 03:00:00,-0.41518545980899546,-0.5546065574397385,-0.5546065574397385,1.2193980648758772e-07,1.372140560882636e-07,1.372140560882636e-07
2024-03-21 03:30:00,-0.5787248895042154,-0.41518545980899546,-0.41518545980899546,1.883532226575471e-07,2.8694604380216286e-07,2.8694604380216286e-07
2024-03-21 04:00:00,-0.3501431234585475,-0.5787248895042154,-0.5787248895042154,2.7447960631007553e-07,2.825147953001041e-07,2.825147953001041e-07
2024-03-21 04:30:00,-0.0018253557636747075,-0.3501431234585475,-0.3501431234585475,5.434377383496983e-07,4.962268093977139e-07,4.962268093977139e-07
2024-03-21 05:00:00,0.1452683901492442,-0.0018253557636747075,-0.0018253557636747075,4.52548870833046e-07,5.0534316694748e-07,5.0534316694748e-07
2024-03-21 05:30:00,0.6876909051981475,0.1452683901492442,0.1452683901492442,6.68305226183009e-07,5.025816947419481e-07,5.025816947419481e-07
2024-03-21 06:00:00,-0.26610125860585043,0.6876909051981475,0.6876909051981475,2.3219825358990846e-07,7.796299902509469e-07,7.796299902509469e-07
2024-03-21 06:30:00,-0.0197634221750409,-0.26610125860585043,-0.26610125860585043,2.2700882497443643e-07,2.295421747523645e-07,2.295421747523645e-07
2024-03-21 07:00:00,-1.1085441590617364,-0.0197634221750409,-0.0197634221750409,9.07751232697808e-08,3.488359435603849e-07,3.488359435603849e-07
2024-03-21 07:30:00,-0.26729701684484297,-1.1085441590617364,-1.1085441590617364,3.4007142375096334e-07,1.8968110113306915e-07,1.8968110113306915e-07
2024-03-21 08:00:00,0.2771767312397113,-0.26729701684484297,-0.26729701684484297,3.7490493255280875e-07,2.8135985036010855e-07,2.8135985036010855e-07
2024-03-21 08:30:00,-0.5700690228136907,0.2771767312397113,0.2771767312397113,3.114236303582486e-07,9.399583996567468e-07,9.399583996567468e-07
2024-03-21 16:30:00,-0.6187524355266234,-0.5700690228136907,-0.5700690228136907,2.7964214649921405e-07,3.7979433177567124e-07,3.7979433177567124e-07
2024-03-21 17:00:00,-0.25683897831279623,-0.6187524355266234,-0.6187524355266234,1.0996694460393203e-07,9.905765789513169e-08,9.905765789513169e-08
2024-03-21 17:30:00,0.032426591414155936,-0.25683897831279623,-0.25683897831279623,1.4585837169611352e-07,1.412888318594144e-07,1.412888318594144e-07
2024-03-21 18:00:00,-0.4176669394346213,0.032426591414155936,0.032426591414155936,9.43825680160172e-08,1.914995865993513e-07,1.914995865993513e-07
2024-03-21 18:30:00,-0.20207043609064534,-0.4176669394346213,-0.4176669394346213,2.607769216674125e-07,2.7191908924172774e-07,2.7191908924172774e-07
2024-03-21 19:00:00,-0.28210854224173154,-0.20207043609064534,-0.20207043609064534,1.2284588826185074e-07,1.7215658812732074e-07,1.7215658812732074e-07
2024-03-21 19:30:00,-0.6396575069919823,-0.28210854224173154,-0.28210854224173154,1.0327226164454966e-07,1.910152955524007e-07,1.910152955524007e-07
2024-03-21 20:00:00,-0.8978861775327331,-0.6396575069919823,-0.6396575069919823,5.2135866655965444e-08,8.73145858068911e-08,8.73145858068911e-08
2024-03-21 20:30:00,-0.3156267133609951,-0.8978861775327331,-0.8978861775327331,1.485356814794323e-07,1.0734001090036275e-07,1.0734001090036275e-07
2024-03-21 21:00:00,-0.38393874065006983,-0.3156267133609951,-0.3156267133609951,1.4412708525032126e-07,1.9962551729918155e-07,1.9962551729918155e-07
2024-03-21 21:30:00,-0.4975647898616078,-0.38393874065006983,-0.38393874065006983,9.533119762005379e-08,1.3816089230292333e-07,1.3816089230292333e-07
2024-03-21 22:00:00,1.4049783089429013,-0.4975647898616078,-0.4975647898616078,5.679737586968649e-07,1.0961430029418809e-07,1.0961430029418809e-07
2024-03-21 22:30:00,-0.15077294887952775,1.4049783089429013,1.4049783089429013,9.551141624410382e-08,5.854804333367967e-07,5.854804333367967e-07
2024-03-21 23:00:00,1.2613152073155796,-0.15077294887952775,-0.15077294887952775,3.246429093360134e-07,1.0231675119397956e-07,1.0231675119397956e-07
2024-03-21 23:30:00,0.528500921016045,1.2613152073155796,1.2613152073155796,1.6901078778488323e-07,4.5496138899530585e-07,4.5496138899530585e-07
2024-03-22 00:00:00,0.9305034897696913,0.528500921016045,0.528500921016045,2.1793164631108593e-07,1.885974066555749e-07,1.885974066555749e-07
2024-03-22 00:30:00,0.36401137165632136,0.9305034897696913,0.9305034897696913,1.1770433880738933e-07,2.6829945302006495e-07,2.6829945302006495e-07
2024-03-22 01:00:00,0.009506272540761529,0.36401137165632136,0.36401137165632136,1.02127036057865e-07,1.883229508602985e-07,1.883229508602985e-07
2024-03-22 01:30:00,0.16621536086199917,0.009506272540761529,0.009506272540761529,1.509448626950611e-07,1.6694113376697922e-07,1.6694113376697922e-07
2024-03-22 02:00:00,-0.7818895732512665,0.16621536086199917,0.16621536086199917,5.327427561108719e-08,1.778595579539218e-07,1.778595579539218e-07
2024-03-22 02:30:00,-0.36815528792513597,-0.7818895732512665,-0.7818895732512665,1.4426626004853096e-07,1.2339147919254577e-07,1.2339147919254577e-07
2024-03-22 03:00:00,-0.526158378901016,-0.36815528792513597,-0.36815528792513597,1.0215382191740962e-07,1.5476665795421025e-07,1.5476665795421025e-07
2024-03-22 03:30:00,0.3559092576082694,-0.526158378901016,-0.526158378901016,4.6683896371640275e-07,2.4997288550903344e-07,2.4997288550903344e-07
2024-03-22 04:00:00,0.011395438598047036,0.3559092576082694,0.3559092576082694,3.492667358954864e-07,6.376473957294945e-07,6.376473957294945e-07
2024-03-22 04:30:00,0.09738869749381074,0.011395438598047036,0.011395438598047036,5.677324153546037e-07,6.739073731197647e-07,6.739073731197647e-07
2024-03-22 05:00:00,-0.00404079547660352,0.09738869749381074,0.09738869749381074,3.902684930508153e-07,5.58748891879662e-07,5.58748891879662e-07
2024-03-22 05:30:00,-0.09051897565835176,-0.00404079547660352,-0.00404079547660352,3.179113537737072e-07,4.48400356456597e-07,4.48400356456597e-07
2024-03-22 06:00:00,-0.6120644572641787,-0.09051897565835176,-0.09051897565835176,1.5650162173790213e-07,3.410563039382389e-07,3.410563039382389e-07
2024-03-22 06:30:00,0.03671776383573544,-0.6120644572641787,-0.6120644572641787,2.3642350035706463e-07,1.5985676452300123e-07,1.5985676452300123e-07
2024-03-22 07:00:00,0.05617025107958007,0.03671776383573544,0.03671776383573544,2.545953646426603e-07,3.2300206488979926e-07,3.2300206488979926e-07
2024-03-22 07:30:00,-0.37609600235171037,0.05617025107958007,0.05617025107958007,3.050136958109778e-07,6.07929339385294e-07,6.07929339385294e-07
2024-03-22 08:00:00,1.127735597619731,-0.37609600235171037,-0.37609600235171037,8.776354891563734e-07,2.5235465792623006e-07,2.5235465792623006e-07
2024-03-22 08:30:00,0.6259351732825635,1.127735597619731,1.127735597619731,8.945572027891377e-07,1.911349848643684e-06,1.911349848643684e-06
2024-03-22 16:30:00,-0.6494448310716283,0.6259351732825635,0.6259351732825635,2.7118963654515113e-07,1.255933085996422e-06,1.255933085996422e-06
2024-03-22 17:00:00,-0.6968353524253317,-0.6494448310716283,-0.6494448310716283,6.980931080811284e-08,9.46886024488054e-08,9.46886024488054e-08
2024-03-22 17:30:00,-0.8547159057908011,-0.6968353524253317,-0.6968353524253317,6.760788761131746e-08,1.0241579349023264e-07,1.0241579349023264e-07
2024-03-22 18:00:00,-0.08567228259226667,-0.8547159057908011,-0.8547159057908011,1.3154527015325661e-07,7.886544343736341e-08,7.886544343736341e-08
2024-03-22 18:30:00,-1.485931810664887,-0.08567228259226667,-0.08567228259226667,7.222627945347265e-08,3.7898598020833973e-07,3.7898598020833973e-07
2024-03-22 19:00:00,-1.1640781562065428,-1.485931810664887,-1.485931810664887,5.085411354316993e-08,4.768148103112646e-08,4.768148103112646e-08
2024-03-22 19:30:00,-1.5778731742713763,-1.1640781562065428,-1.1640781562065428,4.041306607874721e-08,7.907398176647476e-08,7.907398176647476e-08
2024-03-22 20:00:00,0.02467241579696733,-1.5778731742713763,-1.5778731742713763,1.3115918323785783e-07,3.416842111967598e-08,3.416842111967598e-08
2024-03-24 18:30:00,0.7278419087808512,0.02467241579696733,0.02467241579696733,6.608835689038336e-07,4.2319958979609664e-07,4.2319958979609664e-07
2024-03-24 19:00:00,-0.14602699551677034,0.7278419087808512,0.7278419087808512,1.4075378742658613e-07,4.36294207495083e-07,4.36294207495083e-07
2024-03-24 19:30:00,-0.1693952132983494,-0.14602699551677034,-0.14602699551677034,1.652783647395566e-07,2.188606121525233e-07,2.188606121525233e-07
2024-03-24 20:00:00,-0.5813947291034829,-0.1693952132983494,-0.1693952132983494,7.140945452682442e-08,1.394722304392406e-07,1.394722304392406e-07
2024-03-24 20:30:00,-0.5467348923508801,-0.5813947291034829,-0.5813947291034829,1.1151387770709171e-07,1.3934110696435256e-07,1.3934110696435256e-07
2024-03-24 21:00:00,-0.708000489732612,-0.5467348923508801,-0.5467348923508801,1.0040256890477562e-07,1.5261052914212122e-07,1.5261052914212122e-07
2024-03-24 21:30:00,0.5073289440804274,-0.708000489732612,-0.708000489732612,2.4102380702495477e-07,9.248088762524796e-08,9.248088762524796e-08
2024-03-24 22:00:00,0.19585613892774845,0.5073289440804274,0.5073289440804274,1.695169714168713e-07,2.9942428385043335e-07,2.9942428385043335e-07
2024-03-24 22:30:00,1.1762117854496275,0.19585613892774845,0.19585613892774845,3.372874976699641e-07,1.6369676995962506e-07,1.6369676995962506e-07
2024-03-24 23:00:00,-0.42187389158995714,1.1762117854496275,1.1762117854496275,6.03123407608899e-08,3.8569933445762685e-07,3.8569933445762685e-07
2024-03-24 23:30:00,0.2545502462986384,-0.42187389158995714,-0.42187389158995714,1.3403148191036583e-07,8.815408928707101e-08,8.815408928707101e-08
2024-03-25 00:00:00,0.05895791427946051,0.2545502462986384,0.2545502462986384,9.383789773752746e-08,1.476134241053735e-07,1.476134241053735e-07
2024-03-25 00:30:00,0.38075968480517197,0.05895791427946051,0.05895791427946051,1.3406316231858053e-07,1.2570589385005064e-07,1.2570589385005064e-07
2024-03-25 01:00:00,-0.5481672725988105,0.38075968480517197,0.38075968480517197,5.808515827343603e-08,1.9023741808964962e-07,1.9023741808964962e-07
2024-03-25 01:30:00,0.16500242161314738,-0.5481672725988105,-0.5481672725988105,1.6985964583152732e-07,1.0768803828331469e-07,1.0768803828331469e-07
2024-03-25 02:00:00,0.0826398210177608,0.16500242161314738,0.16500242161314738,1.1179711169736994e-07,1.5703740889784132e-07,1.5703740889784132e-07
2024-03-25 02:30:00,0.05570337283839066,0.0826398210177608,0.0826398210177608,2.0590600546642013e-07,2.7363413830280933e-07,2.7363413830280933e-07
2024-03-25 03:00:00,-0.7916294740155116,0.05570337283839066,0.05570337283839066,7.833610753630656e-08,2.3645956264214027e-07,2.3645956264214027e-07
2024-03-25 03:30:00,-0.5777660345634441,-0.7916294740155116,-0.7916294740155116,1.8351732451917233e-07,1.9169035942902136e-07,1.9169035942902136e-07
2024-03-25 04:00:00,-0.6825982312942784,-0.5777660345634441,-0.5777660345634441,1.8340916552464934e-07,2.6348263241470256e-07,2.6348263241470256e-07
2024-03-25 04:30:00,-0.3347854587416954,-0.6825982312942784,-0.6825982312942784,3.97421415154953e-07,3.630789007342735e-07,3.630789007342735e-07
2024-03-25 05:00:00,-0.26151184541623884,-0.3347854587416954,-0.3347854587416954,3.1542742157146986e-07,3.7921022072125625e-07,3.7921022072125625e-07
2024-03-25 05:30:00,-0.31724882135969246,-0.26151184541623884,-0.26151184541623884,2.5341861763033673e-07,3.466152711611406e-07,3.466152711611406e-07
2024-03-25 06:00:00,0.29766960553337896,-0.31724882135969246,-0.31724882135969246,3.8840282490450745e-07,2.716624509422732e-07,2.716624509422732e-07
2024-03-25 06:30:00,0.8144396084258183,0.29766960553337896,0.29766960553337896,5.227963101512084e-07,4.03371367369789e-07,4.03371367369789e-07
2024-03-25 07:00:00,-0.6470977032877148,0.8144396084258183,0.8144396084258183,1.363256265311651e-07,7.605329002815728e-07,7.605329002815728e-07
2024-03-25 07:30:00,0.6312822796272535,-0.6470977032877148,-0.6470977032877148,8.352532413105398e-07,3.0090382719934207e-07,3.0090382719934207e-07
2024-03-25 08:00:00,0.2879979214110193,0.6312822796272535,0.6312822796272535,3.789838798533197e-07,6.91051086844704e-07,6.91051086844704e-07
2024-03-25 08:30:00,-0.35742942807744704,0.2879979214110193,0.2879979214110193,3.8521196279982935e-07,9.501851009987794e-07,9.501851009987794e-07
2024-03-25 16:30:00,-0.21868732924373013,-0.35742942807744704,-0.35742942807744704,4.172042223808631e-07,4.697823342283213e-07,4.697823342283213e-07
2024-03-25 17:00:00,-0.459253988506525,-0.21868732924373013,-0.21868732924373013,8.853064448609755e-08,1.4567107082798622e-07,1.4567107082798622e-07
2024-03-25 17:30:00,-1.423558836372596,-0.459253988506525,-0.459253988506525,3.827824527416666e-08,1.2988147423726814e-07,1.2988147423726814e-07
2024-03-25 18:00:00,-0.28497267903216006,-1.423558836372596,-1.423558836372596,9.969005002966611e-08,4.1302186452891836e-08,4.1302186452891836e-08
2024-03-25 18:30:00,-0.56642064910314,-0.28497267903216006,-0.28497267903216006,1.8114813511461072e-07,3.105046311575843e-07,3.105046311575843e-07
2024-03-25 19:00:00,-1.2720224118697345,-0.56642064910314,-0.56642064910314,3.974803357892396e-08,1.0412559936718111e-07,1.0412559936718111e-07
2024-03-25 19:30:00,-0.413275789679302,-1.2720224118697345,-1.2720224118697345,1.204666671056374e-07,6.602689735649069e-08,6.602689735649069e-08
2024-03-25 20:00:00,-0.7196360259200318,-0.413275789679302,-0.413275789679302,5.8440963952645156e-08,1.0270009495241374e-07,1.0270009495241374e-07
2024-03-25 20:30:00,-0.47289140287092124,-0.7196360259200318,-0.7196360259200318,1.0966326710229557e-07,1.1084197776601139e-07,1.1084197776601139e-07
2024-03-25 21:00:00,-0.17529961439450048,-0.47289140287092124,-0.47289140287092124,1.5435296969880096e-07,1.4827756048821308e-07,1.4827756048821308e-07
2024-03-25 21:30:00,-0.5617989231014278,-0.17529961439450048,-0.17529961439450048,8.274535218787547e-08,1.575436997072584e-07,1.575436997072584e-07
2024-03-25 22:00:00,-0.7997785213770356,-0.5617989231014278,-0.5617989231014278,6.263463424777355e-08,1.027946912241799e-07,1.027946912241799e-07
2024-03-25 22:30:00,-0.47218778769296677,-0.7997785213770356,-0.7997785213770356,6.487978541138121e-08,6.048413458702586e-08,6.048413458702586e-08
2024-03-25 23:00:00,-0.42032935685602624,-0.47218778769296677,-0.47218778769296677,6.040556724331656e-08,7.419216610693795e-08,7.419216610693795e-08
2024-03-25 23:30:00,-0.2535205508087124,-0.42032935685602624,-0.42032935685602624,8.502668643018164e-08,9.309235667853181e-08,9.309235667853181e-08
2024-03-26 00:00:00,0.29371745581977926,-0.2535205508087124,-0.2535205508087124,1.1866784157028282e-07,8.88123804841641e-08,8.88123804841641e-08
2024-03-26 00:30:00,-0.022760922380655302,0.29371745581977926,0.29371745581977926,8.954940125183176e-08,1.589682575538233e-07,1.589682575538233e-07
2024-03-26 01:00:00,-0.8066730775191928,-0.022760922380655302,-0.022760922380655302,4.252159987569672e-08,1.2046509682867151e-07,1.2046509682867151e-07
2024-03-26 01:30:00,-0.7074682123690366,-0.8066730775191928,-0.8066730775191928,7.607740274153948e-08,8.911985398362408e-08,8.911985398362408e-08
2024-03-26 02:00:00,-0.5332133960721492,-0.7074682123690366,-0.7074682123690366,6.039054233048798e-08,6.562872073495806e-08,6.562872073495806e-08
2024-03-26 02:30:00,-1.244830010937692,-0.5332133960721492,-0.5332133960721492,5.593261577989385e-08,1.4740737540743394e-07,1.4740737540743394e-07
2024-03-26 03:00:00,0.7011487156138134,-1.244830010937692,-1.244830010937692,3.4855179082067817e-07,6.440838503561356e-08,6.440838503561356e-08
2024-03-26 03:30:00,0.3319279721018411,0.7011487156138134,0.7011487156138134,4.284679285291888e-07,8.018105488719537e-07,8.018105488719537e-07
2024-03-26 04:00:00,-0.5059384913785046,0.3319279721018411,0.3319279721018411,2.18848404687877e-07,6.543755756604959e-07,6.543755756604959e-07
2024-03-26 04:30:00,-1.2035508111648046,-0.5059384913785046,-0.5059384913785046,1.6670601375202113e-07,4.3323482757378807e-07,4.3323482757378807e-07
2024-03-26 05:00:00,-0.12456739707179842,-1.2035508111648046,-1.2035508111648046,3.617209511175434e-07,1.5906697993568567e-07,1.5906697993568567e-07
2024-03-26 05:30:00,-0.2259576226417721,-0.12456739707179842,-0.12456739707179842,2.776423945848618e-07,3.9748606805215486e-07,3.9748606805215486e-07
2024-03-26 06:00:00,-0.48857728100627007,-0.2259576226417721,-0.2259576226417721,1.8588264350607794e-07,3.1267706221907443e-07,3.1267706221907443e-07
2024-03-26 06:30:00,-0.378261839568788,-0.48857728100627007,-0.48857728100627007,1.6123942004465324e-07,1.8679478796643174e-07,1.8679478796643174e-07
2024-03-26 07:00:00,-0.7096956209027567,-0.378261839568788,-0.378261839568788,1.2805353504895845e-07,2.3074608899803843e-07,2.3074608899803843e-07
2024-03-26 07:30:00,-0.9739465004466688,-0.7096956209027567,-0.7096956209027567,1.9455030165975943e-07,3.277913747062009e-07,3.277913747062009e-07
2024-03-26 08:00:00,-0.8503624477055798,-0.9739465004466688,-0.9739465004466688,1.438670426017031e-07,1.6447214570028826e-07,1.6447214570028826e-07
2024-03-26 08:30:00,-0.7677656324534468,-0.8503624477055798,-0.8503624477055798,2.5556008060515006e-07,3.043859412050833e-07,3.043859412050833e-07
2024-03-26 16:30:00,0.546387232686806,-0.7677656324534468,-0.7677656324534468,8.966363794259646e-07,3.1166636240902985e-07,3.1166636240902985e-07
2024-03-26 17:00:00,0.38833028259720415,0.546387232686806,0.546387232686806,1.9173880412590006e-07,2.905067246408032e-07,2.905067246408032e-07
2024-03-26 17:30:00,-0.24959367410555444,0.38833028259720415,0.38833028259720415,1.0096877997026817e-07,2.471934034913285e-07,2.471934034913285e-07
2024-03-26 18:00:00,-0.03211122381541642,-0.24959367410555444,-0.24959367410555444,1.2837136188542685e-07,1.3360405354937415e-07,1.3360405354937415e-07
2024-03-26 18:30:00,-1.5377153893434503,-0.03211122381541642,-0.03211122381541642,6.858133288653544e-08,3.998383224962731e-07,3.998383224962731e-07
2024-03-26 19:00:00,-0.30336672360461137,-1.5377153893434503,-1.5377153893434503,1.0471224439178686e-07,3.942117531429502e-08,3.942117531429502e-08
2024-03-26 19:30:00,-1.2164808507757598,-0.30336672360461137,-0.30336672360461137,5.3955953189415855e-08,1.7394129947827811e-07,1.7394129947827811e-07
2024-03-26 20:00:00,-0.672055356822316,-1.2164808507757598,-1.2164808507757598,6.128883875471641e-08,4.59984628855203e-08,4.59984628855203e-08
2024-03-26 20:30:00,-0.4042065370442067,-0.672055356822316,-0.672055356822316,1.1249037262979409e-07,1.1132507727514719e-07,1.1132507727514719e-07
2024-03-26 21:00:00,-0.5770762849812812,-0.4042065370442067,-0.4042065370442067,1.0328222815257081e-07,1.5881988984957244e-07,1.5881988984957244e-07
2024-03-26 21:30:00,-0.4161421164952266,-0.5770762849812812,-0.5770762849812812,9.205423383808554e-08,1.0138036738558672e-07,1.0138036738558672e-07
2024-03-26 22:00:00,-0.2995326668014471,-0.4161421164952266,-0.4161421164952266,1.0329244556572017e-07,1.1891280774274619e-07,1.1891280774274619e-07
2024-03-26 22:30:00,0.024914525023117307,-0.2995326668014471,-0.2995326668014471,1.0325691068856226e-07,9.656425996998145e-08,9.656425996998145e-08
2024-03-26 23:00:00,-0.23159149080803942,0.024914525023117307,0.024914525023117307,6.732988687178846e-08,1.1256670305110023e-07,1.1256670305110023e-07
2024-03-26 23:30:00,-0.7444185204942961,-0.23159149080803942,-0.23159149080803942,4.935830034710408e-08,1.0663040526055588e-07,1.0663040526055588e-07
2024-03-27 00:00:00,-0.454235924841182,-0.7444185204942961,-0.7444185204942961,5.832135002403643e-08,5.6442440355936524e-08,5.6442440355936524e-08
2024-03-27 00:30:00,-0.07605700649972391,-0.454235924841182,-0.454235924841182,8.295812404715763e-08,7.352259370671468e-08,7.352259370671468e-08
2024-03-27 01:00:00,0.20395882448729097,-0.07605700649972391,-0.07605700649972391,1.1201926215479478e-07,1.0951819861151833e-07,1.0951819861151833e-07
2024-03-27 01:30:00,-0.4487267679346907,0.20395882448729097,0.20395882448729097,9.854297264729146e-08,2.4484222897888686e-07,2.4484222897888686e-07
2024-03-27 02:00:00,0.6334964449414393,-0.4487267679346907,-0.4487267679346907,1.858135431180473e-07,8.144730326823057e-08,8.144730326823057e-08
2024-03-27 02:30:00,-0.3489978466521997,0.6334964449414393,0.6334964449414393,1.2544168916682322e-07,4.334476543882571e-07,4.334476543882571e-07
2024-03-27 03:00:00,-0.21879408034927295,-0.3489978466521997,-0.3489978466521997,1.3891247157302103e-07,1.5776017361217302e-07,1.5776017361217302e-07
2024-03-27 03:30:00,-0.6685796332351028,-0.21879408034927295,-0.21879408034927295,1.6822280627129636e-07,3.412142589029016e-07,3.412142589029016e-07
2024-03-27 04:00:00,-0.6031432181981664,-0.6685796332351028,-0.6685796332351028,1.817833168032681e-07,2.2026133318656457e-07,2.2026133318656457e-07
2024-03-27 04:30:00,-0.26463035789244316,-0.6031432181981664,-0.6031432181981664,3.952945379017598e-07,3.6451001099055734e-07,3.6451001099055734e-07
2024-03-27 05:00:00,-0.7841083561564286,-0.26463035789244316,-0.26463035789244316,1.8704179643258167e-07,4.067691494868776e-07,4.067691494868776e-07
2024-03-27 05:30:00,-0.44603913449400956,-0.7841083561564286,-0.7841083561564286,2.2279507958589536e-07,2.055355322817315e-07,2.055355322817315e-07
2024-03-27 06:00:00,-0.3974016851689903,-0.44603913449400956,-0.44603913449400956,2.0362725100622213e-07,2.509087672505651e-07,2.509087672505651e-07
2024-03-27 06:30:00,0.3857552304433369,-0.3974016851689903,-0.3974016851689903,3.4616218617783093e-07,2.0462647000525863e-07,2.0462647000525863e-07
2024-03-27 07:00:00,-0.6326166354837088,0.3857552304433369,0.3857552304433369,1.383141302517893e-07,4.953848791903666e-07,4.953848791903666e-07
2024-03-27 07:30:00,-1.1622915479683815,-0.6326166354837088,-0.6326166354837088,1.611516266881406e-07,3.54056441153245e-07,3.54056441153245e-07
2024-03-27 08:00:00,-0.8831562491167038,-1.1622915479683815,-1.1622915479683815,1.392256163372258e-07,1.3623702249942355e-07,1.3623702249942355e-07
2024-03-27 08:30:00,-0.8610423826487335,-0.8831562491167038,-0.8831562491167038,2.3280024795250085e-07,2.9456586791728915e-07,2.9456586791728915e-07
2024-03-27 16:30:00,-0.20445189174908585,-0.8610423826487335,-0.8610423826487335,4.5448315332016335e-07,3.04906776600261e-07,3.04906776600261e-07
2024-03-27 17:00:00,0.6461598202133292,-0.20445189174908585,-0.20445189174908585,3.015006812857277e-07,1.666000929446479e-07,1.666000929446479e-07
2024-03-27 17:30:00,-0.33126529913835867,0.6461598202133292,0.6461598202133292,9.305025604890622e-08,3.198974827112096e-07,3.198974827112096e-07
2024-03-27 18:00:00,0.6840683383179087,-0.33126529913835867,-0.33126529913835867,2.627247458098231e-07,1.23126092992327e-07,1.23126092992327e-07
2024-03-27 18:30:00,1.4102714705875332,0.6840683383179087,0.6840683383179087,1.1621432600577917e-06,7.27238008779082e-07,7.27238008779082e-07
2024-03-27 19:00:00,-0.4023513147026261,1.4102714705875332,1.4102714705875332,9.262379519752302e-08,7.340701419398796e-07,7.340701419398796e-07
2024-03-27 19:30:00,-0.19642530904917166,-0.4023513147026261,-0.4023513147026261,1.3682854772358913e-07,1.4406122512888488e-07,1.4406122512888488e-07
2024-03-27 20:00:00,-0.3570812889964401,-0.19642530904917166,-0.19642530904917166,7.311727193776227e-08,1.1106952102279119e-07,1.1106952102279119e-07
2024-03-27 20:30:00,0.11104988243783431,-0.3570812889964401,-0.3570812889964401,1.8431556131591467e-07,1.4929942424103458e-07,1.4929942424103458e-07
2024-03-27 21:00:00,-0.8910152680888324,0.11104988243783431,0.11104988243783431,7.545423677874883e-08,2.658752493571866e-07,2.658752493571866e-07
2024-03-27 21:30:00,0.2775762281973382,-0.8910152680888324,-0.8910152680888324,1.8421365386584907e-07,7.406480652342705e-08,7.406480652342705e-08
2024-03-27 22:00:00,-0.6735941022404575,0.2775762281973382,0.2775762281973382,7.105845207426737e-08,2.3796149174700545e-07,2.3796149174700545e-07
2024-03-27 22:30:00,-0.26978905461203695,-0.6735941022404575,-0.6735941022404575,7.995818184737663e-08,6.907096450951477e-08,6.907096450951477e-08
2024-03-27 23:00:00,-0.2695673875884417,-0.26978905461203695,-0.26978905461203695,6.220079425773975e-08,8.044565198694344e-08,8.044565198694344e-08
2024-03-27 23:30:00,-0.29018954718751644,-0.2695673875884417,-0.2695673875884417,7.773727860938421e-08,1.0265694536988786e-07,1.0265694536988786e-07
2024-03-28 00:00:00,-0.5867261178305121,-0.29018954718751644,-0.29018954718751644,5.1084342589324655e-08,8.889450569584738e-08,8.889450569584738e-08
2024-03-28 00:30:00,-0.8943428873521952,-0.5867261178305121,-0.5867261178305121,3.660006696585985e-08,6.439928711220864e-08,6.439928711220864e-08
2024-03-28 01:00:00,-0.3206556176070414,-0.8943428873521952,-0.8943428873521952,6.880721139018606e-08,5.015193060044336e-08,5.015193060044336e-08
2024-03-28 01:30:00,-0.6863584725550034,-0.3206556176070414,-0.3206556176070414,7.770044767579832e-08,1.4489358807616503e-07,1.4489358807616503e-07
2024-03-28 02:00:00,-0.19937632173687092,-0.6863584725550034,-0.6863584725550034,8.432425812333711e-08,6.702885216547812e-08,6.702885216547812e-08
2024-03-28 02:30:00,-0.9496549079598005,-0.19937632173687092,-0.19937632173687092,6.879863888795732e-08,1.8846235356910907e-07,1.8846235356910907e-07
2024-03-28 03:00:00,-1.1128845175732813,-0.9496549079598005,-0.9496549079598005,5.108811041975043e-08,7.780588964636572e-08,7.780588964636572e-08
2024-03-28 03:30:00,-0.7907697560178715,-1.1128845175732813,-1.1128845175732813,1.4887383551726407e-07,1.395496103758245e-07,1.395496103758245e-07
2024-03-28 04:00:00,-0.7431472019683554,-0.7907697560178715,-0.7907697560178715,1.4215332717104558e-07,1.7533867924549048e-07,1.7533867924549048e-07
2024-03-28 04:30:00,-0.7299780294986231,-0.7431472019683554,-0.7431472019683554,2.2952629174125596e-07,2.9303267899400634e-07,2.9303267899400634e-07
2024-03-28 05:00:00,-0.6493440033532885,-0.7299780294986231,-0.7299780294986231,1.9627367773893698e-07,2.34231911160841e-07,2.34231911160841e-07
2024-03-28 05:30:00,-0.2976826703719606,-0.6493440033532885,-0.6493440033532885,2.4947817066308483e-07,2.270444492115474e-07,2.270444492115474e-07
2024-03-28 06:00:00,-0.8104126484450553,-0.2976826703719606,-0.2976826703719606,1.2824734160319857e-07,2.770301811400349e-07,2.770301811400349e-07
2024-03-28 06:30:00,-0.505029600054721,-0.8104126484450553,-0.8104126484450553,1.4705501323924867e-07,1.4017048501612007e-07,1.4017048501612007e-07
2024-03-28 07:00:00,-0.2882785578778755,-0.505029600054721,-0.505029600054721,1.6873734211350152e-07,1.7574393113058117e-07,1.7574393113058117e-07
2024-03-28 07:30:00,-1.2242797216214516,-0.2882785578778755,-0.2882785578778755,1.3625528071044505e-07,4.4942414154444413e-07,4.4942414154444413e-07
2024-03-28 08:00:00,0.21795110512530513,-1.2242797216214516,-1.2242797216214516,3.934159030085897e-07,1.2031005794601133e-07,1.2031005794601133e-07
2024-03-28 08:30:00,-0.5804010073240491,0.21795110512530513,0.21795110512530513,3.082225713552565e-07,8.859052401742685e-07,8.859052401742685e-07
2024-03-28 16:30:00,-0.7279840550228514,-0.5804010073240491,-0.5804010073240491,2.5070554376320144e-07,3.7589050449186064e-07,3.7589050449186064e-07
2024-03-28 17:00:00,0.019660375454408907,-0.7279840550228514,-0.7279840550228514,1.611398837715118e-07,9.869794488115536e-08,9.869794488115536e-08
2024-03-28 17:30:00,-0.536323297466339,0.019660375454408907,0.019660375454408907,6.596104028844204e-08,1.4878222591369003e-07,1.4878222591369003e-07
2024-03-28 18:00:00,-0.1898283033306445,-0.536323297466339,-0.536323297466339,1.0964087461863339e-07,1.0029852392103968e-07,1.0029852392103968e-07
2024-03-28 18:30:00,0.05364310274223705,-0.1898283033306445,-0.1898283033306445,2.9928396830330647e-07,3.0349258153310466e-07,3.0349258153310466e-07
2024-03-28 19:00:00,0.08449878385843057,0.05364310274223705,0.05364310274223705,1.507158347521702e-07,1.8904332421272528e-07,1.8904332421272528e-07
2024-03-28 19:30:00,1.3800138632885641,0.08449878385843057,0.08449878385843057,5.977626398413883e-07,2.1168819128203493e-07,2.1168819128203493e-07
2024-03-28 20:00:00,0.8726258664788809,1.3800138632885641,1.3800138632885641,2.0814615002787949e-07,4.472260618148197e-07,4.472260618148197e-07
2024-03-28 20:30:00,0.21116629892440386,0.8726258664788809,0.8726258664788809,2.0814615002787949e-07,5.21722464165938e-07,5.21722464165938e-07
2024-03-28 21:00:00,0.12369887213845843,0.21116629892440386,0.21116629892440386,2.0814615002787949e-07,2.9387180295716046e-07,2.9387180295716046e-07
2024-03-31 18:30:00,2.435584097024206,0.12369887213845843,0.12369887213845843,3.191075191284137e-06,4.0897895028840853e-07,4.0897895028840853e-07
2024-03-31 19:00:00,-0.5028539403815255,2.435584097024206,2.435584097024206,8.3767361485327e-08,2.0465632701198263e-06,2.0465632701198263e-06
2024-03-31 19:30:00,-0.14609601650157877,-0.5028539403815255,-0.5028539403815255,1.299414379981956e-07,1.1765559518318584e-07,1.1765559518318584e-07
2024-03-31 20:00:00,0.7410612899792639,-0.14609601650157877,-0.14609601650157877,1.8248644582776441e-07,9.72178482046109e-08,9.72178482046109e-08
2024-03-31 20:30:00,0.5667910360714501,0.7410612899792639,0.7410612899792639,2.97039526104356e-07,4.5740590532850573e-07,4.5740590532850573e-07
2024-03-31 21:00:00,-0.31475836816498237,0.5667910360714501,0.5667910360714501,1.3426067378725928e-07,4.1937619828248386e-07,4.1937619828248386e-07
2024-03-31 21:30:00,-0.42751747873032286,-0.31475836816498237,-0.31475836816498237,9.463707287424872e-08,1.3703606295952223e-07,1.3703606295952223e-07
2024-03-31 22:00:00,0.29473100854648315,-0.42751747873032286,-0.42751747873032286,1.8713455766100452e-07,1.1756779598182732e-07,1.1756779598182732e-07
2024-03-31 22:30:00,0.14577297233939746,0.29473100854648315,0.29473100854648315,1.2115440397772503e-07,1.8190044974801447e-07,1.8190044974801447e-07
2024-03-31 23:00:00,-0.1442512555741189,0.14577297233939746,0.14577297233939746,7.050501916366859e-08,1.2189302950486456e-07,1.2189302950486456e-07
2024-03-31 23:30:00,-0.31496713748192917,-0.1442512555741189,-0.1442512555741189,7.27111314325742e-08,1.1156931903507748e-07,1.1156931903507748e-07
2024-04-01 00:00:00,-0.11973289284440014,-0.31496713748192917,-0.31496713748192917,8.148926289836747e-08,8.671897752761495e-08,8.671897752761495e-08
2024-04-01 00:30:00,-0.6717429136945725,-0.11973289284440014,-0.11973289284440014,4.4027757307567736e-08,9.891550763842012e-08,9.891550763842012e-08
2024-04-01 01:00:00,0.021289499990704286,-0.6717429136945725,-0.6717429136945725,9.244170522753027e-08,5.979855771429713e-08,5.979855771429713e-08
2024-04-01 01:30:00,-0.6949744295904132,0.021289499990704286,0.021289499990704286,7.703385972721301e-08,2.0396424630299306e-07,2.0396424630299306e-07
2024-04-01 02:00:00,-0.11291144711477585,-0.6949744295904132,-0.6949744295904132,8.808795663390878e-08,6.366968609300526e-08,6.366968609300526e-08
2024-04-01 02:30:00,-0.3427384132117215,-0.11291144711477585,-0.11291144711477585,1.2112380831343502e-07,1.9717189693495233e-07,1.9717189693495233e-07
2024-04-01 03:00:00,-0.75077837339078,-0.3427384132117215,-0.3427384132117215,6.606736316265276e-08,1.285284858377465e-07,1.285284858377465e-07
2024-04-01 03:30:00,-0.7649594189316158,-0.75077837339078,-0.75077837339078,1.430692098721868e-07,1.8771883176179733e-07,1.8771883176179733e-07
2024-04-01 04:00:00,-1.1271782764149414,-0.7649594189316158,-0.7649594189316158,9.022197122560642e-08,1.6765823000263937e-07,1.6765823000263937e-07
2024-04-01 04:30:00,-1.1624946870402493,-1.1271782764149414,-1.1271782764149414,1.449515942736936e-07,1.9425116535501237e-07,1.9425116535501237e-07
2024-04-01 05:00:00,-1.7263495106231446,-1.1624946870402493,-1.1624946870402493,6.685355581036824e-08,1.519870075220139e-07,1.519870075220139e-07
2024-04-01 05:30:00,-1.3308341240389723,-1.7263495106231446,-1.7263495106231446,8.623908814239403e-08,7.511677260612474e-08,7.511677260612474e-08
2024-04-01 06:00:00,-1.4285496886357159,-1.3308341240389723,-1.3308341240389723,6.109231610308138e-08,8.714186190397397e-08,8.714186190397397e-08
2024-04-01 06:30:00,-1.536862574382969,-1.4285496886357159,-1.4285496886357159,5.061710722386724e-08,7.296925704658388e-08,7.296925704658388e-08
2024-04-01 07:00:00,-0.9750025989531697,-1.536862574382969,-1.536862574382969,8.49123269186791e-08,6.262690790586115e-08,6.262690790586115e-08
2024-04-01 07:30:00,-0.5081043887341234,-0.9750025989531697,-0.9750025989531697,2.2180222708802625e-07,1.798860562092355e-07,1.798860562092355e-07
2024-04-01 08:00:00,-0.55886419111261,-0.5081043887341234,-0.5081043887341234,2.1555560079849212e-07,2.933640739167484e-07,2.933640739167484e-07
2024-04-01 08:30:00,0.9056481928537803,-0.55886419111261,-0.55886419111261,1.1832756781593748e-06,3.538825964687628e-07,3.538825964687628e-07
2024-04-01 16:30:00,-0.5514665632211706,0.9056481928537803,0.9056481928537803,2.7646329820866347e-07,1.5355264339738645e-06,1.5355264339738645e-06
2024-04-01 17:00:00,-1.0383508005223643,-0.5514665632211706,-0.5514665632211706,5.309877650849126e-08,1.1177342685165474e-07,1.1177342685165474e-07
2024-04-01 17:30:00,1.3691793871258682,-1.0383508005223643,-1.0383508005223643,4.152520339618835e-07,4.8365714410888866e-08,4.8365714410888866e-08
2024-04-01 18:00:00,-0.04803074723253786,1.3691793871258682,1.3691793871258682,1.2385461807252816e-07,6.610003048139498e-07,6.610003048139498e-07
2024-04-01 18:30:00,0.1392647924095467,-0.04803074723253786,-0.04803074723253786,3.211132565144288e-07,3.444448770403619e-07,3.444448770403619e-07
2024-04-01 19:00:00,0.13280200432637734,0.1392647924095467,0.1392647924095467,1.5017081404700621e-07,1.9552180707869686e-07,1.9552180707869686e-07
2024-04-01 19:30:00,-0.03817673403248634,0.13280200432637734,0.13280200432637734,1.2834597339838952e-07,1.969882331811097e-07,1.969882331811097e-07
2024-04-01 20:00:00,0.8497513030011437,-0.03817673403248634,-0.03817673403248634,2.034389406368771e-07,1.0829658281809708e-07,1.0829658281809708e-07
2024-04-01 20:30:00,0.582489953841705,0.8497513030011437,0.8497513030011437,3.1507030968309765e-07,5.324520742841176e-07,5.324520742841176e-07
2024-04-01 21:00:00,0.19429668276328904,0.582489953841705,0.582489953841705,2.2337194301618685e-07,4.260119011272609e-07,4.260119011272609e-07
2024-04-01 21:30:00,0.2330953401109639,0.19429668276328904,0.19429668276328904,1.832153265555182e-07,2.279894088350821e-07,2.279894088350821e-07
2024-04-01 22:00:00,0.23480884839577065,0.2330953401109639,0.2330953401109639,1.8986328095093906e-07,2.4518829213174627e-07,2.4518829213174627e-07
2024-04-01 22:30:00,0.512558668829632,0.23480884839577065,0.23480884839577065,1.854114481995211e-07,1.816829805594111e-07,1.816829805594111e-07
2024-04-01 23:00:00,0.3345867469780295,0.512558668829632,0.512558668829632,1.1163468415943436e-07,1.7254178469250367e-07,1.7254178469250367e-07
2024-04-01 23:30:00,-0.1095340796689932,0.3345867469780295,0.3345867469780295,8.92933971668117e-08,1.8009492908209396e-07,1.8009492908209396e-07
2024-04-02 00:00:00,0.0899306696696982,-0.1095340796689932,-0.1095340796689932,1.0049769887829915e-07,1.0649582738859878e-07,1.0649582738859878e-07
2024-04-02 00:30:00,0.45834519433732623,0.0899306696696982,0.0899306696696982,1.363068222918707e-07,1.219888430385984e-07,1.219888430385984e-07
2024-04-02 01:00:00,-0.1543274835477746,0.45834519433732623,0.45834519433732623,7.819884661707312e-08,1.8667391038694475e-07,1.8667391038694475e-07
2024-04-02 01:30:00,0.17158114371831346,-0.1543274835477746,-0.1543274835477746,1.5205748199938476e-07,1.419941297428026e-07,1.419941297428026e-07
2024-04-02 02:00:00,0.17798546571098406,0.17158114371831346,0.17158114371831346,1.1404881301136736e-07,1.4659269266792197e-07,1.4659269266792197e-07
2024-04-02 02:30:00,0.16105177135581528,0.17798546571098406,0.17798546571098406,1.8325207326308415e-07,2.4110489136306925e-07,2.4110489136306925e-07
2024-04-02 03:00:00,0.8318656473407593,0.16105177135581528,0.16105177135581528,3.171349059889659e-07,2.0975687083574895e-07,2.0975687083574895e-07
2024-04-02 03:30:00,0.8966971453294938,0.8318656473407593,0.8318656473407593,7.171450378970493e-07,8.694686955222618e-07,8.694686955222618e-07
2024-04-02 04:00:00,0.4999881277696012,0.8966971453294938,0.8966971453294938,4.448259892111734e-07,8.556213340789504e-07,8.556213340789504e-07
2024-04-02 04:30:00,0.4759620856265432,0.4999881277696012,0.4999881277696012,7.310794491604747e-07,9.687280335218315e-07,9.687280335218315e-07
2024-04-02 05:00:00,-0.1059285756075532,0.4759620856265432,0.4759620856265432,3.1854553225661943e-07,7.373714797006825e-07,7.373714797006825e-07
2024-04-02 05:30:00,-0.058286338917319824,-0.1059285756075532,-0.1059285756075532,2.802737824186256e-07,3.4569621804241785e-07,3.4569621804241785e-07
2024-04-02 06:00:00,0.47120253581609006,-0.058286338917319824,-0.058286338917319824,3.742390815405908e-07,2.851004851690785e-07,2.851004851690785e-07
2024-04-02 06:30:00,0.42739017458030126,0.47120253581609006,0.47120253581609006,3.5500876880178003e-07,4.798101836797104e-07,4.798101836797104e-07
2024-04-02 07:00:00,1.6254949517627235,0.42739017458030126,0.42739017458030126,9.694050699871483e-07,3.7842333393450963e-07,3.7842333393450963e-07
2024-04-02 07:30:00,0.5109773091570116,1.6254949517627235,1.6254949517627235,5.368579217783028e-07,2.116855153561905e-06,2.116855153561905e-06
2024-04-02 08:00:00,-0.04536648718186065,0.5109773091570116,0.5109773091570116,3.602205881074969e-07,8.128089667157239e-07,8.128089667157239e-07
2024-04-02 08:30:00,-0.5175710465024004,-0.04536648718186065,-0.04536648718186065,3.282094977318305e-07,6.808162188369139e-07,6.808162188369139e-07
2024-04-02 16:30:00,-1.8567465520889623,-0.5175710465024004,-0.5175710465024004,7.494826580421284e-08,3.6996533630925416e-07,3.6996533630925416e-07
2024-04-02 17:00:00,-1.2467728656616632,-1.8567465520889623,-1.8567465520889623,4.310900127412635e-08,3.030139826807234e-08,3.030139826807234e-08
2024-04-02 17:30:00,-1.0154326355351202,-1.2467728656616632,-1.2467728656616632,3.825497526045653e-08,3.9266397104830194e-08,3.9266397104830194e-08
2024-04-02 18:00:00,-0.9371472932301472,-1.0154326355351202,-1.0154326355351202,4.9957260628988e-08,5.97589059900578e-08,5.97589059900578e-08
2024-04-02 18:30:00,-0.8359453768550349,-0.9371472932301472,-0.9371472932301472,1.2109601165063415e-07,1.4157328851900213e-07,1.4157328851900213e-07
2024-04-02 19:00:00,-0.5613754479477109,-0.8359453768550349,-0.8359453768550349,7.50080884888907e-08,7.373383237104391e-08,7.373383237104391e-08
2024-04-02 19:30:00,-1.2948613692317892,-0.5613754479477109,-0.5613754479477109,3.537641425737597e-08,9.529401235211298e-08,9.529401235211298e-08
2024-04-02 20:00:00,-0.6682030834536654,-1.2948613692317892,-1.2948613692317892,4.458562632590802e-08,3.082077468559052e-08,3.082077468559052e-08
2024-04-02 20:30:00,0.6399233034037515,-0.6682030834536654,-0.6682030834536654,3.462026259772981e-07,1.2106572316262597e-07,1.2106572316262597e-07
2024-04-02 21:00:00,0.021519635158545825,0.6399233034037515,0.6399233034037515,2.0824346885668017e-07,4.999696069800843e-07,4.999696069800843e-07
2024-04-02 21:30:00,0.43534807543355747,0.021519635158545825,0.021519635158545825,2.4232262140531685e-07,2.0723994324831247e-07,2.0723994324831247e-07
2024-04-02 22:00:00,-0.005910615197617375,0.43534807543355747,0.43534807543355747,1.6305624919905635e-07,3.2792654750987685e-07,3.2792654750987685e-07
2024-04-02 22:30:00,-0.0757638130506102,-0.005910615197617375,-0.005910615197617375,1.0874167921278736e-07,1.5084669794031953e-07,1.5084669794031953e-07
2024-04-02 23:00:00,-0.49129019165878063,-0.0757638130506102,-0.0757638130506102,4.98313829370777e-08,9.767123240063632e-08,9.767123240063632e-08
2024-04-02 23:30:00,-0.25769557344173677,-0.49129019165878063,-0.49129019165878063,7.699696854049318e-08,7.885471881030055e-08,7.885471881030055e-08
2024-04-03 00:00:00,0.0033105365566399314,-0.25769557344173677,-0.25769557344173677,9.50756890035057e-08,9.473683734817443e-08,9.473683734817443e-08
2024-04-03 00:30:00,0.5622300377381926,0.0033105365566399314,0.0033105365566399314,1.6080281893551508e-07,1.1894903331171756e-07,1.1894903331171756e-07
2024-04-03 01:00:00,-0.08527537439255539,0.5622300377381926,0.5622300377381926,8.37894418624441e-08,2.07109604475228e-07,2.07109604475228e-07
2024-04-03 01:30:00,-0.15990651467409478,-0.08527537439255539,-0.08527537439255539,1.291119821830885e-07,1.7996222554551897e-07,1.7996222554551897e-07
2024-04-03 02:00:00,0.5083470475688028,-0.15990651467409478,-0.15990651467409478,1.5869563507769874e-07,1.052322996888637e-07,1.052322996888637e-07
2024-04-03 02:30:00,1.1022063168859955,0.5083470475688028,0.5083470475688028,4.6966383780369915e-07,3.3549050485416446e-07,3.3549050485416446e-07
2024-04-03 03:00:00,0.894220161663096,1.1022063168859955,1.1022063168859955,3.4229516162733114e-07,5.451687008107946e-07,5.451687008107946e-07
2024-04-03 03:30:00,1.1106455886330604,0.894220161663096,0.894220161663096,9.334930388044085e-07,9.725717023124826e-07,9.725717023124826e-07
2024-04-03 04:00:00,1.1879850275875228,1.1106455886330604,1.1106455886330604,9.136396930731319e-07,1.0939306280194815e-06,1.0939306280194815e-06
2024-04-03 04:30:00,0.5049208663901226,1.1879850275875228,1.1879850275875228,7.871569619855977e-07,2.016114769595458e-06,2.016114769595458e-06
2024-04-03 05:00:00,0.151073756943088,0.5049208663901226,0.5049208663901226,4.1189470889953305e-07,7.590370488960112e-07,7.590370488960112e-07
2024-04-03 05:30:00,0.24045806024087035,0.151073756943088,0.151073756943088,3.7964166129881043e-07,4.491151131937291e-07,4.491151131937291e-07
2024-04-03 06:00:00,0.31740463212437575,0.24045806024087035,0.24045806024087035,3.501425718452079e-07,4.194018676279143e-07,4.194018676279143e-07
2024-04-03 06:30:00,-0.2772427640610946,0.31740463212437575,0.31740463212437575,1.7837880676072815e-07,4.182136962169653e-07,4.182136962169653e-07
2024-04-03 07:00:00,0.15478406728053606,-0.2772427640610946,-0.2772427640610946,2.62803325962516e-07,2.2070232212112525e-07,2.2070232212112525e-07
2024-04-03 07:30:00,0.38600974715736136,0.15478406728053606,0.15478406728053606,5.423438726972334e-07,5.567466536553913e-07,5.567466536553913e-07
2024-04-03 08:00:00,0.3451494765528498,0.38600974715736136,0.38600974715736136,5.323134738001792e-07,7.173246637199154e-07,7.173246637199154e-07
2024-04-03 08:30:00,1.141179708619969,0.3451494765528498,0.3451494765528498,1.7240007257866398e-06,1.006071441870033e-06,1.006071441870033e-06
2024-04-03 16:30:00,0.39276176052488054,1.141179708619969,1.141179708619969,7.107397996221797e-07,1.9433334888870134e-06,1.9433334888870134e-06
2024-04-03 17:00:00,-0.5146331952670611,0.39276176052488054,0.39276176052488054,8.964626094817699e-08,2.8735034096160496e-07,2.8735034096160496e-07
2024-04-03 17:30:00,-0.48531609142123244,-0.5146331952670611,-0.5146331952670611,6.500018838333427e-08,8.165546816940698e-08,8.165546816940698e-08
2024-04-03 18:00:00,-0.9392169786893128,-0.48531609142123244,-0.48531609142123244,4.9271447428038225e-08,1.0035173500520019e-07,1.0035173500520019e-07
2024-04-03 18:30:00,-0.1864824022637901,-0.9392169786893128,-0.9392169786893128,2.3183981723805743e-07,1.4128057935478543e-07,1.4128057935478543e-07
2024-04-03 19:00:00,-1.193245207199407,-0.1864824022637901,-0.1864824022637901,3.6664381716660126e-08,1.2980123087288736e-07,1.2980123087288736e-07
2024-04-03 19:30:00,0.13362885091917143,-1.193245207199407,-1.193245207199407,1.476043752470631e-07,5.065800278900294e-08,5.065800278900294e-08
2024-04-03 20:00:00,2.8524293777593037,0.13362885091917143,0.13362885091917143,1.5072528807163075e-06,1.2859644731089622e-07,1.2859644731089622e-07
2024-04-03 20:30:00,0.6319662116670433,2.8524293777593037,2.8524293777593037,3.4345879087393666e-07,4.0927239343688875e-06,4.0927239343688875e-06
2024-04-03 21:00:00,-0.18305626627155647,0.6319662116670433,0.6319662116670433,1.7289047473279198e-07,5.052819052212287e-07,5.052819052212287e-07
2024-04-03 21:30:00,-0.43291168696847393,-0.18305626627155647,-0.18305626627155647,1.1228654409634455e-07,1.8648395029508552e-07,1.8648395029508552e-07
2024-04-03 22:00:00,-0.9238652118375263,-0.43291168696847393,-0.43291168696847393,6.511406849290225e-08,1.3762462639572438e-07,1.3762462639572438e-07
2024-04-03 22:30:00,0.21823566937972672,-0.9238652118375263,-0.9238652118375263,1.4590775930798603e-07,6.023836724971694e-08,6.023836724971694e-08
2024-04-03 23:00:00,-0.22453947256787643,0.21823566937972672,0.21823566937972672,6.506557998369835e-08,1.3105361965709422e-07,1.3105361965709422e-07
2024-04-03 23:30:00,0.13814173620701098,-0.22453947256787643,-0.22453947256787643,1.1438882162730617e-07,1.0296178254418998e-07,1.0296178254418998e-07
2024-04-04 00:00:00,0.09999129060780021,0.13814173620701098,0.13814173620701098,1.0541514372799329e-07,1.4166887576734895e-07,1.4166887576734895e-07
2024-04-04 00:30:00,-0.08664563677324111,0.09999129060780021,0.09999129060780021,8.965287448176057e-08,1.3977275343541747e-07,1.3977275343541747e-07
2024-04-04 01:00:00,-0.9258156027804851,-0.08664563677324111,-0.08664563677324111,3.501233716326855e-08,1.0482645565995364e-07,1.0482645565995364e-07
2024-04-04 01:30:00,-0.12370289030808657,-0.9258156027804851,-0.9258156027804851,1.2335846596064254e-07,7.155150110339602e-08,7.155150110339602e-08
2024-04-04 02:00:00,-0.3831767861821511,-0.12370289030808657,-0.12370289030808657,6.50700439652088e-08,1.0911189429055095e-07,1.0911189429055095e-07
2024-04-04 02:30:00,0.5381718015281169,-0.3831767861821511,-0.3831767861821511,2.6719605697551694e-07,1.3756132542701783e-07,1.3756132542701783e-07
2024-04-04 03:00:00,0.02492484900407632,0.5381718015281169,0.5381718015281169,1.5939113721667618e-07,3.444826892233706e-07,3.444826892233706e-07
2024-04-04 03:30:00,1.0787992703061047,0.02492484900407632,0.02492484900407632,9.042331057861334e-07,4.0774765483214814e-07,4.0774765483214814e-07
2024-04-04 04:00:00,-0.08609708178840414,1.0787992703061047,1.0787992703061047,2.5553366838568754e-07,1.059641848594318e-06,1.059641848594318e-06
2024-04-04 04:30:00,-0.48157536614850116,-0.08609708178840414,-0.08609708178840414,3.182019182569818e-07,6.113075284756308e-07,6.113075284756308e-07
2024-04-04 05:00:00,0.009264822699289965,-0.48157536614850116,-0.48157536614850116,3.792208777930578e-07,3.002796962822523e-07,3.002796962822523e-07
2024-04-04 05:30:00,-1.2554921274499087,0.009264822699289965,0.009264822699289965,9.298754228034546e-08,4.2609324364850397e-07,4.2609324364850397e-07
2024-04-04 06:00:00,-0.6128935600129495,-1.2554921274499087,-1.2554921274499087,1.5625352432278891e-07,1.0630549744774699e-07,1.0630549744774699e-07
2024-04-04 06:30:00,0.25299465037068813,-0.6128935600129495,-0.6128935600129495,2.9819480047512306e-07,1.6227533303324462e-07,1.6227533303324462e-07
2024-04-04 07:00:00,-0.2843034794991528,0.25299465037068813,0.25299465037068813,1.9465664885294406e-07,4.309409548886964e-07,4.309409548886964e-07
2024-04-04 07:30:00,-1.2734353051956973,-0.2843034794991528,-0.2843034794991528,1.2963776104665412e-07,4.509297926762074e-07,4.509297926762074e-07
2024-04-04 08:00:00,-0.022624144202922025,-1.2734353051956973,-1.2734353051956973,3.6850671409112396e-07,1.3646709104264373e-07,1.3646709104264373e-07
2024-04-04 08:30:00,-0.6082312938927448,-0.022624144202922025,-0.022624144202922025,3.479892987657427e-07,8.085274272659866e-07,8.085274272659866e-07
2024-04-04 16:30:00,1.55652712705405,-0.6082312938927448,-0.6082312938927448,2.2757655161224925e-06,3.378996872697218e-07,3.378996872697218e-07
2024-04-04 17:00:00,0.8942388861947048,1.55652712705405,1.55652712705405,3.66773163343007e-07,9.200863626239707e-07,9.200863626239707e-07
2024-04-04 17:30:00,-0.09543583179422654,0.8942388861947048,0.8942388861947048,9.599253497081003e-08,3.340801283620802e-07,3.340801283620802e-07
2024-04-04 18:00:00,0.4007367046173407,-0.09543583179422654,-0.09543583179422654,1.8816108609889555e-07,1.4819983866905193e-07,1.4819983866905193e-07
2024-04-04 18:30:00,1.8935004840599738,0.4007367046173407,0.4007367046173407,1.6332978929309134e-06,4.748639971817912e-07,4.748639971817912e-07
2024-04-04 19:00:00,2.1216284368105995,1.8935004840599738,1.8935004840599738,9.863847814786352e-07,1.0157213151506588e-06,1.0157213151506588e-06
2024-04-04 19:30:00,1.6183547409134444,2.1216284368105995,2.1216284368105995,6.514896071931211e-07,1.3940533531096855e-06,1.3940533531096855e-06
2024-04-04 20:00:00,1.299887452436531,1.6183547409134444,1.6183547409134444,3.1909921182416384e-07,5.675932627659253e-07,5.675932627659253e-07
2024-04-04 20:30:00,1.139381206149734,1.299887452436531,1.299887452436531,5.704822926978722e-07,8.664670662631913e-07,8.664670662631913e-07
2024-04-04 21:00:00,2.3461353165359533,1.139381206149734,1.139381206149734,1.9764523894075804e-06,7.648964058700418e-07,7.648964058700418e-07
2024-04-04 21:30:00,0.8830467399319772,2.3461353165359533,2.3461353165359533,3.7916393172861084e-07,2.118562241198842e-06,2.118562241198842e-06
2024-04-04 22:00:00,0.5508899527775952,0.8830467399319772,0.8830467399319772,2.845462471843609e-07,5.131090046441117e-07,5.131090046441117e-07
2024-04-04 22:30:00,0.7532052195092298,0.5508899527775952,0.5508899527775952,2.5445935036044406e-07,2.688790248593865e-07,2.688790248593865e-07
2024-04-04 23:00:00,0.8518855837129617,0.7532052195092298,0.7532052195092298,1.872661053083344e-07,2.194854597928504e-07,2.194854597928504e-07
2024-04-04 23:30:00,1.2076498183540902,0.8518855837129617,0.8518855837129617,3.419258584821373e-07,3.0990488091048176e-07,3.0990488091048176e-07
2024-04-05 00:00:00,0.5903352747994326,1.2076498183540902,1.2076498183540902,1.7543832995024276e-07,4.207495872898127e-07,4.207495872898127e-07
2024-04-05 00:30:00,0.5304761043664943,0.5903352747994326,0.5903352747994326,1.661792465112043e-07,2.2823182717980155e-07,2.2823182717980155e-07
2024-04-05 01:00:00,0.6673157108001693,0.5304761043664943,0.5304761043664943,1.6611694715826673e-07,1.8740801879171253e-07,1.8740801879171253e-07
2024-04-05 01:30:00,0.8341495469843512,0.6673157108001693,0.6673157108001693,2.906258896470178e-07,3.1818682970960127e-07,3.1818682970960127e-07
2024-04-05 02:00:00,0.4714995168622256,0.8341495469843512,0.8341495469843512,1.5225773559741684e-07,2.8306044678354584e-07,2.8306044678354584e-07
2024-04-05 02:30:00,1.2451067610942292,0.4714995168622256,0.4714995168622256,6.106467622077788e-07,3.6443461073260645e-07,3.6443461073260645e-07
2024-04-05 03:00:00,1.0814944265623812,1.2451067610942292,1.2451067610942292,4.42175225131087e-07,6.736793788961658e-07,6.736793788961658e-07
2024-04-05 03:30:00,1.1138640904154844,1.0814944265623812,1.0814944265623812,1.0573679725769142e-06,1.3242534086088265e-06,1.3242534086088265e-06
2024-04-05 04:00:00,0.4295359005963917,1.1138640904154844,1.1138640904154844,4.145654830998522e-07,1.0631535915094123e-06,1.0631535915094123e-06
2024-04-05 04:30:00,-0.040596932593116364,0.4295359005963917,0.4295359005963917,4.945580709825055e-07,1.0237556303267093e-06,1.0237556303267093e-06
2024-04-05 05:00:00,0.5346686551712825,-0.040596932593116364,-0.040596932593116364,6.566463157414535e-07,4.778589844374461e-07,4.778589844374461e-07
2024-04-05 05:30:00,0.1786899603713774,0.5346686551712825,0.5346686551712825,3.5690145646610075e-07,6.590992498630981e-07,6.590992498630981e-07
2024-04-05 06:00:00,0.3308860927169395,0.1786899603713774,0.1786899603713774,3.702271687236488e-07,4.1131377999200215e-07,4.1131377999200215e-07
2024-04-05 06:30:00,0.11294054618654847,0.3308860927169395,0.3308860927169395,2.635103713456742e-07,4.238900041707301e-07,4.238900041707301e-07
2024-04-05 07:00:00,0.31919336615193217,0.11294054618654847,0.11294054618654847,3.0632594710069166e-07,3.2241277206984685e-07,3.2241277206984685e-07
2024-04-05 07:30:00,-0.33030856979952894,0.31919336615193217,0.31919336615193217,2.6496081172674436e-07,6.562354186723781e-07,6.562354186723781e-07
2024-04-05 08:00:00,0.3464427054528709,-0.33030856979952894,-0.33030856979952894,5.330023222917519e-07,3.504472618554805e-07,3.504472618554805e-07
2024-04-05 08:30:00,0.39821138275692647,0.3464427054528709,0.3464427054528709,8.288036989285893e-07,1.0180561787001292e-06,1.0180561787001292e-06
2024-04-05 16:30:00,-0.5872318185829961,0.39821138275692647,0.39821138275692647,3.024893822199436e-07,1.0483000192930312e-06,1.0483000192930312e-06
2024-04-05 17:00:00,0.4722592297223951,-0.5872318185829961,-0.5872318185829961,2.7222796697527864e-07,1.2206876147606525e-07,1.2206876147606525e-07
2024-04-05 17:30:00,1.2570996711624591,0.4722592297223951,0.4722592297223951,3.460698263476859e-07,2.0422776115075582e-07,2.0422776115075582e-07
2024-04-05 18:00:00,-0.6121549695003274,1.2570996711624591,1.2570996711624591,6.878728695195964e-08,5.769232889752289e-07,5.769232889752289e-07
2024-04-05 18:30:00,-0.9353004039787685,-0.6121549695003274,-0.6121549695003274,9.650121596613541e-08,1.7245507490114175e-07,1.7245507490114175e-07
2024-04-05 19:00:00,-0.4013585670427169,-0.9353004039787685,-0.9353004039787685,8.09387259394077e-08,6.138627557631694e-08,6.138627557631694e-08
2024-04-05 19:30:00,0.2608774611986462,-0.4013585670427169,-0.4013585670427169,1.7308516039781822e-07,1.1546684419907633e-07,1.1546684419907633e-07
2024-04-05 20:00:00,0.7891426638496117,0.2608774611986462,0.2608774611986462,2.3624639065900918e-07,1.8019611935645737e-07,1.8019611935645737e-07
2024-04-07 18:30:00,3.0856812199277517,0.7891426638496117,0.7891426638496117,5.380503482352015e-06,7.002478897341628e-07,7.002478897341628e-07
2024-04-07 19:00:00,-0.08719192126119069,3.0856812199277517,3.0856812199277517,1.1081465648408912e-07,3.4226415304745953e-06,3.4226415304745953e-06
2024-04-07 19:30:00,0.369741566545688,-0.08719192126119069,-0.08719192126119069,2.0569071899485573e-07,1.6848991771296517e-07,1.6848991771296517e-07
2024-04-07 20:00:00,0.6644866866685266,0.369741566545688,0.369741566545688,2.553953442850665e-07,2.460422620100275e-07,2.460422620100275e-07
2024-04-07 20:30:00,0.9861511789243842,0.6644866866685266,0.6644866866685266,5.251038567958119e-07,4.92437375906254e-07,4.92437375906254e-07
2024-04-07 21:00:00,0.5792857392756385,0.9861511789243842,0.9861511789243842,3.377173208950436e-07,6.562293719994523e-07,6.562293719994523e-07
2024-04-07 21:30:00,0.5982670793667406,0.5792857392756385,0.5792857392756385,2.8519951516102824e-07,3.6199969606226025e-07,3.6199969606226025e-07
2024-04-07 22:00:00,0.6363890290849152,0.5982670793667406,0.5982670793667406,3.0994500318856856e-07,3.859503162183716e-07,3.859503162183716e-07
2024-04-07 22:30:00,0.387717359633303,0.6363890290849152,0.6363890290849152,1.765586718985003e-07,2.9287931590040006e-07,2.9287931590040006e-07
2024-04-07 23:00:00,0.073963019191293,0.387717359633303,0.387717359633303,8.602242893619662e-08,1.5229175594123263e-07,1.5229175594123263e-07
2024-04-07 23:30:00,0.9097826782762208,0.073963019191293,0.073963019191293,2.5384574653150305e-07,1.4235769228611135e-07,1.4235769228611135e-07
2024-04-08 00:00:00,1.5163605387843742,0.9097826782762208,0.9097826782762208,4.4288619852655575e-07,3.1236448030731194e-07,3.1236448030731194e-07
2024-04-08 00:30:00,0.08720047068609915,1.5163605387843742,1.5163605387843742,1.0667548444422834e-07,5.761610153898542e-07,5.761610153898542e-07
2024-04-08 01:00:00,0.3995992515084428,0.08720047068609915,0.08720047068609915,1.2710017842037478e-07,1.2030287543752384e-07,1.2030287543752384e-07
2024-04-08 01:30:00,-0.10687567658612984,0.3995992515084428,0.3995992515084428,1.134102317071013e-07,2.434526008268938e-07,2.434526008268938e-07
2024-04-08 02:00:00,1.6948942344248223,-0.10687567658612984,-0.10687567658612984,5.174792518972028e-07,1.1045798740032201e-07,1.1045798740032201e-07
2024-04-08 02:30:00,1.187513228834316,1.6948942344248223,1.6948942344248223,5.764710543318252e-07,1.2386060319851299e-06,1.2386060319851299e-06
2024-04-08 03:00:00,0.7936022377550973,1.187513228834316,1.187513228834316,3.315617449832822e-07,6.359759616669177e-07,6.359759616669177e-07
2024-04-08 03:30:00,1.1455800853323002,0.7936022377550973,0.7936022377550973,1.0914409224433047e-06,9.929813929042158e-07,9.929813929042158e-07
2024-04-08 04:00:00,0.6749561992849209,1.1455800853323002,1.1455800853323002,5.29880358151672e-07,1.0974129789348605e-06,1.0974129789348605e-06
2024-04-08 04:30:00,1.7985246734765052,0.6749561992849209,0.6749561992849209,2.968051338136002e-06,1.2482878244806212e-06,1.2482878244806212e-06
2024-04-08 05:00:00,1.007849386952298,1.7985246734765052,1.7985246734765052,1.0539773856256946e-06,3.00621557726785e-06,3.00621557726785e-06
2024-04-08 05:30:00,1.3970390333542007,1.007849386952298,1.007849386952298,1.2068980891491352e-06,1.0579145692063619e-06,1.0579145692063619e-06
2024-04-08 06:00:00,0.44359400430962026,1.3970390333542007,1.3970390333542007,4.1439710227954086e-07,1.3908988212834756e-06,1.3908988212834756e-06
2024-04-08 06:30:00,1.4490354126957428,0.44359400430962026,0.44359400430962026,1.0024352751566586e-06,4.744621795833986e-07,4.744621795833986e-07
2024-04-08 07:00:00,0.5138622821529868,1.4490354126957428,1.4490354126957428,3.7215805298231744e-07,1.2265093560962175e-06,1.2265093560962175e-06
2024-04-08 07:30:00,0.5715259728565947,0.5138622821529868,0.5138622821529868,5.70368216148386e-07,6.964905174617274e-07,6.964905174617274e-07
2024-04-08 08:00:00,0.4957219454041759,0.5715259728565947,0.5715259728565947,6.188141721853032e-07,8.635439314733732e-07,8.635439314733732e-07
2024-04-08 08:30:00,0.4096533342867943,0.4957219454041759,0.4957219454041759,8.383412909588514e-07,1.1819603125774271e-06,1.1819603125774271e-06
2024-04-08 16:30:00,-0.7199521856052353,0.4096533342867943,0.4096533342867943,2.33595842371574e-07,9.350815047900981e-07,9.350815047900981e-07
2024-04-08 17:00:00,-1.1795334969591131,-0.7199521856052353,-0.7199521856052353,5.218771396197603e-08,1.06896827208365e-07,1.06896827208365e-07
2024-04-08 17:30:00,0.5308033799017728,-1.1795334969591131,-1.1795334969591131,1.6739298870398801e-07,3.9151671668614076e-08,3.9151671668614076e-08
2024-04-08 18:00:00,-0.013599386654441048,0.5308033799017728,0.5308033799017728,1.2293614637558165e-07,2.7410289791890605e-07,2.7410289791890605e-07
2024-04-08 18:30:00,0.005582414521793311,-0.013599386654441048,-0.013599386654441048,2.8093167970421755e-07,3.565111193312598e-07,3.565111193312598e-07
2024-04-08 19:00:00,-0.6723310386339634,0.005582414521793311,0.005582414521793311,6.172690681953439e-08,1.5728651899061797e-07,1.5728651899061797e-07
2024-04-08 19:30:00,-0.7639403913093687,-0.6723310386339634,-0.6723310386339634,7.275829655723204e-08,1.0315038975285277e-07,1.0315038975285277e-07
2024-04-08 20:00:00,-0.5124172945396843,-0.7639403913093687,-0.7639403913093687,8.218203852184415e-08,8.266938960432235e-08,8.266938960432235e-08
2024-04-08 20:30:00,0.3100479169075605,-0.5124172945396843,-0.5124172945396843,2.67065194694112e-07,1.5178473740441406e-07,1.5178473740441406e-07
2024-04-08 21:00:00,-0.8149379688695184,0.3100479169075605,0.3100479169075605,8.376250799158909e-08,3.3375497576125665e-07,3.3375497576125665e-07
2024-04-08 21:30:00,-0.5300409751243258,-0.8149379688695184,-0.8149379688695184,1.0189315307310082e-07,9.913310830348064e-08,9.913310830348064e-08
2024-04-08 22:00:00,-0.13013169208065634,-0.5300409751243258,-0.5300409751243258,1.4490577439932494e-07,1.256638067022212e-07,1.256638067022212e-07
2024-04-08 22:30:00,-0.3306390153103891,-0.13013169208065634,-0.13013169208065634,8.608170168634908e-08,1.3607958683296976e-07,1.3607958683296976e-07
2024-04-08 23:00:00,0.19834764938032023,-0.3306390153103891,-0.3306390153103891,9.741621683059473e-08,7.425029517530509e-08,7.425029517530509e-08
2024-04-08 23:30:00,-0.34397639370847344,0.19834764938032023,0.19834764938032023,7.245514736900441e-08,1.6121316255244143e-07,1.6121316255244143e-07
2024-04-09 00:00:00,-0.8695096790241621,-0.34397639370847344,-0.34397639370847344,4.074946175092041e-08,8.915813939273569e-08,8.915813939273569e-08
2024-04-09 00:30:00,-0.19262785803042703,-0.8695096790241621,-0.8695096790241621,8.599637106506705e-08,5.6534948317514806e-08,5.6534948317514806e-08
2024-04-09 01:00:00,-0.06482153558536652,-0.19262785803042703,-0.19262785803042703,8.142034936327153e-08,9.268944788233668e-08,9.268944788233668e-08
2024-04-09 01:30:00,-0.29381285084938646,-0.06482153558536652,-0.06482153558536652,8.816765683801531e-08,1.434042022709176e-07,1.434042022709176e-07
2024-04-09 02:00:00,0.06871841918325572,-0.29381285084938646,-0.29381285084938646,1.0177796390955892e-07,9.162444197518535e-08,9.162444197518535e-08
2024-04-09 02:30:00,0.1901702518086843,0.06871841918325572,0.06871841918325572,2.126360783477637e-07,2.436093805874692e-07,2.436093805874692e-07
2024-04-09 03:00:00,-0.4097431113018217,0.1901702518086843,0.1901702518086843,9.953095512863338e-08,2.3458495165736436e-07,2.3458495165736436e-07
2024-04-09 03:30:00,0.208557772698434,-0.4097431113018217,-0.4097431113018217,4.2761862564875233e-07,2.9808139194616873e-07,2.9808139194616873e-07
2024-04-09 04:00:00,0.4514163627744754,0.208557772698434,0.208557772698434,4.237363328089512e-07,4.299584340036553e-07,4.299584340036553e-07
2024-04-09 04:30:00,-0.333854934206288,0.4514163627744754,0.4514163627744754,3.712719920910765e-07,1.0532563681867888e-06,1.0532563681867888e-06
2024-04-09 05:00:00,-0.3002024078804677,-0.333854934206288,-0.333854934206288,2.8493881650023e-07,3.5640141851758906e-07,3.5640141851758906e-07
2024-04-09 05:30:00,0.1963419933014663,-0.3002024078804677,-0.3002024078804677,3.63257425577024e-07,2.8600321925224305e-07,2.8600321925224305e-07
2024-04-09 06:00:00,0.1678076136983222,0.1963419933014663,0.1963419933014663,3.5834650895474675e-07,4.769780741856594e-07,4.769780741856594e-07
2024-04-09 06:30:00,0.25129019727841495,0.1678076136983222,0.1678076136983222,3.20906211940067e-07,3.818783284593088e-07,3.818783284593088e-07
2024-04-09 07:00:00,1.524963025598474,0.25129019727841495,0.25129019727841495,1.0229228841971416e-06,3.7025141561397053e-07,3.7025141561397053e-07
2024-04-09 07:30:00,0.5051777262714374,1.524963025598474,1.524963025598474,5.337533809858024e-07,1.9143911658731756e-06,1.9143911658731756e-06
2024-04-09 08:00:00,0.2980755852534802,0.5051777262714374,0.5051777262714374,5.078360508682305e-07,8.081086568361183e-07,8.081086568361183e-07
2024-04-09 08:30:00,0.6624069447444327,0.2980755852534802,0.2980755852534802,1.0794197384032053e-06,9.699875736565356e-07,9.699875736565356e-07
2024-04-09 16:30:00,1.4005666777099322,0.6624069447444327,0.6624069447444327,1.7668172143151153e-06,1.0924858923364906e-06,1.0924858923364906e-06
2024-04-09 17:00:00,0.2900605030824721,1.4005666777099322,1.4005666777099322,2.2688450569338606e-07,8.910343695964055e-07,8.910343695964055e-07
2024-04-09 17:30:00,0.33680329655469166,0.2900605030824721,0.2900605030824721,1.378745467737388e-07,1.7021070668232994e-07,1.7021070668232994e-07
2024-04-09 18:00:00,-0.2974797505650244,0.33680329655469166,0.33680329655469166,9.164358832532145e-08,2.23547916922478e-07,2.23547916922478e-07
2024-04-09 18:30:00,-0.9339025770824456,-0.2974797505650244,-0.2974797505650244,1.1396023835187165e-07,2.785808023650498e-07,2.785808023650498e-07
2024-04-09 19:00:00,-0.27612870887631047,-0.9339025770824456,-0.9339025770824456,8.712871119849376e-08,5.838437601127212e-08,5.838437601127212e-08
2024-04-09 19:30:00,-0.9022566396096785,-0.27612870887631047,-0.27612870887631047,5.7649148149144036e-08,1.394824971395252e-07,1.394824971395252e-07
2024-04-09 20:00:00,-1.1893858876253383,-0.9022566396096785,-0.9022566396096785,4.000242751019901e-08,6.895851637293055e-08,6.895851637293055e-08
2024-04-09 20:30:00,-0.0745691960098096,-1.1893858876253383,-1.1893858876253383,2.188304971225531e-07,9.284361109489117e-08,9.284361109489117e-08
2024-04-09 21:00:00,-0.8170289337532033,-0.0745691960098096,-0.0745691960098096,7.216254988208209e-08,1.9613764303505283e-07,1.9613764303505283e-07
2024-04-09 21:30:00,-0.4573847497057013,-0.8170289337532033,-0.8170289337532033,9.923960310492841e-08,8.959761480884536e-08,8.959761480884536e-08
2024-04-09 22:00:00,-0.7308976219943943,-0.4573847497057013,-0.4573847497057013,7.897317371664017e-08,1.3429740993110457e-07,1.3429740993110457e-07
2024-04-09 22:30:00,-0.28776024433539504,-0.7308976219943943,-0.7308976219943943,8.796849357118716e-08,7.305971123179353e-08,7.305971123179353e-08
2024-04-09 23:00:00,-0.2351479379142276,-0.28776024433539504,-0.28776024433539504,6.314900589625239e-08,7.750330061824017e-08,7.750330061824017e-08
2024-04-09 23:30:00,-0.9400679774323528,-0.2351479379142276,-0.2351479379142276,3.7779950874478345e-08,9.890248107847545e-08,9.890248107847545e-08
2024-04-10 00:00:00,-0.055720237129325056,-0.9400679774323528,-0.9400679774323528,9.021491576835083e-08,4.8196324364326494e-08,4.8196324364326494e-08
2024-04-10 00:30:00,-0.9679474934426686,-0.055720237129325056,-0.055720237129325056,3.630888253617725e-08,1.1694753195462117e-07,1.1694753195462117e-07
2024-04-10 01:00:00,-0.46558117394380005,-0.9679474934426686,-0.9679474934426686,5.185155614970467e-08,4.058726514496686e-08,4.058726514496686e-08
2024-04-10 01:30:00,-0.6778781640176383,-0.46558117394380005,-0.46558117394380005,5.636496674036407e-08,9.015951787337624e-08,9.015951787337624e-08
2024-04-10 02:00:00,0.8939888525289881,-0.6778781640176383,-0.6778781640176383,2.323079935134655e-07,6.240421097725116e-08,6.240421097725116e-08
2024-04-10 02:30:00,0.026301731068711476,0.8939888525289881,0.8939888525289881,1.8049690510104069e-07,5.56037910678011e-07,5.56037910678011e-07
2024-04-10 03:00:00,0.3263235331889973,0.026301731068711476,0.026301731068711476,1.9398421350614835e-07,1.8589661832240486e-07,1.8589661832240486e-07
2024-04-10 03:30:00,0.5545785156832288,0.3263235331889973,0.3263235331889973,6.044098211980083e-07,6.223068014430554e-07,6.223068014430554e-07
2024-04-10 04:00:00,0.14225192226073524,0.5545785156832288,0.5545785156832288,3.110479140252962e-07,6.077169810469952e-07,6.077169810469952e-07
2024-04-10 04:30:00,-0.16969588940155056,0.14225192226073524,0.14225192226073524,4.035656864686223e-07,7.131721255828634e-07,7.131721255828634e-07
2024-04-10 05:00:00,-0.06863335639889279,-0.16969588940155056,-0.16969588940155056,3.4580069650058416e-07,4.043317798502489e-07,4.043317798502489e-07
2024-04-10 05:30:00,0.8480056194819774,-0.06863335639889279,-0.06863335639889279,6.969930019585386e-07,3.6052889942944453e-07,3.6052889942944453e-07
2024-04-10 06:00:00,-0.4603980746492322,0.8480056194819774,0.8480056194819774,1.9119516871023934e-07,9.151922476656254e-07,9.151922476656254e-07
2024-04-10 06:30:00,0.7121863340663825,-0.4603980746492322,-0.4603980746492322,5.087949275738102e-07,2.0375053087452321e-07,2.0375053087452321e-07
2024-04-10 07:00:00,0.07100487881723616,0.7121863340663825,0.7121863340663825,2.3899944608970837e-07,5.870314602279913e-07,5.870314602279913e-07
2024-04-10 07:30:00,-0.09968320835335653,0.07100487881723616,0.07100487881723616,2.9150960756313286e-07,4.4728535778317923e-07,4.4728535778317923e-07
2024-04-10 08:00:00,-0.4159434117115062,-0.09968320835335653,-0.09968320835335653,2.486732197355e-07,4.4134884351942554e-07,4.4134884351942554e-07
2024-04-10 08:30:00,1.2455223034978733,-0.4159434117115062,-0.4159434117115062,1.9339005547604564e-06,4.7497599398901966e-07,4.7497599398901966e-07
2024-04-10 16:30:00,1.0150605512354236,1.2455223034978733,1.2455223034978733,1.2016235701043905e-06,1.9573100232379798e-06,1.9573100232379798e-06
2024-04-10 17:00:00,0.5571483617975552,1.0150605512354236,1.0150605512354236,2.9634637654942486e-07,6.059981143523025e-07,6.059981143523025e-07
2024-04-10 17:30:00,0.4862882441930161,0.5571483617975552,0.5571483617975552,1.7174219802270057e-07,2.384811675324358e-07,2.384811675324358e-07
2024-04-10 18:00:00,-1.2443237308152888,0.4862882441930161,0.4862882441930161,3.345207896916755e-08,2.442425123965763e-07,2.442425123965763e-07
2024-04-10 18:30:00,0.6154570435186422,-1.2443237308152888,-1.2443237308152888,5.365765423874003e-07,1.0807918697663e-07,1.0807918697663e-07
2024-04-10 19:00:00,-0.19175937884897465,0.6154570435186422,0.6154570435186422,8.892365321282208e-08,2.578634854318099e-07,2.578634854318099e-07
2024-04-10 19:30:00,1.4666869591463012,-0.19175937884897465,-0.19175937884897465,5.780111897775239e-07,1.4239182857567695e-07,1.4239182857567695e-07
2024-04-10 20:00:00,0.6723583067035879,1.4666869591463012,1.4666869591463012,2.1020661573594942e-07,6.017579618213851e-07,6.017579618213851e-07
2024-04-10 20:30:00,1.6548849363440077,0.6723583067035879,0.6723583067035879,1.2649401152021805e-06,6.125858858635241e-07,6.125858858635241e-07
2024-04-10 21:00:00,0.06735159948917158,1.6548849363440077,1.6548849363440077,1.595440912672452e-07,1.009579694257189e-06,1.009579694257189e-06
2024-04-10 21:30:00,0.9418820555840277,0.06735159948917158,0.06735159948917158,3.722065062033711e-07,2.0080897682531261e-07,2.0080897682531261e-07
2024-04-10 22:00:00,0.9719907130172789,0.9418820555840277,0.9418820555840277,4.32020092315292e-07,5.42289050877543e-07,5.42289050877543e-07
2024-04-10 22:30:00,0.15770357138134727,0.9719907130172789,0.9719907130172789,1.3156843498050217e-07,3.8423333057232434e-07,3.8423333057232434e-07
2024-04-10 23:00:00,0.06661937180501099,0.15770357138134727,0.15770357138134727,8.539302444171503e-08,1.2099924909991104e-07,1.2099924909991104e-07
2024-04-10 23:30:00,0.3421286282752547,0.06661937180501099,0.06661937180501099,1.3617967690248492e-07,1.3374053738796395e-07,1.3374053738796395e-07
2024-04-11 00:00:00,0.4672739614279262,0.3421286282752547,0.3421286282752547,1.521990152406831e-07,1.737260035521938e-07,1.737260035521938e-07
2024-04-11 00:30:00,-0.2589381219102762,0.4672739614279262,0.4672739614279262,7.377882607121421e-08,1.9729885071362008e-07,1.9729885071362008e-07
2024-04-11 01:00:00,0.16919831195648882,-0.2589381219102762,-0.2589381219102762,9.450364243837505e-08,7.967355053971833e-08,7.967355053971833e-08
2024-04-11 01:30:00,0.2340786643347723,0.16919831195648882,0.16919831195648882,1.3595019575941905e-07,1.6481835396208837e-07,1.6481835396208837e-07
2024-04-11 02:00:00,0.36685560948747487,0.2340786643347723,0.2340786643347723,1.405802475678188e-07,1.5924394335263961e-07,1.5924394335263961e-07
2024-04-11 02:30:00,0.7791003243591064,0.36685560948747487,0.36685560948747487,3.802913665793385e-07,3.2574951331729287e-07,3.2574951331729287e-07
2024-04-11 03:00:00,1.1823764494284212,0.7791003243591064,0.7791003243591064,4.566100289713433e-07,3.946460538573774e-07,3.946460538573774e-07
2024-04-11 03:30:00,1.0955538672973635,1.1823764494284212,1.1823764494284212,1.192301616914766e-06,1.68226967196265e-06,1.68226967196265e-06
2024-04-11 04:00:00,0.6703220940077923,1.0955538672973635,1.0955538672973635,5.444484975759959e-07,1.0775452843339878e-06,1.0775452843339878e-06
2024-04-11 04:30:00,0.4353934033131157,0.6703220940077923,0.6703220940077923,7.02014077408035e-07,1.1486215745220804e-06,1.1486215745220804e-06
2024-04-11 05:00:00,1.0263836510969249,0.4353934033131157,0.4353934033131157,9.883902898125561e-07,7.080559570146625e-07,7.080559570146625e-07
2024-04-11 05:30:00,1.296066476158467,1.0263836510969249,1.0263836510969249,1.1927586944850087e-06,1.1782399457010699e-06,1.1782399457010699e-06
2024-04-11 06:00:00,1.134649890094325,1.296066476158467,1.296066476158467,8.220324074564805e-07,1.2496666681314155e-06,1.2496666681314155e-06
2024-04-11 06:30:00,0.7689620412810534,1.134649890094325,1.134649890094325,5.385179071477367e-07,1.0041978297048819e-06,1.0041978297048819e-06
2024-04-11 07:00:00,1.3145420979505396,0.7689620412810534,0.7689620412810534,8.030294039026818e-07,6.019937107147554e-07,6.019937107147554e-07
2024-04-11 07:30:00,1.512376760250513,1.3145420979505396,1.3145420979505396,1.3787240089445674e-06,1.4633956189291731e-06,1.4633956189291731e-06
2024-04-11 08:00:00,1.408666254509983,1.512376760250513,1.512376760250513,1.5418670484940594e-06,2.2125380174027935e-06,2.2125380174027935e-06
2024-04-11 08:30:00,1.1129209131272653,1.408666254509983,1.408666254509983,1.719535453458579e-06,2.9898859243910723e-06,2.9898859243910723e-06
2024-04-11 16:30:00,-0.11058610003834524,1.1129209131272653,1.1129209131272653,3.89857873251371e-07,1.7142397760919216e-06,1.7142397760919216e-06
2024-04-11 17:00:00,-0.29434352035128697,-0.11058610003834524,-0.11058610003834524,1.2956641617851792e-07,2.014188881187811e-07,2.014188881187811e-07
2024-04-11 17:30:00,-0.06734949940397783,-0.29434352035128697,-0.29434352035128697,1.0542903442852266e-07,1.0868782365439778e-07,1.0868782365439778e-07
2024-04-11 18:00:00,-0.447076525138943,-0.06734949940397783,-0.06734949940397783,7.424431000847561e-08,1.404039873849367e-07,1.404039873849367e-07
2024-04-11 18:30:00,-0.5495780500027383,-0.447076525138943,-0.447076525138943,1.6736450997268164e-07,2.398734222394007e-07,2.398734222394007e-07
2024-04-11 19:00:00,-0.12453099730123895,-0.5495780500027383,-0.5495780500027383,8.695146331314829e-08,7.353332766659772e-08,7.353332766659772e-08
2024-04-11 19:30:00,-0.38700804535399236,-0.12453099730123895,-0.12453099730123895,9.054964134410874e-08,1.5229371552807118e-07,1.5229371552807118e-07
2024-04-11 20:00:00,1.143503348605762,-0.38700804535399236,-0.38700804535399236,3.367146963371552e-07,9.42697452619581e-08,9.42697452619581e-08
2024-04-11 20:30:00,-0.11138182341584368,1.143503348605762,1.143503348605762,2.4106147404785346e-07,1.0937559479569151e-06,1.0937559479569151e-06
2024-04-11 21:00:00,-0.07644874064405727,-0.11138182341584368,-0.11138182341584368,1.4537729738871254e-07,1.8160519178793537e-07,1.8160519178793537e-07
2024-04-11 21:30:00,0.5232544062418345,-0.07644874064405727,-0.07644874064405727,2.703898986533053e-07,1.9201962172701457e-07,1.9201962172701457e-07
2024-04-11 22:00:00,0.6760735132585314,0.5232544062418345,0.5232544062418345,3.2249233123758105e-07,3.580583541710398e-07,3.580583541710398e-07
2024-04-11 22:30:00,-0.010894186287378815,0.6760735132585314,0.6760735132585314,1.1353671783561445e-07,2.919345732873213e-07,2.919345732873213e-07
2024-04-11 23:00:00,-0.5157720626880611,-0.010894186287378815,-0.010894186287378815,4.7697213641080954e-08,1.0222605454547429e-07,1.0222605454547429e-07
2024-04-11 23:30:00,-0.06291094725227708,-0.5157720626880611,-0.5157720626880611,9.082509208209749e-08,7.470224911193679e-08,7.470224911193679e-08
2024-04-12 00:00:00,-0.3861453593891717,-0.06291094725227708,-0.06291094725227708,6.586223668592235e-08,1.1771134202770007e-07,1.1771134202770007e-07
2024-04-12 00:30:00,-0.11947586943171373,-0.3861453593891717,-0.3861453593891717,7.951073016435732e-08,7.877992590275002e-08,7.877992590275002e-08
2024-04-12 01:00:00,0.25675397170459036,-0.11947586943171373,-0.11947586943171373,1.0677460233609833e-07,9.481484359733988e-08,9.481484359733988e-08
2024-04-12 01:30:00,-0.3925633172878129,0.25675397170459036,0.25675397170459036,7.49755945927224e-08,1.8565974452049138e-07,1.8565974452049138e-07
2024-04-12 02:00:00,0.5331950141533426,-0.3925633172878129,-0.3925633172878129,1.8180500018685328e-07,9.318735881585577e-08,9.318735881585577e-08
2024-04-12 02:30:00,0.9740748176915623,0.5331950141533426,0.5331950141533426,4.817199654421391e-07,4.00982939247e-07,4.00982939247e-07
2024-04-12 03:00:00,0.6850443258559569,0.9740748176915623,0.9740748176915623,2.951981792183244e-07,5.098482540421931e-07,5.098482540421931e-07
2024-04-12 03:30:00,-0.3331574162684863,0.6850443258559569,0.6850443258559569,3.042414225717381e-07,1.0894834952207728e-06,1.0894834952207728e-06
2024-04-12 04:00:00,0.35442264968754067,-0.3331574162684863,-0.3331574162684863,4.2259273218454935e-07,2.7486073878591236e-07,2.7486073878591236e-07
2024-04-12 04:30:00,0.5862527133349857,0.35442264968754067,0.35442264968754067,8.163251691023347e-07,8.374976244806421e-07,8.374976244806421e-07
2024-04-12 05:00:00,0.5815991399117539,0.5862527133349857,0.5862527133349857,6.335209938867939e-07,8.233508663786435e-07,8.233508663786435e-07
2024-04-12 05:30:00,0.5307255989075621,0.5815991399117539,0.5815991399117539,5.548419267785821e-07,7.552074814284373e-07,7.552074814284373e-07
2024-04-12 06:00:00,0.6709651071921723,0.5307255989075621,0.5307255989075621,5.170269684563172e-07,5.813141125551612e-07,5.813141125551612e-07
2024-04-12 06:30:00,1.4167345182086049,0.6709651071921723,0.6709651071921723,1.0292577874145516e-06,6.316020571855802e-07,6.316020571855802e-07
2024-04-12 07:00:00,2.9879156934712228,1.4167345182086049,1.4167345182086049,4.895070955625286e-06,1.315850625383415e-06,1.315850625383415e-06
2024-04-12 07:30:00,1.4724566710635578,2.9879156934712228,2.9879156934712228,1.3247693264639658e-06,7.800073035850813e-06,7.800073035850813e-06
2024-04-12 08:00:00,0.8895146258082409,1.4724566710635578,1.4724566710635578,9.398263517752059e-07,2.177805277154414e-06,2.177805277154414e-06
2024-04-12 08:30:00,0.269339022694151,0.8895146258082409,0.8895146258082409,1.0885663254133484e-06,2.618162823942561e-06,2.618162823942561e-06
2024-04-12 16:30:00,-0.25744826531395937,0.269339022694151,0.269339022694151,3.3660834714763343e-07,7.374092956071437e-07,7.374092956071437e-07
2024-04-12 17:00:00,-0.40417841640121566,-0.25744826531395937,-0.25744826531395937,1.1608918360135715e-07,1.7390768191633176e-07,1.7390768191633176e-07
2024-04-12 17:30:00,0.5991570782275293,-0.40417841640121566,-0.40417841640121566,1.9646350549449101e-07,9.318408269064913e-08,9.318408269064913e-08
2024-04-12 18:00:00,1.1080163383712858,0.5991570782275293,0.5991570782275293,3.5158587987391716e-07,2.73425849745045e-07,2.73425849745045e-07
2024-04-12 18:30:00,-0.7139147834324149,1.1080163383712858,1.1080163383712858,1.3255181663074425e-07,1.0603353271647032e-06,1.0603353271647032e-06
2024-04-12 19:00:00,0.3788372381391305,-0.7139147834324149,-0.7139147834324149,1.3255522651921686e-07,5.7494142020090626e-08,5.7494142020090626e-08
2024-04-12 19:30:00,0.2715541874904872,0.3788372381391305,0.3788372381391305,1.6943356293410453e-07,2.440027913799386e-07,2.440027913799386e-07
2024-04-12 20:00:00,0.5883561423701256,0.2715541874904872,0.2715541874904872,2.3667364575141627e-07,2.2303215165899364e-07,2.2303215165899364e-07
2024-04-14 18:30:00,2.8541202697116024,0.5883561423701256,0.5883561423701256,4.69854747017638e-06,6.30605385566964e-07,6.30605385566964e-07
2024-04-14 19:00:00,2.1970163320918132,2.8541202697116024,2.8541202697116024,8.166237450917251e-07,2.0379875765188226e-06,2.0379875765188226e-06
2024-04-14 19:30:00,1.331650360277111,2.1970163320918132,2.1970163320918132,5.049990909084639e-07,1.552090987008238e-06,1.552090987008238e-06
2024-04-14 20:00:00,1.568862970529981,1.331650360277111,1.331650360277111,7.442083874159777e-07,7.594118102385225e-07,7.594118102385225e-07
2024-04-14 20:30:00,1.9223288903002764,1.568862970529981,1.568862970529981,1.7347199756580623e-06,1.5758830897518296e-06,1.5758830897518296e-06
2024-04-14 21:00:00,1.6652146822200944,1.9223288903002764,1.9223288903002764,7.919528716639157e-07,1.3248464122471231e-06,1.3248464122471231e-06
2024-04-14 21:30:00,0.9758094440099487,1.6652146822200944,1.6652146822200944,4.874504389838776e-07,1.256429922728271e-06,1.256429922728271e-06
2024-04-14 22:00:00,1.0129804667192364,0.9758094440099487,0.9758094440099487,4.5944951413156337e-07,5.726609123278936e-07,5.726609123278936e-07
2024-04-14 22:30:00,1.0645743281991038,1.0129804667192364,1.0129804667192364,3.400764251165114e-07,4.178039211843484e-07,4.178039211843484e-07
2024-04-14 23:00:00,0.7960054943801289,1.0645743281991038,1.0645743281991038,1.7708866494167353e-07,2.996619771615199e-07,2.996619771615199e-07
2024-04-14 23:30:00,1.0918801162213985,0.7960054943801289,0.7960054943801289,2.774813762188614e-07,2.6701769246945616e-07,2.6701769246945616e-07
2024-04-15 00:00:00,1.016106250510676,1.0918801162213985,1.0918801162213985,2.676865877534454e-07,3.7354050169573043e-07,3.7354050169573043e-07
2024-04-15 00:30:00,0.8714065218295914,1.016106250510676,1.016106250510676,2.141709171319269e-07,3.20188481434975e-07,3.20188481434975e-07
2024-04-15 01:00:00,1.3152168262764192,0.8714065218295914,0.8714065218295914,3.278838553229865e-07,2.7213135305452534e-07,2.7213135305452534e-07
2024-04-15 01:30:00,1.1231691317420136,1.3152168262764192,1.3152168262764192,3.4134548066366253e-07,5.35059803280473e-07,5.35059803280473e-07
2024-04-15 02:00:00,0.869691656772158,1.1231691317420136,1.1231691317420136,2.6944055482255524e-07,4.4910692017433185e-07,4.4910692017433185e-07
2024-04-15 02:30:00,1.1297955778340665,0.869691656772158,0.869691656772158,6.01205493484191e-07,5.996034967849656e-07,5.996034967849656e-07
2024-04-15 03:00:00,1.4080233189078672,1.1297955778340665,1.1297955778340665,7.188065676986937e-07,7.040154307474539e-07,7.040154307474539e-07
2024-04-15 03:30:00,1.4060645091160513,1.4080233189078672,1.4080233189078672,1.7320197028107638e-06,2.244948810536174e-06,2.244948810536174e-06
2024-04-15 04:00:00,1.2581252384174277,1.4060645091160513,1.4060645091160513,1.1598160327050738e-06,1.7395672832503633e-06,1.7395672832503633e-06
2024-04-15 04:30:00,0.84015497220512,1.2581252384174277,1.2581252384174277,1.1078651208487741e-06,2.1767671965716812e-06,2.1767671965716812e-06
2024-04-15 05:00:00,0.33356385223936513,0.84015497220512,0.84015497220512,5.170087485147074e-07,1.1099681939426338e-06,1.1099681939426338e-06
2024-04-15 05:30:00,0.8974498337249184,0.33356385223936513,0.33356385223936513,8.483141744907157e-07,6.244060002658636e-07,6.244060002658636e-07
2024-04-15 06:00:00,0.6199954022336929,0.8974498337249184,0.8974498337249184,6.033513924235982e-07,1.0300781195758406e-06,1.0300781195758406e-06
2024-04-15 06:30:00,0.7741485822097651,0.6199954022336929,0.6199954022336929,6.079352798538452e-07,6.740814656212709e-07,6.740814656212709e-07
2024-04-15 07:00:00,0.6245237182771799,0.7741485822097651,0.7741485822097651,4.830230761601574e-07,7.256915170927139e-07,7.256915170927139e-07
2024-04-15 07:30:00,1.5067185403130914,0.6245237182771799,0.6245237182771799,1.4531293945303189e-06,7.779915124684894e-07,7.779915124684894e-07
2024-04-15 08:00:00,0.4616419016900384,1.5067185403130914,1.5067185403130914,6.305985004268185e-07,2.319673522014441e-06,2.319673522014441e-06
2024-04-15 08:30:00,-0.2690992469168876,0.4616419016900384,0.4616419016900384,6.375904413225038e-07,1.7127799103611891e-06,1.7127799103611891e-06
2024-04-15 16:30:00,0.3845737946309278,-0.2690992469168876,-0.2690992469168876,5.924419177676585e-07,3.986227661154137e-07,3.986227661154137e-07
2024-04-15 17:00:00,1.524846805054155,0.3845737946309278,0.3845737946309278,6.890759466431416e-07,2.8500713231768e-07,2.8500713231768e-07
2024-04-15 17:30:00,0.7646155037431619,1.524846805054155,1.524846805054155,2.650949804350278e-07,7.334469009240787e-07,7.334469009240787e-07
2024-04-15 18:00:00,0.6396947975049212,0.7646155037431619,0.7646155037431619,2.2011111004256167e-07,3.2262443104305717e-07,3.2262443104305717e-07
2024-04-15 18:30:00,1.4424776729889892,0.6396947975049212,0.6396947975049212,1.1452360985183136e-06,6.638252536286799e-07,6.638252536286799e-07
2024-04-15 19:00:00,0.8167178901838845,1.4424776729889892,1.4424776729889892,2.0538371592895187e-07,4.967443567987606e-07,4.967443567987606e-07
2024-04-15 19:30:00,2.2037414234389363,0.8167178901838845,0.8167178901838845,1.2079109903009656e-06,3.90356288667287e-07,3.90356288667287e-07
2024-04-15 20:00:00,0.6856255992410016,2.2037414234389363,2.2037414234389363,3.8246858018271035e-07,2.2579171551272338e-06,2.2579171551272338e-06
2024-04-15 20:30:00,1.1763305986877288,0.6856255992410016,0.6856255992410016,8.227093592960378e-07,6.515366923293087e-07,6.515366923293087e-07
2024-04-15 21:00:00,1.0187542020184068,1.1763305986877288,1.1763305986877288,4.1490160858226e-07,6.283224717995247e-07,6.283224717995247e-07
2024-04-15 21:30:00,1.6725126260624155,1.0187542020184068,1.0187542020184068,9.783737981398954e-07,6.582396688777564e-07,6.582396688777564e-07
2024-04-15 22:00:00,0.7083144475899328,1.6725126260624155,1.6725126260624155,3.38784104737098e-07,1.1494018407459676e-06,1.1494018407459676e-06
2024-04-15 22:30:00,3.3171022230645626,0.7083144475899328,0.7083144475899328,3.2347219961622126e-06,3.0807591049831216e-07,3.0807591049831216e-07
2024-04-15 23:00:00,3.6547543108412857,3.3171022230645626,3.3171022230645626,3.088371954520434e-06,2.850309863748225e-06,2.850309863748225e-06
2024-04-15 23:30:00,1.0916792454406217,3.6547543108412857,3.6547543108412857,2.774256439158523e-07,4.656706588504915e-06,4.656706588504915e-06
2024-04-16 00:00:00,1.950659581953314,1.0916792454406217,1.0916792454406217,6.875012498981721e-07,3.767263398335368e-07,3.767263398335368e-07
2024-04-16 00:30:00,0.6327940881866159,1.950659581953314,1.950659581953314,1.6870673990879148e-07,8.152241925742207e-07,8.152241925742207e-07
2024-04-16 01:00:00,2.2747325449884563,0.6327940881866159,0.6327940881866159,8.559185029396366e-07,2.1436334127717734e-07,2.1436334127717734e-07
2024-04-16 01:30:00,1.1097980260771276,2.2747325449884563,2.2747325449884563,3.3681169260122765e-07,1.3967372237827069e-06,1.3967372237827069e-06
2024-04-16 02:00:00,1.4829923231082986,1.1097980260771276,1.1097980260771276,4.97526318425498e-07,4.431418328689881e-07,4.431418328689881e-07
2024-04-16 02:30:00,1.554875106629705,1.4829923231082986,1.4829923231082986,9.196713005250215e-07,1.1071775014230565e-06,1.1071775014230565e-06
2024-04-16 03:00:00,1.6072456902230527,1.554875106629705,1.554875106629705,8.772698688423869e-07,1.0769409025738046e-06,1.0769409025738046e-06
2024-04-16 03:30:00,1.6953118572431212,1.6072456902230527,1.6072456902230527,2.3321262178529687e-06,2.762538347137974e-06,2.762538347137974e-06
2024-04-16 04:00:00,1.3147160831196452,1.6953118572431212,1.6953118572431212,1.351585799820722e-06,2.558215813078177e-06,2.558215813078177e-06
2024-04-16 04:30:00,0.563924218006802,1.3147160831196452,1.3147160831196452,9.11155959486449e-07,2.4972406652945748e-06,2.4972406652945748e-06
2024-04-16 05:00:00,1.1532499492634773,0.563924218006802,0.563924218006802,1.218927722681177e-06,8.746613894108776e-07,8.746613894108776e-07
2024-04-16 05:30:00,1.3748385617754728,1.1532499492634773,1.1532499492634773,1.3673635982932419e-06,1.4172687674415187e-06,1.4172687674415187e-06
2024-04-16 06:00:00,1.73092490986674,1.3748385617754728,1.3748385617754728,1.8324868815640104e-06,1.6603416121768137e-06,1.6603416121768137e-06
2024-04-16 06:30:00,1.4999578738078228,1.73092490986674,1.73092490986674,1.3863169172156703e-06,2.259296068058946e-06,2.259296068058946e-06
2024-04-16 07:00:00,1.6403336722544264,1.4999578738078228,1.4999578738078228,1.3642265863668287e-06,1.5336455136808021e-06,1.5336455136808021e-06
2024-04-16 07:30:00,1.2369064156864429,1.6403336722544264,1.6403336722544264,1.467699074223113e-06,2.8421445748757313e-06,2.8421445748757313e-06
2024-04-16 08:00:00,1.3462857661644723,1.2369064156864429,1.2369064156864429,1.717798419887459e-06,1.991921709224922e-06,1.991921709224922e-06
2024-04-16 08:30:00,0.8473259647796194,1.3462857661644723,1.3462857661644723,1.940744406049585e-06,4.134916517717652e-06,4.134916517717652e-06
2024-04-16 16:30:00,0.8495397685454247,0.8473259647796194,0.8473259647796194,9.43143847138433e-07,1.2173610644893112e-06,1.2173610644893112e-06
2024-04-16 17:00:00,0.49541558773746175,0.8495397685454247,0.8495397685454247,2.461448724453311e-07,4.537199600069607e-07,4.537199600069607e-07
2024-04-16 17:30:00,-0.9513934403223239,0.49541558773746175,0.49541558773746175,4.765936911780139e-08,2.6199462447188817e-07,2.6199462447188817e-07
2024-04-16 18:00:00,-0.3145366974628452,-0.9513934403223239,-0.9513934403223239,8.476654678803693e-08,5.800214255384694e-08,5.800214255384694e-08
2024-04-16 18:30:00,0.6678958782817475,-0.3145366974628452,-0.3145366974628452,5.654648049267989e-07,2.738693600511809e-07,2.738693600511809e-07
2024-04-16 19:00:00,0.4140466927098796,0.6678958782817475,0.6678958782817475,1.3730556135344344e-07,2.289477305015567e-07,2.289477305015567e-07
2024-04-16 19:30:00,0.456314772912533,0.4140466927098796,0.4140466927098796,2.2429157575327527e-07,2.781372025908231e-07,2.781372025908231e-07
2024-04-16 20:00:00,-0.08021987831525657,0.456314772912533,0.456314772912533,1.8991627502383313e-07,4.201255907897456e-07,4.201255907897456e-07
2024-04-16 20:30:00,1.1293405085322714,-0.08021987831525657,-0.08021987831525657,7.849444102225356e-07,3.029259048606998e-07,3.029259048606998e-07
2024-04-16 21:00:00,1.7902800247473376,1.1293405085322714,1.1293405085322714,8.974588117387787e-07,5.99480492695811e-07,5.99480492695811e-07
2024-04-16 21:30:00,1.1486516584783786,1.7902800247473376,1.7902800247473376,5.794218732148935e-07,1.423814655934831e-06,1.423814655934831e-06
2024-04-16 22:00:00,1.2610687530070237,1.1486516584783786,1.1486516584783786,5.888181254973966e-07,6.807097337519325e-07,6.807097337519325e-07
2024-04-16 22:30:00,0.8211573548602988,1.2610687530070237,1.2610687530070237,2.6660106400860317e-07,5.354462549867555e-07,5.354462549867555e-07
2024-04-16 23:00:00,0.7849728261642461,0.8211573548602988,0.8211573548602988,1.751456425260487e-07,2.3491837732301575e-07,2.3491837732301575e-07
2024-04-16 23:30:00,0.8297486440438799,0.7849728261642461,0.7849728261642461,2.1349690712546898e-07,2.6408796592819253e-07,2.6408796592819253e-07
2024-04-17 00:00:00,0.6620453233007897,0.8297486440438799,0.8297486440438799,1.895114393986408e-07,2.8991519043406877e-07,2.8991519043406877e-07
2024-04-17 00:30:00,0.27145097545405505,0.6620453233007897,0.6620453233007897,1.1754471660748093e-07,2.2471858806106594e-07,2.2471858806106594e-07
2024-04-17 01:00:00,0.5860940010217277,0.27145097545405505,0.27145097545405505,1.6795604463758227e-07,1.586173985981537e-07,1.586173985981537e-07
2024-04-17 01:30:00,2.470864568794287,0.5860940010217277,0.5860940010217277,1.3995662034190382e-06,2.749482144608655e-07,2.749482144608655e-07
2024-04-17 02:00:00,1.9237119348525429,2.470864568794287,2.470864568794287,8.668920392105867e-07,1.9381763893539367e-06,1.9381763893539367e-06
2024-04-17 02:30:00,2.725708818199365,1.9237119348525429,1.9237119348525429,3.194576427636732e-06,1.8531619567727504e-06,1.8531619567727504e-06
2024-04-17 03:00:00,1.5897376449471867,2.725708818199365,2.725708818199365,9.831387520689647e-07,3.960625153572342e-06,3.960625153572342e-06
2024-04-17 03:30:00,1.3582004769189027,1.5897376449471867,1.5897376449471867,1.739408870628198e-06,2.836350577093903e-06,2.836350577093903e-06
2024-04-17 04:00:00,0.9757500998872963,1.3582004769189027,1.3582004769189027,1.0095737889822946e-06,1.9144193238022704e-06,1.9144193238022704e-06
2024-04-17 04:30:00,0.23923962611872795,0.9757500998872963,0.9757500998872963,6.585427811449464e-07,1.7793006702022422e-06,1.7793006702022422e-06
2024-04-17 05:00:00,0.678396580139605,0.23923962611872795,0.23923962611872795,7.581440948293346e-07,6.321661379105634e-07,6.321661379105634e-07
2024-04-17 05:30:00,1.6933485576393483,0.678396580139605,0.678396580139605,1.957912797285492e-06,9.179271514380833e-07,9.179271514380833e-07
2024-04-17 06:00:00,0.20257728231482552,1.6933485576393483,1.6933485576393483,4.337627398952392e-07,2.4916606663595448e-06,2.4916606663595448e-06
2024-04-17 06:30:00,0.16908357752171987,0.20257728231482552,0.20257728231482552,3.946943769291869e-07,5.279708979589432e-07,5.279708979589432e-07
2024-04-17 07:00:00,1.230582819112266,0.16908357752171987,0.16908357752171987,9.055949133074029e-07,4.052598931093442e-07,4.052598931093442e-07
2024-04-17 07:30:00,0.6044443450447812,1.230582819112266,1.230582819112266,7.797622980958612e-07,1.8866599548878842e-06,1.8866599548878842e-06
2024-04-17 08:00:00,1.106593120171901,0.6044443450447812,0.6044443450447812,1.3516834782755467e-06,1.0582724189796328e-06,1.0582724189796328e-06
2024-04-17 08:30:00,0.918283619890051,1.106593120171901,1.106593120171901,2.0880542493265167e-06,3.2608173186891753e-06,3.2608173186891753e-06
2024-04-17 16:30:00,1.2825259326800413,0.918283619890051,0.918283619890051,1.4541909504734402e-06,1.3068806430506404e-06,1.3068806430506404e-06
2024-04-17 17:00:00,-0.5509141956087209,1.2825259326800413,1.2825259326800413,8.645209898786116e-08,6.995703379639922e-07,6.995703379639922e-07
2024-04-17 17:30:00,0.7588861866585699,-0.5509141956087209,-0.5509141956087209,2.3048961330028268e-07,8.046651549585338e-08,8.046651549585338e-08
2024-04-17 18:00:00,0.07157854824266074,0.7588861866585699,0.7588861866585699,1.2471313940335673e-07,3.2078129836588815e-07,3.2078129836588815e-07
2024-04-17 18:30:00,0.46702531994144536,0.07157854824266074,0.07157854824266074,4.945353758530549e-07,4.307843596251913e-07,4.307843596251913e-07
2024-04-17 19:00:00,1.0204454291743676,0.46702531994144536,0.46702531994144536,2.73233433201998e-07,2.032307658594231e-07,2.032307658594231e-07
2024-04-17 19:30:00,0.7610357320501109,1.0204454291743676,1.0204454291743676,3.343268358416985e-07,5.605758090025e-07,5.605758090025e-07
2024-04-17 20:00:00,-0.860849556069951,0.7610357320501109,0.7610357320501109,8.700396040528543e-08,5.697938629119985e-07,5.697938629119985e-07
2024-04-17 20:30:00,0.758656019575767,-0.860849556069951,-0.860849556069951,6.014449611404572e-07,1.5404814395994217e-07,1.5404814395994217e-07
2024-04-17 21:00:00,0.4391249930665282,0.758656019575767,0.758656019575767,2.4344867684934073e-07,4.334918076514249e-07,4.334918076514249e-07
2024-04-17 21:30:00,0.512126676850384,0.4391249930665282,0.4391249930665282,3.065883150987103e-07,3.686839947967513e-07,3.686839947967513e-07
2024-04-17 22:00:00,0.5510205792873037,0.512126676850384,0.512126676850384,3.0902156442877825e-07,3.8450349690600996e-07,3.8450349690600996e-07
2024-04-17 22:30:00,0.7864194891435137,0.5510205792873037,0.5510205792873037,2.574989218358747e-07,2.6323636293622235e-07,2.6323636293622235e-07
2024-04-17 23:00:00,0.06161488685846095,0.7864194891435137,0.7864194891435137,8.49667438833528e-08,2.2689792745222395e-07,2.2689792745222395e-07
2024-04-17 23:30:00,0.341490711365676,0.06161488685846095,0.06161488685846095,1.3102189063879891e-07,1.2811448940477704e-07,1.2811448940477704e-07
2024-04-18 00:00:00,0.08789160167274801,0.341490711365676,0.341490711365676,1.0672929412921356e-07,1.7791937544676353e-07,1.7791937544676353e-07
2024-04-18 00:30:00,0.02804749657772021,0.08789160167274801,0.08789160167274801,9.214978483617708e-08,1.26557301013477e-07,1.26557301013477e-07
2024-04-18 01:00:00,-0.1552006159797905,0.02804749657772021,0.02804749657772021,8.003049016342726e-08,1.2434892502147352e-07,1.2434892502147352e-07
2024-04-18 01:30:00,0.6984783051609718,-0.1552006159797905,-0.1552006159797905,2.378241058181945e-07,1.310118990974291e-07,1.310118990974291e-07
2024-04-18 02:00:00,1.5118622370342045,0.6984783051609718,0.6984783051609718,5.742499468192835e-07,3.2934852641481455e-07,3.2934852641481455e-07
2024-04-18 02:30:00,0.86841157157704,1.5118622370342045,1.5118622370342045,4.98654034614993e-07,1.2275786453101337e-06,1.2275786453101337e-06
2024-04-18 03:00:00,0.5417438762678941,0.86841157157704,0.86841157157704,4.113546466618134e-07,7.377161638215743e-07,7.377161638215743e-07
2024-04-18 03:30:00,0.313294594669717,0.5417438762678941,0.5417438762678941,7.266268106870085e-07,1.18121402497644e-06,1.18121402497644e-06
2024-04-18 04:00:00,0.3277107479970294,0.313294594669717,0.313294594669717,5.280780938430101e-07,6.733489861504187e-07,6.733489861504187e-07
2024-04-18 04:30:00,0.7847572108625442,0.3277107479970294,0.3277107479970294,1.136316388362934e-06,9.306993867592067e-07,9.306993867592067e-07
2024-04-18 05:00:00,0.513839117538474,0.7847572108625442,0.7847572108625442,6.431101421228583e-07,1.0908034576386433e-06,1.0908034576386433e-06
2024-04-18 05:30:00,1.039117124814327,0.513839117538474,0.513839117538474,1.017804212166391e-06,7.786491576547394e-07,7.786491576547394e-07
2024-04-18 06:00:00,0.8181793417829883,1.039117124814327,1.039117124814327,8.027952995331514e-07,1.2952684741762137e-06,1.2952684741762137e-06
2024-04-18 06:30:00,0.9048593260258073,0.8181793417829883,0.8181793417829883,8.237668036930159e-07,9.77152982928188e-07,9.77152982928188e-07
2024-04-18 07:00:00,1.0603809186091961,0.9048593260258073,0.9048593260258073,7.638643262842949e-07,8.458180970527299e-07,8.458180970527299e-07
2024-04-18 07:30:00,0.683942457954906,1.0603809186091961,1.0603809186091961,8.442825725131668e-07,1.5913872904880095e-06,1.5913872904880095e-06
2024-04-18 08:00:00,0.803149278706659,0.683942457954906,0.683942457954906,9.979091838526636e-07,1.1458376001221012e-06,1.1458376001221012e-06
2024-04-18 08:30:00,-0.20704647255991304,0.803149278706659,0.803149278706659,6.77668233930564e-07,2.4073679981182722e-06,2.4073679981182722e-06
2024-04-18 16:30:00,1.161219983426097,-0.20704647255991304,-0.20704647255991304,1.3907359251976347e-06,4.579488956731711e-07,4.579488956731711e-07
2024-04-18 17:00:00,0.817459862516456,1.161219983426097,1.161219983426097,3.2723975108725843e-07,5.969831751572316e-07,5.969831751572316e-07
2024-04-18 17:30:00,-0.4801090235453369,0.817459862516456,0.817459862516456,7.459564333676318e-08,3.532184538724234e-07,3.532184538724234e-07
2024-04-18 18:00:00,0.40168561953905346,-0.4801090235453369,-0.4801090235453369,1.7349057697728327e-07,9.292236571035918e-08,9.292236571035918e-08
2024-04-18 18:30:00,0.21631326067245205,0.40168561953905346,0.40168561953905346,3.8487038984914535e-07,5.992714758181473e-07,5.992714758181473e-07
2024-04-18 19:00:00,0.6231245244424439,0.21631326067245205,0.21631326067245205,1.8364519201413027e-07,1.5816361761933471e-07,1.5816361761933471e-07
2024-04-18 19:30:00,1.0135902583210417,0.6231245244424439,0.6231245244424439,4.3575862642284914e-07,3.814800175888653e-07,3.814800175888653e-07
2024-04-18 20:00:00,1.3657219317922458,1.0135902583210417,1.0135902583210417,8.063558347326162e-07,7.335011589994875e-07,7.335011589994875e-07
2024-04-18 20:30:00,1.7750197092166324,1.3657219317922458,1.3657219317922458,1.8050620124139295e-06,1.5507410189727802e-06,1.5507410189727802e-06
2024-04-18 21:00:00,2.1882460714356498,1.7750197092166324,1.7750197092166324,1.4813889117575598e-06,1.2676812739012853e-06,1.2676812739012853e-06
2024-04-18 21:30:00,3.4480657891946986,2.1882460714356498,2.1882460714356498,6.624709287877141e-06,2.431291252481921e-06,2.431291252481921e-06
2024-04-18 22:00:00,4.394993366612876,3.4480657891946986,3.4480657891946986,1.5276323805103655e-05,7.66613297184602e-06,7.66613297184602e-06
2024-04-18 22:30:00,4.104087667226056,4.394993366612876,4.394993366612876,7.649412553081092e-06,1.323639559736002e-05,1.323639559736002e-05
2024-04-18 23:00:00,4.125316568386854,4.104087667226056,4.104087667226056,5.101287182851342e-06,6.460454809646879e-06,6.460454809646879e-06
2024-04-18 23:30:00,3.608238872232917,4.125316568386854,4.125316568386854,3.8562344637986705e-06,8.366240331257805e-06,8.366240331257805e-06
2024-04-19 00:00:00,3.7778465221446442,3.608238872232917,3.608238872232917,4.500154864981429e-06,4.913270867511013e-06,4.913270867511013e-06
2024-04-19 00:30:00,3.127302246186799,3.7778465221446442,3.7778465221446442,2.0734777567494974e-06,5.140792615754081e-06,5.140792615754081e-06
2024-04-19 01:00:00,2.534888757824513,3.127302246186799,3.127302246186799,1.1790886197683878e-06,2.7582350376366326e-06,2.7582350376366326e-06
2024-04-19 01:30:00,2.824020037067239,2.534888757824513,2.534888757824513,2.1258081768445664e-06,2.0594861153492343e-06,2.0594861153492343e-06
2024-04-19 02:00:00,2.409479684788721,2.824020037067239,2.824020037067239,1.6280793450087198e-06,3.1879468221513197e-06,3.1879468221513197e-06
2024-04-19 02:30:00,2.6120984388670276,2.409479684788721,2.409479684788721,3.2482798467555054e-06,3.431311494440626e-06,3.431311494440626e-06
2024-04-19 03:00:00,2.04030731261029,2.6120984388670276,2.6120984388670276,2.3538190180416266e-06,5.393885370377728e-06,5.393885370377728e-06
2024-04-19 03:30:00,1.6033602578357407,2.04030731261029,2.04030731261029,3.2718980861676083e-06,6.5518866709516805e-06,6.5518866709516805e-06
2024-04-19 04:00:00,1.568175694153794,1.6033602578357407,1.6033602578357407,2.008203096274908e-06,2.690859415021032e-06,2.690859415021032e-06
2024-04-19 04:30:00,1.6569685164629,1.568175694153794,1.568175694153794,2.9124536746002964e-06,3.447463745665123e-06,3.447463745665123e-06
2024-04-19 05:00:00,1.6618610745624895,1.6569685164629,1.6569685164629,2.112574078648634e-06,2.7195061793556027e-06,2.7195061793556027e-06
2024-04-19 05:30:00,1.5137445986774551,1.6618610745624895,1.6618610745624895,1.6873497410561994e-06,2.53124505202492e-06,2.53124505202492e-06
2024-04-19 06:00:00,0.686903545739959,1.5137445986774551,1.5137445986774551,7.239426302910325e-07,2.1409157263996172e-06,2.1409157263996172e-06
2024-04-19 06:30:00,1.8096440777986889,0.686903545739959,0.686903545739959,2.141301345382134e-06,9.013234833706625e-07,9.013234833706625e-07
2024-04-19 07:00:00,1.7322524252305627,1.8096440777986889,1.8096440777986889,1.6040392484797784e-06,2.2419641954503112e-06,2.2419641954503112e-06
2024-04-19 07:30:00,1.2789912541886554,1.7322524252305627,1.7322524252305627,1.9233523238815174e-06,3.9148090737781535e-06,3.9148090737781535e-06
2024-04-19 08:00:00,1.4265993648590563,1.2789912541886554,1.2789912541886554,2.165258367137007e-06,2.4166138036331775e-06,2.4166138036331775e-06
2024-04-19 08:30:00,1.04537534930423,1.4265993648590563,1.4265993648590563,2.371029811936968e-06,4.490590106237192e-06,4.490590106237192e-06
2024-04-19 16:30:00,0.5322173291707397,1.04537534930423,1.04537534930423,7.414336481910387e-07,1.6022744310838637e-06,1.6022744310838637e-06
2024-04-19 17:00:00,0.5436907875051844,0.5322173291707397,0.5322173291707397,2.4886834233606906e-07,3.1826560704009695e-07,3.1826560704009695e-07
2024-04-19 17:30:00,0.9475509315388742,0.5436907875051844,0.5436907875051844,2.661275340059229e-07,2.2987857270842527e-07,2.2987857270842527e-07
2024-04-19 18:00:00,1.0812395208882801,0.9475509315388742,0.9475509315388742,3.4229645459646376e-07,3.873870499520196e-07,3.873870499520196e-07
2024-04-19 18:30:00,-1.522249954981966,1.0812395208882801,1.0812395208882801,7.67152335991621e-08,1.3408050566062065e-06,1.3408050566062065e-06
2024-04-19 19:00:00,0.7889736205552573,-1.522249954981966,-1.522249954981966,2.371069184061962e-07,3.0408534834719273e-08,3.0408534834719273e-08
2024-04-19 19:30:00,-0.606632715457863,0.7889736205552573,0.7889736205552573,9.336248406421534e-08,4.876176793161853e-07,4.876176793161853e-07
2024-04-19 20:00:00,-0.2318150144045319,-0.606632715457863,-0.606632715457863,1.6589427535450548e-07,1.4752073065410106e-07,1.4752073065410106e-07
2024-04-21 18:30:00,3.195252962876811,-0.2318150144045319,-0.2318150144045319,8.583553085388378e-06,3.6067272412312936e-07,3.6067272412312936e-07
2024-04-21 19:00:00,1.5007065779900142,3.195252962876811,3.195252962876811,5.435576547295827e-07,3.828077087032379e-06,3.828077087032379e-06
2024-04-21 19:30:00,0.8409990415017283,1.5007065779900142,1.5007065779900142,3.970734800928567e-07,9.935303521063743e-07,9.935303521063743e-07
2024-04-21 20:00:00,0.3608835061467115,0.8409990415017283,0.8409990415017283,3.0008003144097407e-07,6.274101475960678e-07,6.274101475960678e-07
2024-04-21 20:30:00,-0.02091067255601331,0.3608835061467115,0.3608835061467115,3.2215113704698757e-07,6.104831590129955e-07,6.104831590129955e-07
2024-04-21 21:00:00,2.235977521211984,-0.02091067255601331,-0.02091067255601331,1.7747714088417856e-06,2.4032073809318734e-07,2.4032073809318734e-07
2024-04-21 21:30:00,1.8637445230377558,2.235977521211984,2.235977521211984,1.558263550799149e-06,2.9248430314300372e-06,2.9248430314300372e-06
2024-04-21 22:00:00,1.2303707854694217,1.8637445230377558,1.8637445230377558,7.954999645793748e-07,1.9387142305793446e-06,1.9387142305793446e-06
2024-04-21 22:30:00,1.5275953026585647,1.2303707854694217,1.2303707854694217,6.383241255243355e-07,6.134246241947711e-07,6.134246241947711e-07
2024-04-21 23:00:00,0.9646273516536112,1.5275953026585647,1.5275953026585647,2.2349510799050653e-07,5.076504907218082e-07,5.076504907218082e-07
2024-04-21 23:30:00,0.4057320219217697,0.9646273516536112,0.9646273516536112,1.8368381985435883e-07,4.1552673760546236e-07,4.1552673760546236e-07
2024-04-22 00:00:00,1.3270932439619685,0.4057320219217697,0.4057320219217697,3.9989188769704616e-07,2.0587490592489903e-07,2.0587490592489903e-07
2024-04-22 00:30:00,-0.1032305211707083,1.3270932439619685,1.3270932439619685,8.942254562706083e-08,4.83539171185553e-07,4.83539171185553e-07
2024-04-22 01:00:00,0.848394102717057,-0.1032305211707083,-0.1032305211707083,2.183288489952381e-07,1.0905076499224006e-07,1.0905076499224006e-07
2024-04-22 01:30:00,0.22669857686618577,0.848394102717057,0.848394102717057,1.6619851306857912e-07,4.003399997188518e-07,4.003399997188518e-07
2024-04-22 02:00:00,0.36130164988514046,0.22669857686618577,0.22669857686618577,2.230917380496379e-07,2.5224875382981756e-07,2.5224875382981756e-07
2024-04-22 02:30:00,0.8386256044651414,0.36130164988514046,0.36130164988514046,7.373670519072236e-07,5.918170633694113e-07,5.918170633694113e-07
2024-04-22 03:00:00,0.2537712159652532,0.8386256044651414,0.8386256044651414,4.179416664921736e-07,9.703258871493834e-07,9.703258871493834e-07
2024-04-22 03:30:00,-0.04100907610291671,0.2537712159652532,0.2537712159652532,6.928659077259789e-07,1.2035761162415069e-06,1.2035761162415069e-06
2024-04-22 04:00:00,0.4663403944106399,-0.04100907610291671,-0.04100907610291671,6.745869317608705e-07,5.254141474304447e-07,5.254141474304447e-07
2024-04-22 04:30:00,0.5260244561707648,0.4663403944106399,0.4663403944106399,1.0346974079524325e-06,1.2609440500786258e-06,1.2609440500786258e-06
2024-04-22 05:00:00,0.4121020546814176,0.5260244561707648,0.5260244561707648,6.054084810860498e-07,8.776619799213661e-07,8.776619799213661e-07
2024-04-22 05:30:00,0.8054679112464349,0.4121020546814176,0.4121020546814176,8.310065600717272e-07,7.253886326122355e-07,7.253886326122355e-07
2024-04-22 06:00:00,0.4666947503067753,0.8054679112464349,0.8054679112464349,5.935969584906106e-07,1.0775114546750807e-06,1.0775114546750807e-06
2024-04-22 06:30:00,-0.14720946797408452,0.4666947503067753,0.4666947503067753,3.230857103358398e-07,7.722108134367327e-07,7.722108134367327e-07
2024-04-22 07:00:00,0.1598427182280755,-0.14720946797408452,-0.14720946797408452,3.961634576281266e-07,3.7698689872096227e-07,3.7698689872096227e-07
2024-04-22 07:30:00,0.6544553590717523,0.1598427182280755,0.1598427182280755,1.0382295916635058e-06,8.190091932544039e-07,8.190091932544039e-07
2024-04-22 08:00:00,-0.2257701545944375,0.6544553590717523,0.6544553590717523,4.250084334469287e-07,1.3257985678161678e-06,1.3257985678161678e-06
2024-04-22 08:30:00,-0.06656589324049556,-0.2257701545944375,-0.2257701545944375,8.102243421606586e-07,8.938541666925516e-07,8.938541666925516e-07
2024-04-22 16:30:00,0.8879873589429348,-0.06656589324049556,-0.06656589324049556,1.26104270549964e-06,6.280229267407924e-07,6.280229267407924e-07
2024-04-22 17:00:00,0.7087661228652102,0.8879873589429348,0.8879873589429348,3.570834699133004e-07,5.525956406039128e-07,5.525956406039128e-07
2024-04-22 17:30:00,0.7180957450581325,0.7087661228652102,0.7087661228652102,2.1156249903622094e-07,2.711376322732665e-07,2.711376322732665e-07
2024-04-22 18:00:00,-0.7521112849766247,0.7180957450581325,0.7180957450581325,5.816451606319655e-08,3.273134364186859e-07,3.273134364186859e-07
2024-04-22 18:30:00,0.15015375303130973,-0.7521112849766247,-0.7521112849766247,4.085049408911608e-07,2.1436382648112226e-07,2.1436382648112226e-07
2024-04-22 19:00:00,0.09295684907845825,0.15015375303130973,0.15015375303130973,1.480516114327161e-07,2.027945842725848e-07,2.027945842725848e-07
2024-04-22 19:30:00,2.711817961396303,0.09295684907845825,0.09295684907845825,2.840958188754913e-06,2.678618268513273e-07,2.678618268513273e-07
2024-04-22 20:00:00,0.2896855823686373,2.711817961396303,2.711817961396303,2.9772453875433424e-07,4.340465134561412e-06,4.340465134561412e-06
2024-04-22 20:30:00,0.5024253309349653,0.2896855823686373,0.2896855823686373,5.497531182618038e-07,5.748822727348631e-07,5.748822727348631e-07
2024-04-22 21:00:00,0.2775528358136601,0.5024253309349653,0.5024253309349653,2.74795458525166e-07,4.451161470098236e-07,4.451161470098236e-07
2024-04-22 21:30:00,0.8977838216426459,0.2775528358136601,0.2775528358136601,6.281954267536104e-07,4.370536887476097e-07,4.370536887476097e-07
2024-04-22 22:00:00,1.003539749466002,0.8977838216426459,0.8977838216426459,6.34057577936512e-07,7.379083007780222e-07,7.379083007780222e-07
2024-04-22 22:30:00,0.7622288427429957,1.003539749466002,1.003539749466002,3.439659881737825e-07,5.66393695441298e-07,5.66393695441298e-07
2024-04-22 23:00:00,0.9307803609571312,0.7622288427429957,0.7622288427429957,2.1605705902060886e-07,2.3614044654258966e-07,2.3614044654258966e-07
2024-04-22 23:30:00,1.1212739546699328,0.9307803609571312,0.9307803609571312,3.756875605267045e-07,4.016977627773308e-07,4.016977627773308e-07
2024-04-23 00:00:00,0.39234981776780664,1.1212739546699328,1.1212739546699328,1.5703218802841747e-07,4.2107487334440195e-07,4.2107487334440195e-07
2024-04-23 00:30:00,0.5921141065934794,0.39234981776780664,0.39234981776780664,1.6431649451039378e-07,1.7407145008206676e-07,1.7407145008206676e-07
2024-04-23 01:00:00,0.5649120539562329,0.5921141065934794,0.5921141065934794,1.644358227858099e-07,2.1858132354923096e-07,2.1858132354923096e-07
2024-04-23 01:30:00,0.6937190242069402,0.5649120539562329,0.5649120539562329,2.6512552234929103e-07,3.0151872989206345e-07,3.0151872989206345e-07
2024-04-23 02:00:00,0.6531940954773141,0.6937190242069402,0.6937190242069402,3.2641040462862715e-07,4.3971032243829393e-07,4.3971032243829393e-07
2024-04-23 02:30:00,-0.2882987080916859,0.6531940954773141,0.6531940954773141,3.167708837891667e-07,1.0505900900539249e-06,1.0505900900539249e-06
2024-04-23 03:00:00,-0.4113667384234567,-0.2882987080916859,-0.2882987080916859,2.2326892635714017e-07,3.266472187475551e-07,3.266472187475551e-07
2024-04-23 03:30:00,-0.18071981980683915,-0.4113667384234567,-0.4113667384234567,6.025229412590617e-07,6.18881951792254e-07,6.18881951792254e-07
2024-04-23 04:00:00,0.8507025819505181,-0.18071981980683915,-0.18071981980683915,1.016478894218922e-06,4.687704446909635e-07,4.687704446909635e-07
2024-04-23 04:30:00,-0.002887593161993607,0.8507025819505181,0.8507025819505181,6.779705691845632e-07,2.0593172557383573e-06,2.0593172557383573e-06
2024-04-23 05:00:00,0.59133193303715,-0.002887593161993607,-0.002887593161993607,8.335933628607299e-07,5.952383458031587e-07,5.952383458031587e-07
2024-04-23 05:30:00,-0.13347037757858082,0.59133193303715,0.59133193303715,4.0161148108251444e-07,1.0724737668662835e-06,1.0724737668662835e-06
2024-04-23 06:00:00,0.8403792400869214,-0.13347037757858082,-0.13347037757858082,8.834619020319904e-07,4.315719649983813e-07,4.315719649983813e-07
2024-04-23 06:30:00,0.36731624509234173,0.8403792400869214,0.8403792400869214,5.404722844574715e-07,1.1220830207985056e-06,1.1220830207985056e-06
2024-04-23 07:00:00,-0.37682961977900575,0.36731624509234173,0.36731624509234173,2.634182697082738e-07,7.171784806584087e-07,7.171784806584087e-07
2024-04-23 07:30:00,0.2974800644966358,-0.37682961977900575,-0.37682961977900575,7.488743879536858e-07,4.93586095491968e-07,4.93586095491968e-07
2024-04-23 08:00:00,-0.21689620938021292,0.2974800644966358,0.2974800644966358,4.1855127245275765e-07,9.056123954320706e-07,9.056123954320706e-07
2024-04-23 08:30:00,0.04878793322240682,-0.21689620938021292,-0.21689620938021292,8.752348439878464e-07,8.68045232641012e-07,8.68045232641012e-07
2024-04-23 16:30:00,0.6995037197312488,0.04878793322240682,0.04878793322240682,1.3060770939982951e-06,8.813927051858242e-07,8.813927051858242e-07
2024-04-23 17:00:00,-0.3406512514405833,0.6995037197312488,0.6995037197312488,1.483591947829652e-07,5.430639149471392e-07,5.430639149471392e-07
2024-04-23 17:30:00,0.5521726453978424,-0.3406512514405833,-0.3406512514405833,2.0942460085647103e-07,1.1093845644014082e-07,1.1093845644014082e-07
2024-04-23 18:00:00,1.6165587413642424,0.5521726453978424,0.5521726453978424,5.84640079030132e-07,2.608762184900999e-07,2.608762184900999e-07
2024-04-23 18:30:00,0.5950990675384187,1.6165587413642424,1.6165587413642424,7.189590386340658e-07,2.582981895001491e-06,2.582981895001491e-06
2024-04-23 19:00:00,0.09443207774164897,0.5950990675384187,0.5950990675384187,1.4827018259511538e-07,3.164416552842711e-07,3.164416552842711e-07
2024-04-23 19:30:00,-0.0033525722947587155,0.09443207774164897,0.09443207774164897,1.8805343120122342e-07,2.6825727591325055e-07,2.6825727591325055e-07
2024-04-23 20:00:00,0.32696728814650733,-0.0033525722947587155,-0.0033525722947587155,3.279122419221997e-07,3.0486281263971504e-07,3.0486281263971504e-07
2024-04-23 20:30:00,0.3505366304182562,0.32696728814650733,0.32696728814650733,4.895968573707042e-07,6.185937111297224e-07,6.185937111297224e-07
2024-04-23 21:00:00,-0.28494232599005187,0.3505366304182562,0.3505366304182562,1.6220010308880967e-07,3.961311952103508e-07,3.961311952103508e-07
2024-04-23 21:30:00,-0.46713960265886456,-0.28494232599005187,-0.28494232599005187,1.7405779249121365e-07,2.7016162344516403e-07,2.7016162344516403e-07
2024-04-23 22:00:00,0.3358590035433302,-0.46713960265886456,-0.46713960265886456,4.148895884290166e-07,2.404349441405541e-07,2.404349441405541e-07
2024-04-23 22:30:00,0.146401421910328,0.3358590035433302,0.3358590035433302,1.8580827454292576e-07,2.905014784085217e-07,2.905014784085217e-07
2024-04-23 23:00:00,0.6066516353554618,0.146401421910328,0.146401421910328,1.5721084646702296e-07,1.2835160162567403e-07,1.2835160162567403e-07
2024-04-23 23:30:00,1.4344963912610318,0.6066516353554618,0.6066516353554618,5.138751198775976e-07,2.9049060830695265e-07,2.9049060830695265e-07
2024-04-24 00:00:00,0.3022449097292572,1.4344963912610318,1.4344963912610318,1.5225502559500334e-07,6.110899219914893e-07,6.110899219914893e-07
2024-04-24 00:30:00,0.11860117312808427,0.3022449097292572,0.3022449097292572,1.023380428480556e-07,1.5907263782158076e-07,1.5907263782158076e-07
2024-04-24 01:00:00,-0.36485012754628343,0.11860117312808427,0.11860117312808427,6.974384043977893e-08,1.4630831360355244e-07,1.4630831360355244e-07
2024-04-24 01:30:00,0.2705606008918604,-0.36485012754628343,-0.36485012754628343,1.7365055230821386e-07,1.1899362914680752e-07,1.1899362914680752e-07
2024-04-24 02:00:00,0.18501400390704958,0.2705606008918604,0.2705606008918604,2.2115265369338793e-07,3.1163590166477174e-07,3.1163590166477174e-07
2024-04-24 02:30:00,0.11879039167464,0.18501400390704958,0.18501400390704958,4.7592860250881366e-07,6.578172678031482e-07,6.578172678031482e-07
2024-04-24 03:00:00,0.2955281225778119,0.11879039167464,0.11879039167464,4.5271910399830067e-07,4.907671831208602e-07,4.907671831208602e-07
2024-04-24 03:30:00,-0.06016725718756355,0.2955281225778119,0.2955281225778119,6.797182023956999e-07,1.2548977919476994e-06,1.2548977919476994e-06
2024-04-24 04:00:00,-0.16639080850955068,-0.06016725718756355,-0.06016725718756355,4.103756113204783e-07,5.903597758163365e-07,5.903597758163365e-07
2024-04-24 04:30:00,-0.542401391288724,-0.16639080850955068,-0.16639080850955068,4.0106651109214234e-07,7.556464311911564e-07,7.556464311911564e-07
2024-04-24 05:00:00,-0.3006899132417882,-0.542401391288724,-0.542401391288724,4.141762830075655e-07,4.2074036502444055e-07,4.2074036502444055e-07
2024-04-24 05:30:00,-0.33062564350888834,-0.3006899132417882,-0.3006899132417882,3.391554520637415e-07,4.520668273250032e-07,4.520668273250032e-07
2024-04-24 06:00:00,-0.11873677878126543,-0.33062564350888834,-0.33062564350888834,3.497165589116957e-07,3.66013366692171e-07,3.66013366692171e-07
2024-04-24 06:30:00,-0.11599263959894301,-0.11873677878126543,-0.11873677878126543,3.3333049439866005e-07,4.3001756558830455e-07,4.3001756558830455e-07
2024-04-24 07:00:00,0.24610633184759934,-0.11599263959894301,-0.11599263959894301,4.911153847167832e-07,4.4231214884573445e-07,4.4231214884573445e-07
2024-04-24 07:30:00,0.387441287508155,0.24610633184759934,0.24610633184759934,8.193673238110942e-07,9.202388484551605e-07,9.202388484551605e-07
2024-04-24 08:00:00,0.19083520344693916,0.387441287508155,0.387441287508155,6.29251369286196e-07,9.90859370799073e-07,9.90859370799073e-07
2024-04-24 08:30:00,-0.4363245168572636,0.19083520344693916,0.19083520344693916,5.537062147972693e-07,1.3410788647579074e-06,1.3410788647579074e-06
2024-04-24 16:30:00,2.8317893994683274,-0.4363245168572636,-0.4363245168572636,1.2323156775877007e-05,6.070172708865271e-07,6.070172708865271e-07
2024-04-24 17:00:00,1.582790846353607,2.8317893994683274,2.8317893994683274,1.0154411452821193e-06,4.580267583877763e-06,4.580267583877763e-06
2024-04-24 17:30:00,2.7865958216607876,1.582790846353607,1.582790846353607,2.4649826642088905e-06,9.567774379082121e-07,9.567774379082121e-07
2024-04-24 18:00:00,1.523072584099495,2.7865958216607876,2.7865958216607876,5.659237479784669e-07,2.590013351164083e-06,2.590013351164083e-06
2024-04-24 18:30:00,1.005704614356926,1.523072584099495,1.523072584099495,1.0839964780964631e-06,2.352452374251447e-06,2.352452374251447e-06
2024-04-24 19:00:00,0.9680280701771711,1.005704614356926,1.005704614356926,3.7537027850560107e-07,5.042263206045598e-07,5.042263206045598e-07
2024-04-24 19:30:00,0.17570853058582792,0.9680280701771711,0.9680280701771711,2.344537720469812e-07,6.698231334986141e-07,6.698231334986141e-07
2024-04-24 20:00:00,0.3324732012442144,0.17570853058582792,0.17570853058582792,3.4282518187914814e-07,3.7913475520754607e-07,3.7913475520754607e-07
2024-04-24 20:30:00,0.4860145012629502,0.3324732012442144,0.3324732012442144,6.693571481370078e-07,7.42640586725429e-07,7.42640586725429e-07
2024-04-24 21:00:00,0.5734090173284994,0.4860145012629502,0.4860145012629502,3.8267349057508363e-07,4.536034364203013e-07,4.536034364203013e-07
2024-04-24 21:30:00,-0.31079460046582774,0.5734090173284994,0.5734090173284994,2.035135092123415e-07,6.373836359807147e-07,6.373836359807147e-07
2024-04-24 22:00:00,0.056137305629826884,-0.31079460046582774,-0.31079460046582774,3.2735338422967793e-07,2.9340211983942403e-07,2.9340211983942403e-07
2024-04-24 22:30:00,0.20970496483958456,0.056137305629826884,0.056137305629826884,2.2314466535349203e-07,2.4756875693990617e-07,2.4756875693990617e-07
2024-04-24 23:00:00,0.6464408847358598,0.20970496483958456,0.20970496483958456,1.7472988438360757e-07,1.4604883725704388e-07,1.4604883725704388e-07
2024-04-24 23:30:00,-0.7055700622964931,0.6464408847358598,0.6464408847358598,6.596337924549656e-08,3.298197848970435e-07,3.298197848970435e-07
2024-04-25 00:00:00,-0.6286864773892091,-0.7055700622964931,-0.7055700622964931,6.796928037269254e-08,8.141894477612993e-08,8.141894477612993e-08
2024-04-25 00:30:00,-0.4633464937158891,-0.6286864773892091,-0.6286864773892091,6.109939231991528e-08,6.699363806023997e-08,6.699363806023997e-08
2024-04-25 01:00:00,0.5110900423212605,-0.4633464937158891,-0.4633464937158891,1.6746414649258237e-07,8.175839251912296e-08,8.175839251912296e-08
2024-04-25 01:30:00,1.6202263709724036,0.5110900423212605,0.5110900423212605,7.266900072606656e-07,3.10070404132592e-07,3.10070404132592e-07
2024-04-25 02:00:00,0.6519140847147309,1.6202263709724036,1.6202263709724036,3.890518183513997e-07,1.3253880373212385e-06,1.3253880373212385e-06
2024-04-25 02:30:00,-0.25265723291358455,0.6519140847147309,0.6519140847147309,3.6722887499203083e-07,1.1737890890224102e-06,1.1737890890224102e-06
2024-04-25 03:00:00,0.8431590132141391,-0.25265723291358455,-0.25265723291358455,7.82819968539179e-07,3.384993668714697e-07,3.384993668714697e-07
2024-04-25 03:30:00,-0.5885669245291218,0.8431590132141391,0.8431590132141391,4.007262944176566e-07,2.1699085400559345e-06,2.1699085400559345e-06
2024-04-25 04:00:00,0.35627610436442403,-0.5885669245291218,-0.5885669245291218,6.921064535233651e-07,3.480452406634206e-07,3.480452406634206e-07
2024-04-25 04:30:00,-0.005644437036576022,0.35627610436442403,0.35627610436442403,6.860045297770541e-07,1.274412409466695e-06,1.274412409466695e-06
2024-04-25 05:00:00,-0.4207729396325721,-0.005644437036576022,-0.005644437036576022,3.6731091203759487e-07,7.196556887306572e-07,7.196556887306572e-07
2024-04-25 05:30:00,-0.5743136617189553,-0.4207729396325721,-0.4207729396325721,2.6580701679914647e-07,4.0091402009046394e-07,4.0091402009046394e-07
2024-04-25 06:00:00,-0.15571174174600166,-0.5743136617189553,-0.5743136617189553,3.3702193988415525e-07,2.868564268009272e-07,2.868564268009272e-07
2024-04-25 06:30:00,0.14244750531853256,-0.15571174174600166,-0.15571174174600166,4.3163253739552325e-07,4.1440804115720005e-07,4.1440804115720005e-07
2024-04-25 07:00:00,0.6490036563387864,0.14244750531853256,0.14244750531853256,8.37104840319479e-07,6.52511584227004e-07,6.52511584227004e-07
2024-04-25 07:30:00,0.10221625845609594,0.6490036563387864,0.6490036563387864,7.238925449316636e-07,1.6178705438205483e-06,1.6178705438205483e-06
2024-04-25 08:00:00,0.08609624160825113,0.10221625845609594,0.10221625845609594,5.805496971049383e-07,7.632084172385867e-07,7.632084172385867e-07
2024-04-25 08:30:00,0.4966274677336795,0.08609624160825113,0.08609624160825113,1.407522340674162e-06,1.2077214088956046e-06,1.2077214088956046e-06
2024-04-25 16:30:00,3.0348713272240992,0.4966274677336795,0.4966274677336795,1.5097996982365272e-05,1.54303915526877e-06,1.54303915526877e-06
2024-04-25 17:00:00,1.2873064307458684,3.0348713272240992,3.0348713272240992,8.561855524127696e-07,6.358118248857287e-06,6.358118248857287e-06
2024-04-25 17:30:00,2.0253834260784576,1.2873064307458684,1.2873064307458684,1.2850498813904904e-06,7.946577693869864e-07,7.946577693869864e-07
2024-04-25 18:00:00,2.6993492110711426,2.0253834260784576,2.0253834260784576,1.8348829577520726e-06,1.2097946506570239e-06,1.2097946506570239e-06
2024-04-25 18:30:00,1.5746172149840003,2.6993492110711426,2.6993492110711426,2.1704256150440964e-06,8.645950008057365e-06,8.645950008057365e-06
2024-04-25 19:00:00,0.6828048605232109,1.5746172149840003,1.5746172149840003,2.8222079864623937e-07,8.906377834708323e-07,8.906377834708323e-07
2024-04-25 19:30:00,1.1640645068544089,0.6828048605232109,0.6828048605232109,6.879559340583758e-07,5.499904222502015e-07,5.499904222502015e-07
2024-04-25 20:00:00,-0.25340873025525745,1.1640645068544089,1.1640645068544089,2.1402267623325466e-07,1.142519206984183e-06,1.142519206984183e-06
2024-04-25 20:30:00,0.08722775033843178,-0.25340873025525745,-0.25340873025525745,5.532538508321913e-07,5.090856036475589e-07,5.090856036475589e-07
2024-04-25 21:00:00,-0.4722503245754375,0.08722775033843178,0.08722775033843178,1.4541938719934572e-07,3.29157280211948e-07,3.29157280211948e-07
2024-04-25 21:30:00,-0.2689478369770715,-0.4722503245754375,-0.4722503245754375,2.1221059420600726e-07,2.2401485949200833e-07,2.2401485949200833e-07
2024-04-25 22:00:00,-0.12645081083207366,-0.2689478369770715,-0.2689478369770715,2.786025749947538e-07,3.125376686362531e-07,3.125376686362531e-07
2024-04-25 22:30:00,-0.16670470516497282,-0.12645081083207366,-0.12645081083207366,1.571092895258487e-07,2.1158594872854664e-07,2.1158594872854664e-07
2024-04-25 23:00:00,0.6398679975890911,-0.16670470516497282,-0.16670470516497282,1.9774537938073096e-07,1.141876629783658e-07,1.141876629783658e-07
2024-04-25 23:30:00,1.6106636140745305,0.6398679975890911,0.6398679975890911,6.686985793009274e-07,3.2765902566467657e-07,3.2765902566467657e-07
2024-04-26 00:00:00,0.8315194260177599,1.6106636140745305,1.6106636140745305,2.927332390218454e-07,8.2537816168197e-07,8.2537816168197e-07
2024-04-26 00:30:00,-0.019717039051357688,0.8315194260177599,0.8315194260177599,9.52144175447386e-08,2.8853129760529657e-07,2.8853129760529657e-07
2024-04-26 01:00:00,0.38438428578350603,-0.019717039051357688,-0.019717039051357688,1.4753471750874793e-07,1.274084312057064e-07,1.274084312057064e-07
2024-04-26 01:30:00,-0.17593908853101503,0.38438428578350603,0.38438428578350603,1.333239244791002e-07,3.020343605700842e-07,3.020343605700842e-07
2024-04-26 02:00:00,0.12663239058601938,-0.17593908853101503,-0.17593908853101503,2.5210622503077616e-07,2.409801997118821e-07,2.409801997118821e-07
2024-04-26 02:30:00,-0.045547615693230625,0.12663239058601938,0.12663239058601938,4.517346312755609e-07,6.941656623108596e-07,6.941656623108596e-07
2024-04-26 03:00:00,0.4021375622993144,-0.045547615693230625,-0.045547615693230625,5.609894683836045e-07,4.637996537107971e-07,4.637996537107971e-07
2024-04-26 03:30:00,0.07630834527902408,0.4021375622993144,0.4021375622993144,7.791112963832809e-07,1.3960733812299717e-06,1.3960733812299717e-06
2024-04-26 04:00:00,0.056756611084196606,0.07630834527902408,0.07630834527902408,5.598698359090618e-07,7.385521966803137e-07,7.385521966803137e-07
2024-04-26 04:30:00,0.014857683285883994,0.056756611084196606,0.056756611084196606,7.043507998424641e-07,9.501417451128229e-07,9.501417451128229e-07
2024-04-26 05:00:00,-0.5837482564101624,0.014857683285883994,0.014857683285883994,3.120718171186711e-07,7.345624441470021e-07,7.345624441470021e-07
2024-04-26 05:30:00,-0.11734498629659917,-0.5837482564101624,-0.5837482564101624,4.1978354951872375e-07,3.4062142631138845e-07,3.4062142631138845e-07
2024-04-26 06:00:00,0.04778481394780343,-0.11734498629659917,-0.11734498629659917,4.1308136673429553e-07,4.5302644939483727e-07,4.5302644939483727e-07
2024-04-26 06:30:00,-0.060611945248519206,0.04778481394780343,0.04778481394780343,3.8847593791060237e-07,5.600710860079964e-07,5.600710860079964e-07
2024-04-26 07:00:00,0.1956573732553295,-0.060611945248519206,-0.060611945248519206,5.923094024802365e-07,5.930006783603631e-07,5.930006783603631e-07
2024-04-26 07:30:00,-0.11796046287215667,0.1956573732553295,0.1956573732553295,6.543527964154223e-07,1.1582901753714424e-06,1.1582901753714424e-06
2024-04-26 08:00:00,-0.21999969900392102,-0.11796046287215667,-0.11796046287215667,4.464158406442643e-07,6.395250910392486e-07,6.395250910392486e-07
2024-04-26 08:30:00,0.22877564900640301,-0.21999969900392102,-0.21999969900392102,1.2218375816387774e-06,1.0090570851695778e-06,1.0090570851695778e-06
2024-04-26 16:30:00,-1.517622184371449,0.22877564900640301,0.22877564900640301,1.833285795182861e-07,1.3598281581796025e-06,1.3598281581796025e-06
2024-04-26 17:00:00,-1.3526787682788282,-1.517622184371449,-1.517622184371449,6.109939231991528e-08,6.70202108338099e-08,6.70202108338099e-08
2024-04-26 17:30:00,0.0596109991326248,-1.3526787682788282,-1.3526787682788282,1.9497017471403313e-07,6.143578930459172e-08,6.143578930459172e-08
2024-04-26 18:00:00,1.5670531392949858,0.0596109991326248,0.0596109991326248,5.913688316867083e-07,1.6942891986545967e-07,1.6942891986545967e-07
2024-04-26 18:30:00,-1.4050850312326002,1.5670531392949858,1.5670531392949858,1.263845095556655e-07,3.193595948591254e-06,3.193595948591254e-06
2024-04-26 19:00:00,-0.9800138382444388,-1.4050850312326002,-1.4050850312326002,5.560564444824968e-08,4.702358318392064e-08,4.702358318392064e-08
2024-04-26 19:30:00,0.2731075384377366,-0.9800138382444388,-0.9800138382444388,3.01331261768637e-07,1.1133287016706378e-07,1.1133287016706378e-07
2024-04-26 20:00:00,-0.20628752482566703,0.2731075384377366,0.2731075384377366,2.2434906807951617e-07,4.6873330730838677e-07,4.6873330730838677e-07
2024-04-28 18:30:00,1.4207861396677561,-0.20628752482566703,-0.20628752482566703,2.132819503894727e-06,5.421605381295199e-07,5.421605381295199e-07
2024-04-28 19:00:00,-0.49843050271745426,1.4207861396677561,1.4207861396677561,9.000525436723187e-08,7.935530684122975e-07,7.935530684122975e-07
2024-04-28 19:30:00,-0.7131934065387906,-0.49843050271745426,-0.49843050271745426,1.3026110148644594e-07,2.0887574146913831e-07,2.0887574146913831e-07
2024-04-28 20:00:00,-0.04833469176965899,-0.7131934065387906,-0.7131934065387906,2.3425558207627534e-07,1.5586492384871916e-07,1.5586492384871916e-07
2024-04-28 20:30:00,-0.9714041449038575,-0.04833469176965899,-0.04833469176965899,2.03390655004005e-07,6.622437665185071e-07,6.622437665185071e-07
2024-04-28 21:00:00,-0.5482903271412329,-0.9714041449038575,-0.9714041449038575,1.3477165348451912e-07,1.1419457556312012e-07,1.1419457556312012e-07
2024-04-28 21:30:00,-0.22330669348569288,-0.5482903271412329,-0.5482903271412329,2.2212055921487285e-07,2.0761229709662826e-07,2.0761229709662826e-07
2024-04-28 22:00:00,0.3812091620838771,-0.22330669348569288,-0.22330669348569288,4.628700183846639e-07,3.271327804954235e-07,3.271327804954235e-07
2024-04-28 22:30:00,0.14652497261782926,0.3812091620838771,0.3812091620838771,2.1489968816720322e-07,3.5152866760030173e-07,3.5152866760030173e-07
2024-04-28 23:00:00,0.050362878080138174,0.14652497261782926,0.14652497261782926,1.393198977588342e-07,1.9841693120488492e-07,1.9841693120488492e-07
2024-04-28 23:30:00,-0.14384232261004826,0.050362878080138174,0.050362878080138174,1.369688072650904e-07,2.1516262556187636e-07,2.1516262556187636e-07
2024-04-29 00:00:00,-0.6694682950793371,-0.14384232261004826,-0.14384232261004826,7.793729943124e-08,1.7053939848995708e-07,1.7053939848995708e-07
2024-04-29 00:30:00,0.4718000411603729,-0.6694682950793371,-0.6694682950793371,1.5822316422906136e-07,6.537721843727946e-08,6.537721843727946e-08
2024-04-29 01:00:00,0.1613943523875463,0.4718000411603729,0.4718000411603729,1.3689883050691751e-07,2.4155171769621034e-07,2.4155171769621034e-07
2024-04-29 01:30:00,-0.31772811249753374,0.1613943523875463,0.1613943523875463,1.1569907803399788e-07,2.416646096190008e-07,2.416646096190008e-07
2024-04-29 02:00:00,-0.6177854287523985,-0.31772811249753374,-0.31772811249753374,1.227362973776301e-07,2.143330621099438e-07,2.143330621099438e-07
2024-04-29 02:30:00,-0.36483350446594187,-0.6177854287523985,-0.6177854287523985,3.282609986990159e-07,3.2973615988657327e-07,3.2973615988657327e-07
2024-04-29 03:00:00,-0.9044426901024742,-0.36483350446594187,-0.36483350446594187,1.6783076310566964e-07,3.7241209321873303e-07,3.7241209321873303e-07
2024-04-29 03:30:00,-0.9425140648262182,-0.9044426901024742,-0.9044426901024742,2.93174911181183e-07,3.939706822053803e-07,3.939706822053803e-07
2024-04-29 04:00:00,-0.05983154262410295,-0.9425140648262182,-0.9425140648262182,5.059211129489435e-07,2.7073323285103583e-07,2.7073323285103583e-07
2024-04-29 04:30:00,-0.8783962829505736,-0.05983154262410295,-0.05983154262410295,2.921357843986595e-07,8.568125558159735e-07,8.568125558159735e-07
2024-04-29 05:00:00,-1.1392834313653424,-0.8783962829505736,-0.8783962829505736,1.7905592181758465e-07,3.006723223279193e-07,3.006723223279193e-07
2024-04-29 05:30:00,-0.7217386572051936,-1.1392834313653424,-1.1392834313653424,2.3450398495405433e-07,1.998093237930413e-07,1.998093237930413e-07
2024-04-29 06:00:00,-0.1507318579652761,-0.7217386572051936,-0.7217386572051936,3.5584768384605347e-07,2.60065028525951e-07,2.60065028525951e-07
2024-04-29 06:30:00,-0.62655702007606,-0.1507318579652761,-0.1507318579652761,2.2058567257527692e-07,4.5922810300660703e-07,4.5922810300660703e-07
2024-04-29 07:00:00,-0.9441863999191185,-0.62655702007606,-0.62655702007606,2.0980273219361458e-07,3.7287111447677176e-07,3.7287111447677176e-07
2024-04-29 07:30:00,-0.7907217056298848,-0.9441863999191185,-0.9441863999191185,3.339146452962099e-07,3.705011085576416e-07,3.705011085576416e-07
2024-04-29 08:00:00,-1.001895950281245,-0.7907217056298848,-0.7907217056298848,2.0425202427750938e-07,3.2634810319787294e-07,3.2634810319787294e-07
2024-04-29 08:30:00,-1.5740651598712265,-1.001895950281245,-1.001895950281245,2.2460261703181985e-07,5.14881937886731e-07,5.14881937886731e-07
2024-04-29 16:30:00,-0.4244084582252423,-1.5740651598712265,-1.5740651598712265,5.47024606279694e-07,2.2414043728983545e-07,2.2414043728983545e-07
2024-04-29 17:00:00,-0.6371196058672055,-0.4244084582252423,-0.4244084582252423,1.2496842218595254e-07,1.999781187443826e-07,1.999781187443826e-07
2024-04-29 17:30:00,0.19592653681498717,-0.6371196058672055,-0.6371196058672055,2.3807557870595712e-07,1.3388453667974306e-07,1.3388453667974306e-07
2024-04-29 18:00:00,0.014573989523350761,0.19592653681498717,0.19592653681498717,1.2610770186942904e-07,1.9557121606462508e-07,1.9557121606462508e-07
2024-04-29 18:30:00,-1.0046733864544137,0.014573989523350761,0.014573989523350761,1.8862116169181726e-07,6.761558979624261e-07,6.761558979624261e-07
2024-04-29 19:00:00,-0.09056052888646171,-1.0046733864544137,-1.0046733864544137,1.302328951893097e-07,6.753508328918569e-08,6.753508328918569e-08
2024-04-29 19:30:00,-1.4168179436438386,-0.09056052888646171,-0.09056052888646171,5.560564444824968e-08,2.709618005276827e-07,2.709618005276827e-07
2024-04-29 20:00:00,-1.4948098062786084,-1.4168179436438386,-1.4168179436438386,5.303589365189808e-08,7.417272607187978e-08,7.417272607187978e-08
2024-04-29 20:30:00,-0.5904005080270824,-1.4948098062786084,-1.4948098062786084,2.9771366697078064e-07,1.558912425564016e-07,1.558912425564016e-07
2024-04-29 21:00:00,-0.7636184400993713,-0.5904005080270824,-0.5904005080270824,1.0866326382166945e-07,1.671526444437624e-07,1.671526444437624e-07
2024-04-29 21:30:00,-1.005470719633763,-0.7636184400993713,-0.7636184400993713,1.0160129365084241e-07,1.6739298827868965e-07,1.6739298827868965e-07
2024-04-29 22:00:00,-1.2863334864785045,-1.005470719633763,-1.005470719633763,8.976779929051879e-08,1.5378027826501657e-07,1.5378027826501657e-07
2024-04-29 22:30:00,-1.3428168716868853,-1.2863334864785045,-1.2863334864785045,5.217620169153036e-08,7.141768970381828e-08,7.141768970381828e-08
2024-04-29 23:00:00,-0.3761579228793277,-1.3428168716868853,-1.3428168716868853,1.0159784971404069e-07,4.998880826373819e-08,4.998880826373819e-08
2024-04-29 23:30:00,-0.5952251696326201,-0.3761579228793277,-0.3761579228793277,8.746680874760116e-08,1.4085941881349628e-07,1.4085941881349628e-07
2024-04-30 00:00:00,-0.7314436927175052,-0.5952251696326201,-0.5952251696326201,7.325373617088897e-08,1.0859045357764547e-07,1.0859045357764547e-07
2024-04-30 00:30:00,-0.6534479700851854,-0.7314436927175052,-0.7314436927175052,5.43578183273048e-08,6.504169044963363e-08,6.504169044963363e-08
2024-04-30 01:00:00,-0.38410474966606856,-0.6534479700851854,-0.6534479700851854,8.983764852977275e-08,8.87742507979204e-08,8.87742507979204e-08
2024-04-30 01:30:00,-0.2959816641456232,-0.38410474966606856,-0.38410474966606856,1.1824267896194938e-07,1.400573178693951e-07,1.400573178693951e-07
2024-04-30 02:00:00,0.361210524537265,-0.2959816641456232,-0.2959816641456232,3.2669730957167414e-07,2.1904509426212171e-07,2.1904509426212171e-07
2024-04-30 02:30:00,-0.3712544218072651,0.361210524537265,0.361210524537265,3.261600143018726e-07,8.776858892198636e-07,8.776858892198636e-07
2024-04-30 03:00:00,-0.9334178631500976,-0.3712544218072651,-0.3712544218072651,1.6303761420167935e-07,3.7002852648293127e-07,3.7002852648293127e-07
2024-04-30 03:30:00,-0.7258633990325638,-0.9334178631500976,-0.9334178631500976,3.6409690807753056e-07,3.82719108842587e-07,3.82719108842587e-07
2024-04-30 04:00:00,-0.4563076720266537,-0.7258633990325638,-0.7258633990325638,3.4032621872957253e-07,3.3622635919885307e-07,3.3622635919885307e-07
2024-04-30 04:30:00,-1.212549269310573,-0.4563076720266537,-0.4563076720266537,2.0915293334889736e-07,5.763660970407026e-07,5.763660970407026e-07
2024-04-30 05:00:00,-0.5521977146420234,-1.212549269310573,-1.212549269310573,3.2207482237073874e-07,2.152646185442732e-07,2.152646185442732e-07
2024-04-30 05:30:00,-0.0468922499599973,-0.5521977146420234,-0.5521977146420234,4.6050282411667064e-07,3.5940477039470464e-07,3.5940477039470464e-07
2024-04-30 06:00:00,-0.09607146154894508,-0.0468922499599973,-0.0468922499599973,3.7583987237864334e-07,5.106978464082276e-07,5.106978464082276e-07
2024-04-30 06:30:00,-1.1335097201875577,-0.09607146154894508,-0.09607146154894508,1.3286498431426012e-07,4.850283968726296e-07,4.850283968726296e-07
2024-04-30 07:00:00,-0.6304401975544938,-1.1335097201875577,-1.1335097201875577,2.8712392617783954e-07,2.2459080953814197e-07,2.2459080953814197e-07
2024-04-30 07:30:00,-1.1397145607380281,-0.6304401975544938,-0.6304401975544938,2.3554277981015218e-07,5.070464613594279e-07,5.070464613594279e-07
2024-04-30 08:00:00,-0.6128640781286396,-1.1397145607380281,-1.1397145607380281,3.0138439705687395e-07,2.302053548588991e-07,2.302053548588991e-07
2024-04-30 08:30:00,-1.186818609296278,-0.6128640781286396,-0.6128640781286396,2.966393112922762e-07,6.812349238568787e-07,6.812349238568787e-07
2024-04-30 16:30:00,2.4904263109323477,-1.186818609296278,-1.186818609296278,1.0090286976577056e-05,3.3014084226908e-07,3.3014084226908e-07
2024-04-30 17:00:00,1.1736690339786016,2.4904263109323477,2.4904263109323477,7.642154276025493e-07,3.6887492518665664e-06,3.6887492518665664e-06
2024-04-30 17:30:00,1.2293402267456042,1.1736690339786016,1.1736690339786016,6.691457311959662e-07,8.187398597049777e-07,8.187398597049777e-07
2024-04-30 18:00:00,1.9230270924331343,1.2293402267456042,1.2293402267456042,8.579993649580597e-07,5.546582827837273e-07,5.546582827837273e-07
2024-04-30 18:30:00,1.3261306626466727,1.9230270924331343,1.9230270924331343,1.940196658146525e-06,4.559082930963893e-06,4.559082930963893e-06
2024-04-30 19:00:00,0.631075052483709,1.3261306626466727,1.3261306626466727,2.6799275068368664e-07,6.946799697873425e-07,6.946799697873425e-07
2024-04-30 19:30:00,0.3771714023878108,0.631075052483709,0.631075052483709,3.343786591988785e-07,5.57584150671472e-07,5.57584150671472e-07
2024-04-30 20:00:00,0.5895910935435111,0.3771714023878108,0.3771714023878108,4.2459618052239046e-07,4.4414655480933263e-07,4.4414655480933263e-07
2024-04-30 20:30:00,-0.3307815453895575,0.5895910935435111,0.5895910935435111,3.859667161437658e-07,1.253330266586627e-06,1.253330266586627e-06
2024-04-30 21:00:00,0.35155763548609187,-0.3307815453895575,-0.3307815453895575,3.200139755885915e-07,2.0923566730037683e-07,2.0923566730037683e-07
2024-04-30 21:30:00,-0.015323630537052324,0.35155763548609187,0.35155763548609187,2.7347312586530735e-07,5.105662208052592e-07,5.105662208052592e-07
2024-04-30 22:00:00,-0.8835423400654783,-0.015323630537052324,-0.015323630537052324,1.3429212640647105e-07,4.1391966462645703e-07,4.1391966462645703e-07
2024-04-30 22:30:00,-0.6669918755884581,-0.8835423400654783,-0.8835423400654783,1.0256035768531753e-07,1.0684046494583349e-07,1.0684046494583349e-07
2024-04-30 23:00:00,0.03798894965840738,-0.6669918755884581,-0.6669918755884581,1.5372560742812588e-07,9.826069912298691e-08,9.826069912298691e-08
2024-04-30 23:30:00,-0.3250603879915044,0.03798894965840738,0.03798894965840738,1.1459729205254912e-07,2.1313147650294165e-07,2.1313147650294165e-07
