date,true_adj,pred_adj,true_raw,pred_raw
2020-06-30 04:00:00,-0.16543778291809869,-0.2370796381117011,1.2684524766635687e-07,1.8774803047358585e-06
2020-06-30 04:30:00,-0.017528187987195964,-0.22255495498316755,1.5119480846908356e-09,1.960725347435752e-06
2020-06-30 05:00:00,0.43141844551489,-0.22494763921114044,7.817760579505861e-07,1.6780481513903699e-06
2020-06-30 05:30:00,0.1310187429050393,0.006349647068883302,6.234726834206902e-08,1.2673688005292902e-06
2020-06-30 06:00:00,-0.630051955698586,-0.056444021043725034,1.3064983621310566e-06,1.1587935856682871e-06
2020-06-30 06:30:00,-0.7211690678375001,-0.38723989599477926,1.6473238556313474e-06,1.5800826545006288e-06
2020-06-30 07:00:00,-1.3231861005836476,-0.4640006894201922,4.954484945976881e-06,1.5965699207640002e-06
2020-06-30 07:30:00,-0.7446966773553715,-0.76759926902129,1.7053868594616023e-06,2.8848131754827397e-06
2020-06-30 08:00:00,-0.21878276058215887,-0.6335930674052141,1.6515321777935964e-07,2.588926028543789e-06
2020-06-30 08:30:00,-0.5072424890144057,-0.4542987567003685,9.065488173085986e-07,1.9564940946910647e-06
2020-06-30 09:00:00,-1.3783230581923298,-0.5491318304595103,1.2691985739790059e-05,4.345495590964647e-06
2020-06-30 09:30:00,-0.08753411607299527,-0.9191055543994308,2.6926495873839172e-08,4.194733195480069e-06
2020-06-30 10:00:00,-0.3132522115340865,-0.35959138068783736,1.6059396670946578e-06,7.82630659228625e-06
2020-06-30 10:30:00,-0.4988016679318803,-0.40985890846432765,2.9317843870492315e-06,6.0907456418301845e-06
2020-06-30 11:00:00,-0.5835339830985151,-0.4897334725385528,4.86577371079517e-06,8.412848659444665e-06
2020-06-30 11:30:00,-1.178468815457571,-0.5242126636227568,2.0668012423186733e-05,9.281928810525471e-06
2020-06-30 12:00:00,-1.2266980247301744,-0.7314559072883496,1.380768979157698e-05,8.11078636586021e-06
2020-06-30 12:30:00,-1.2845855743678596,-0.8268197093371275,1.4287463493986674e-05,8.939897006163937e-06
2020-06-30 13:00:00,-0.29611650805390144,-0.9130226345180426,5.726761437236381e-07,7.723055861268875e-06
2020-06-30 13:30:00,-0.08701618842623624,-0.5302887143505318,3.942857474475088e-08,3.281144648474431e-06
2020-06-30 14:00:00,-1.1261508382532444,-0.41299597239295527,8.215801064674528e-06,3.3652280756275344e-06
2020-06-30 14:30:00,-1.1356882202722276,-0.7929549187756388,1.6606495499091363e-05,1.2587973804687375e-05
2020-06-30 15:00:00,-1.950331638456533,-0.8022381071252287,3.679024800471322e-05,9.59932324289071e-06
2020-06-30 15:30:00,-0.9230987115308613,-1.1567710046695592,1.0256047887943924e-05,2.0305048473892665e-05
2020-06-30 16:00:00,0.24207491141280313,-0.8206610305264077,8.686555681090495e-07,1.5155237667723612e-05
2020-06-30 16:30:00,-0.9442159495917531,-0.3666405007890157,4.2471086509897286e-06,2.3024548636869084e-06
2020-06-30 17:00:00,-0.6869192403708841,-0.7969349403860031,1.0527181302511093e-06,2.1953240421175446e-06
2020-06-30 17:30:00,-0.08294381977855347,-0.6762660730063275,5.344720526223751e-09,6.263535928185366e-07
2020-06-30 18:00:00,-0.5848375400052845,-0.33230360768345335,1.94179211044787e-07,2.6076779765018675e-07
2020-06-30 18:30:00,-1.9514118635378632,-0.49938891526750917,6.618095390832014e-05,1.039793547274158e-05
2020-06-30 19:00:00,-1.0110079963746361,-1.157523805708982,3.1084367942467483e-06,5.135720841585255e-06
2020-06-30 19:30:00,-0.8479934096464576,-0.8179813452506048,2.203461050352176e-06,3.119362604539229e-06
2020-06-30 20:00:00,-0.7141193123618357,-0.7661739168317238,1.6661301842676802e-06,3.057790518877263e-06
2020-06-30 20:30:00,-1.6811874712249555,-0.758126542619501,1.808973745599409e-05,5.911676316934537e-06
2020-06-30 21:00:00,-0.7312944052067297,-1.1963298841834096,1.6935183683007624e-06,5.637042751489975e-06
2020-06-30 21:30:00,-0.9061309333078251,-0.7666572290908078,5.579542542181831e-06,6.3650331000089805e-06
2020-06-30 22:00:00,-1.6006746901655247,-0.8219464774501568,2.3024327996131142e-05,9.206435553953486e-06
2020-06-30 22:30:00,-0.9106834716869906,-1.1363620723574377,2.5461354956649604e-06,5.035570151443113e-06
2020-06-30 23:00:00,-0.9093638912564362,-0.8985637308156578,2.6875154553957943e-06,3.757965380460405e-06
2020-06-30 23:30:00,-0.753574132335237,-0.8509082674601345,1.0627266588047526e-06,2.0079247839850897e-06
2020-07-01 00:00:00,-1.2318331391521695,-0.7974393026984763,2.8359372678455625e-06,1.8405410663975603e-06
2020-07-01 00:30:00,-1.0685353411913798,-0.9969694927067576,1.8332799557545045e-06,2.156146441294409e-06
2020-07-01 01:00:00,-0.9311621922690946,-0.901987605349774,1.5620393006298222e-06,2.094246394987372e-06
2020-07-01 01:30:00,-0.1842013518926766,-0.8519099499181353,9.518584254121718e-08,3.014771629530772e-06
2020-07-01 02:00:00,-0.5565722375689595,-0.5280370516952729,1.1103868709865156e-06,2.2500910065791965e-06
2020-07-01 02:30:00,-1.1004704411442094,-0.6562287005928005,7.309933284379389e-06,4.705366553623755e-06
2020-07-01 03:00:00,-1.130650022523347,-0.8494114675977353,6.148686669526664e-06,5.148401711147828e-06
2020-07-01 03:30:00,-1.4027763747060376,-0.8652042661064159,1.7500371365181416e-05,9.760381151389245e-06
2020-07-01 04:00:00,-0.5904808150279951,-0.9954458200252647,1.649194332297965e-06,6.337304447952502e-06
2020-07-01 04:30:00,-0.9592129793574308,-0.7206759426281997,4.678442120039092e-06,4.4149764126120385e-06
2020-07-01 05:00:00,-1.656271746496569,-0.8909252698767345,1.2137293638696557e-05,5.055585576280427e-06
2020-07-01 05:30:00,-1.5148343383922174,-1.191549722880013,8.700339114660652e-06,6.70591515464526e-06
2020-07-01 06:00:00,0.45431813061802634,-1.1697893531599473,6.817376103087187e-07,5.672119225604843e-06
2020-07-01 06:30:00,-0.4351999608193362,-0.31662500514613706,6.030932732919257e-07,1.4302124017480468e-06
2020-07-01 07:00:00,0.9993496081610341,-0.6351537385653412,2.8344118859456582e-06,2.135164931293504e-06
2020-07-01 07:30:00,0.11347631233392211,0.0426978732785403,4.005278847610342e-08,1.090907655189875e-06
2020-07-01 08:00:00,0.10225797268898759,-0.15945262716459063,3.709825973972968e-08,1.328034553532104e-06
2020-07-01 08:30:00,-0.40421946253053276,-0.05030838432796225,5.86068245686135e-07,1.260535301926144e-06
2020-07-01 09:00:00,-0.24946711137111363,-0.29140615224920885,4.1642948186836177e-07,2.9028394639142154e-06
2020-07-01 09:30:00,0.27101021763229133,-0.21565842449753297,2.6401855750297426e-07,1.4213803942796802e-06
2020-07-01 10:00:00,0.06794921581368411,-0.0657822222039679,7.704175983171106e-08,5.894036606771449e-06
2020-07-01 10:30:00,-0.31920214465271934,-0.13880977506412473,1.2231305306446986e-06,4.4196577852707455e-06
2020-07-01 11:00:00,-0.5661471918742269,-0.303784401823085,4.6410698979202995e-06,6.388238360991192e-06
2020-07-01 11:30:00,-0.5706555410537721,-0.4045661186410932,4.789245175734056e-06,7.538348734116144e-06
2020-07-01 12:00:00,-1.479300161305663,-0.4264688930367182,1.996321882733411e-05,4.842056452440712e-06
2020-07-01 12:30:00,-1.6386314630708985,-0.8829451390096856,2.3385321123570627e-05,9.82832901989311e-06
2020-07-01 13:00:00,-0.26493288060042164,-1.0575455825487168,4.721064652057472e-07,9.869342823348394e-06
2020-07-01 13:30:00,-0.9631389280787588,-0.5417533176835079,5.015236712591552e-06,3.4731019629339537e-06
2020-07-01 14:00:00,-0.8193650032819476,-0.8277806226328672,4.3967846499097605e-06,6.772547567270808e-06
2020-07-01 14:30:00,-1.277124158668516,-0.7956390121468295,2.11488136836823e-05,1.2732269271837672e-05
2020-07-01 15:00:00,-1.2429542797163584,-0.9571498382883354,1.4836420162793968e-05,1.2148481336710662e-05
2020-07-01 15:30:00,-1.0933014448568383,-0.9211657089027159,1.4382434670966117e-05,1.4408174959366829e-05
2020-07-01 16:00:00,-0.7981510163320279,-0.9220145132863229,9.812627854206007e-06,1.8468798454969344e-05
2020-07-01 16:30:00,-1.1823168848816514,-0.8003523823823897,6.701086784613695e-06,4.743270382334166e-06
2020-07-01 17:00:00,-1.2692840888803438,-0.9708822678410541,3.6309314365973195e-06,2.9107124015986028e-06
2020-07-01 17:30:00,-0.6487467186422637,-1.0060553351309036,3.3911468214786433e-07,1.0966544482599686e-06
2020-07-01 18:00:00,-0.5955964290312575,-0.7332315264474123,1.9945273893870675e-07,4.984585246743613e-07
2020-07-01 18:30:00,-2.156539379705334,-0.6765715583522773,7.76488547451643e-05,1.3468073068016685e-05
2020-07-01 19:00:00,-1.5608457651526875,-1.3588024788071442,7.4041416183078016e-06,6.671719425509657e-06
2020-07-01 19:30:00,-0.9427337721833008,-1.171386210736152,2.69918712861853e-06,5.226940004318443e-06
2020-07-01 20:00:00,-0.6846915638912903,-0.9315161444552231,1.5431032084211127e-06,4.0046187028485365e-06
2020-07-01 20:30:00,-0.9742420539973271,-0.8426719397419378,6.056003386453389e-06,6.756894017909502e-06
2020-07-01 21:00:00,-0.8842440891582831,-0.9807354613625127,2.40370376990484e-06,4.0295280809865074e-06
2020-07-01 21:30:00,-1.6439290950644452,-0.8673311073456141,1.8574692003730087e-05,7.568460933437481e-06
2020-07-01 22:00:00,-2.2553165918784566,-1.1629336810302373,4.577241757737062e-05,1.5309949261283143e-05
2020-07-01 22:30:00,-0.8190316858383667,-1.4901534428570993,2.0505980184788626e-06,7.854539040940922e-06
2020-07-01 23:00:00,-1.1133061696493332,-0.973708853534121,4.030246025765019e-06,4.217408211059051e-06
2020-07-01 23:30:00,-0.7968588372872537,-1.0962100022614973,1.1929398655698877e-06,2.9130585621166258e-06
2020-07-02 00:00:00,-1.0262396845610997,-0.9744537105783524,1.959694876661138e-06,2.416127118658136e-06
2020-07-02 00:30:00,-1.2160359117719264,-1.0211588497888036,2.3578598750889323e-06,2.219015529496709e-06
2020-07-02 01:00:00,-1.0164724746708351,-1.0226355246479697,1.8662154815134514e-06,2.519106339219254e-06
2020-07-02 01:30:00,-0.8830740815169483,-0.9599448569072775,2.2474746264274642e-06,3.6613340252075956e-06
2020-07-02 02:00:00,-0.6957930157467533,-0.8994189971957167,1.7611434496070329e-06,4.212006076696562e-06
2020-07-02 02:30:00,-0.468886201463304,-0.8214253801530897,1.3221672679825779e-06,6.156006030930447e-06
2020-07-02 03:00:00,-1.808178342560832,-0.6984130068111203,1.581033586546365e-05,4.0459347195830195e-06
2020-07-02 03:30:00,-1.5171415406338022,-1.2370101858219091,2.0621569127013042e-05,1.683520074302357e-05
2020-07-02 04:00:00,-0.45273487533851114,-1.1638778037039443,9.822650518707976e-07,8.163683046544287e-06
2020-07-02 04:30:00,-0.7016896470531678,-0.7370867222226697,2.5336269106341987e-06,4.591067805771598e-06
2020-07-02 05:00:00,-1.2940894964254817,-0.8282911717728862,7.365878388629707e-06,4.5522127134870355e-06
2020-07-02 05:30:00,-1.4729380111312065,-1.1018598454174935,8.224755689426077e-06,5.925322261483651e-06
2020-07-02 06:00:00,-1.198379353911967,-1.147567956740391,5.0332605493561525e-06,5.838309144587147e-06
2020-07-02 06:30:00,-0.9304860198537012,-1.0277534906737367,2.760768022973657e-06,4.480656349901786e-06
2020-07-02 07:00:00,-1.2945424301397461,-0.9627364293236879,5.314003522423003e-06,4.045377729519109e-06
2020-07-02 07:30:00,-1.1342011155124754,-1.1325602568395072,4.190317776700465e-06,5.314701250165877e-06
2020-07-02 08:00:00,-2.0424411673130423,-1.0613841997832316,1.5470193259302962e-05,5.471638937119615e-06
2020-07-02 08:30:00,-0.7197806892647267,-1.44343667278958,1.8985676422412547e-06,8.913793224401783e-06
2020-07-02 09:00:00,0.9278808580940148,-0.924621669703787,5.922633062495269e-06,8.281217862083875e-06
2020-07-02 09:30:00,-0.58960833091986,-0.1795770908811835,1.3154176709960598e-06,1.4422189347047524e-06
2020-07-02 10:00:00,-1.154270913573733,-0.6924753267131183,2.271242588802972e-05,1.412213065412464e-05
2020-07-02 10:30:00,-0.810995682214759,-0.8992034306163961,8.120783471263125e-06,1.4291235660123329e-05
2020-07-02 11:00:00,-0.5228750391051838,-0.6832695409324572,4.056430444361666e-06,1.2103464861102822e-05
2020-07-02 11:30:00,-0.40642130998763415,-0.562121715296098,2.4789169152641914e-06,9.978229982781991e-06
2020-07-02 12:00:00,-1.2089995158674087,-0.6032291357716292,1.3334694419500863e-05,6.5026478059119765e-06
2020-07-02 12:30:00,-0.6010247023228603,-0.9431762657831259,3.1569268624151554e-06,1.0823550583700562e-05
2020-07-02 13:00:00,-1.42865605652102,-0.6787784562297657,1.4170904732707153e-05,5.6212748253099915e-06
2020-07-02 13:30:00,-1.668601874782755,-1.0269934970296712,1.518230131442747e-05,7.653862767610202e-06
2020-07-02 14:00:00,-1.501062655817011,-1.1953351807442811,1.4951531966498204e-05,1.179650012535015e-05
2020-07-02 14:30:00,-2.054994220740567,-1.2093390906281019,5.5085813134329596e-05,2.3628351029891676e-05
2020-07-02 15:00:00,-1.3531868555527613,-1.4778488583360123,1.7729696823043215e-05,2.4525076785960233e-05
2020-07-02 15:30:00,-1.4665859628656377,-1.2729509098531162,2.6034112039975454e-05,2.3836402848393895e-05
2020-07-02 16:00:00,-0.6073399023467841,-1.3156198673825195,5.7459687041046455e-06,3.239754867705112e-05
2020-07-02 16:30:00,-0.7520464924351543,-0.9226144646662197,2.7136686667510205e-06,5.758263897232509e-06
2020-07-02 17:00:00,-0.9555402536943073,-0.9299043739537073,2.0704733318752746e-06,2.7520449852077523e-06
2020-07-02 17:30:00,-0.35337856931610034,-0.9344648032882042,1.006490529873082e-07,9.850200780566547e-07
2020-07-02 18:00:00,0.9579669041041673,-0.6409007128359079,5.219179488951923e-07,4.3203355963405755e-07
2020-07-02 18:30:00,-2.303281295810138,0.01729426493442221,8.864792138239686e-05,5.835109154049542e-06
2020-07-02 19:00:00,-1.4169003190810499,-1.3071744818881967,6.094558825849858e-06,6.246344433549326e-06
2020-07-02 19:30:00,-2.141789552802122,-1.0279545831892907,1.4085836164300341e-05,4.316067339584313e-06
2020-07-02 20:00:00,-1.6112929038543398,-1.3810001584481522,8.662580926033763e-06,7.527476995856873e-06
2020-07-02 20:30:00,-1.3128599175091051,-1.272467365191329,1.1019473865506527e-05,1.2582459902859655e-05
2020-07-02 21:00:00,-1.0922441472174795,-1.30857964244464,3.5926686496299448e-06,6.207476187254052e-06
2020-07-02 21:30:00,-1.7250366328651772,-1.1496653738825477,2.0483754339987762e-05,1.1499887224166808e-05
2020-07-02 22:00:00,-1.616790115543046,-1.4179347675170355,2.3408733474295874e-05,2.1129030539282268e-05
2020-07-02 22:30:00,-1.0518388298030086,-1.3496919156726612,3.4040587230466847e-06,6.678398058074505e-06
2020-07-02 23:00:00,-1.0814934576985955,-1.1045750820611384,3.777126601803047e-06,5.0667926722756466e-06
2020-07-02 23:30:00,-0.6460821821786558,-1.1022361419389752,7.856754126403288e-07,2.943445081196395e-06
2020-07-03 00:00:00,-1.4713256412960798,-0.9118066856913192,4.039471302259442e-06,2.2024018050042584e-06
2020-07-03 00:30:00,-0.46335795290261306,-1.2067110132144259,3.344514625485393e-07,2.8118341090935047e-06
2020-07-03 01:00:00,-1.3203284079252033,-0.7548663749850892,3.137047978835126e-06,1.6532647965849007e-06
2020-07-03 01:30:00,-1.5740570648549734,-1.093414446548922,7.206870558689739e-06,4.492430509941874e-06
2020-07-03 02:00:00,-1.3878858657345474,-1.2212781948815177,7.0674713375367345e-06,6.752643764517206e-06
2020-07-03 02:30:00,-1.2522739297233236,-1.2001207235002158,9.646420757278218e-06,1.1005864830158773e-05
2020-07-03 03:00:00,-1.1221286937753974,-1.1343887008075337,6.097750164844274e-06,7.92133234876142e-06
2020-07-03 03:30:00,-1.8300026398435993,-1.1246108979553797,3.0025920560400482e-05,1.4467797807627374e-05
2020-07-03 04:00:00,-1.113301546854231,-1.4231695594635723,6.038666053747796e-06,1.1567867100502561e-05
2020-07-03 04:30:00,-0.7226579375967258,-1.1278403365237288,2.7200193707501306e-06,8.44246608483365e-06
2020-07-03 05:00:00,-1.1540840474434446,-0.9401395968180646,5.902186460539949e-06,5.462831622711293e-06
2020-07-03 05:30:00,-0.6688607619234654,-1.0947476386065134,1.6955045474264906e-06,5.864387431684779e-06
2020-07-03 06:00:00,-1.1167933900845617,-0.8830889588811837,4.390739597650659e-06,3.973641429987524e-06
2020-07-03 06:30:00,-0.6503425558457838,-1.0054302914700308,1.363030667687352e-06,4.382212930698854e-06
2020-07-03 07:00:00,-1.1382741651170478,-0.8122947473147386,4.096659391520052e-06,3.1893953891971956e-06
2020-07-03 07:30:00,-1.2705829595788485,-1.0136144609132116,5.273432088919783e-06,4.495782007255198e-06
2020-07-03 08:00:00,-0.9954888403149982,-1.0699665872168715,3.4300912705859934e-06,5.170170334895339e-06
2020-07-03 08:30:00,-1.847585315587039,-0.9849224503669611,1.225394018798723e-05,4.7348120633136455e-06
2020-07-03 09:00:00,-1.8234432974835606,-1.3497640816341967,2.6486179866102163e-05,1.7292087745943662e-05
2020-07-03 09:30:00,-0.8875406338919506,-1.4205562561954432,2.9643570919899603e-06,8.906979880163456e-06
2020-07-03 10:00:00,-2.3659512411646846,-1.0577292730749994,9.529855981796496e-05,2.4986749184878164e-05
2020-07-03 10:30:00,-2.2943249821093117,-1.6798534992098892,6.509845043701083e-05,3.921306952253537e-05
2020-07-03 11:00:00,-1.3438024701659563,-1.7442209546526404,2.7309280734005303e-05,5.128540512993671e-05
2020-07-03 11:30:00,-2.3844182164065577,-1.3617170409028851,8.56853771355416e-05,3.3204023583248983e-05
2020-07-03 12:00:00,-2.3248127152286084,-1.7911016246631324,4.91541775431111e-05,3.234906770276947e-05
2020-07-03 12:30:00,-2.448010324461673,-1.8743703080625225,5.3011423914913776e-05,3.4164401170515305e-05
2020-07-03 13:00:00,-2.557749696349828,-1.9315311632437764,4.445462304087153e-05,2.772238124691354e-05
2020-07-03 13:30:00,-2.37947766552349,-2.002306152176819,3.069447537429878e-05,2.3626382235340012e-05
2020-07-03 14:00:00,-2.5776230525054684,-2.0118285407550838,4.3912606070575876e-05,2.9056490777674825e-05
2020-07-03 14:30:00,-2.8236443815100714,-2.104561177292867,0.00010400525589754998,6.232877539857078e-05
2020-07-03 15:00:00,-2.9454901217682123,-2.2375112475713106,8.283772763334697e-05,5.113302815964155e-05
2020-07-03 15:30:00,-3.084756616364353,-2.326070457642107,0.00011287305736768534,6.831776107052398e-05
2020-07-03 16:00:00,-3.2204657478592,-2.425243580445703,0.0001602295871417208,9.625930142216232e-05
2020-07-03 16:30:00,-2.274753462948896,-2.5416595962613524,2.5262974039953894e-05,3.324259854050168e-05
2020-07-03 17:00:00,-1.5057359441767675,-2.1811763218954994,5.130189137567627e-06,1.1554555007068686e-05
2020-07-03 17:30:00,-0.4709730451422454,-1.8152895477339352,1.783347710049928e-07,2.9298366519600788e-06
2020-07-03 18:00:00,-0.19324356688710587,-1.26621726743322,2.2742470204143514e-08,1.1889222497414004e-06
2020-07-03 18:30:00,-3.2204657478592,-0.9688613233128908,0.0001736621680116609,2.1559890784928955e-05
2020-07-03 19:00:00,-1.7861031871111543,-2.097495392712153,9.55456190420359e-06,1.4221450119831812e-05
2020-07-03 19:30:00,-1.8076961656440154,-1.544313023142257,1.0000604972072447e-05,8.366479156492738e-06
2020-07-03 20:00:00,-1.882810161503253,-1.5758983248440475,1.1695264819245282e-05,9.344260096442685e-06
2020-07-05 18:30:00,-0.28427726094852185,-1.7003696586805388,1.318362889745238e-06,5.2858753134474064e-05
2020-07-05 19:00:00,-0.5081976595727569,-1.1149664742930865,7.499004686864526e-07,4.62269620842251e-06
2020-07-05 19:30:00,-1.2753449341200789,-1.0109475382164652,4.637876494545404e-06,3.9090811678278845e-06
2020-07-05 20:00:00,-1.1994028065210873,-1.2590402507153144,4.586087882063795e-06,6.1657717772837805e-06
2020-07-05 20:30:00,-2.0965726444231603,-1.193785460429484,2.7947924143721853e-05,1.1279488414120923e-05
2020-07-05 21:00:00,-1.0316833970897585,-1.5393430695432477,3.2041447156142904e-06,8.183612960590306e-06
2020-07-05 21:30:00,-0.718246070580709,-1.190744439453828,3.5298476912476715e-06,1.2088997547879109e-05
2020-07-05 22:00:00,-1.5872159527565555,-1.086301209457438,2.247891880792805e-05,1.3642596858765617e-05
2020-07-05 22:30:00,-0.36763979413282183,-1.424442120105558,4.1794337660827565e-07,7.3531368872485496e-06
2020-07-05 23:00:00,-1.1208115262403817,-0.9106476828819747,4.042033823669894e-06,3.7909364063425987e-06
2020-07-05 23:30:00,-0.6140884131468725,-1.117195048053965,7.21252935452973e-07,3.0544830683166643e-06
2020-07-06 00:00:00,0.22200553260395142,-0.8928677804936587,8.960947091490704e-08,2.0837907208308094e-06
2020-07-06 00:30:00,-0.6477629479652023,-0.5083572208156288,6.654697704489284e-07,9.632067108645669e-07
2020-07-06 01:00:00,-0.2565307461521951,-0.7552557004724181,1.1882693198927977e-07,1.6599654991786573e-06
2020-07-06 01:30:00,-0.7796353819750935,-0.5889715597607978,1.7605051987033325e-06,2.0152619117194368e-06
2020-07-06 02:00:00,-0.7684737636352188,-0.7479897213815305,2.0906639279516825e-06,3.2158687568205993e-06
2020-07-06 02:30:00,-0.5099660871488568,-0.741841302277624,1.6030082761469434e-06,5.542730235465556e-06
2020-07-06 03:00:00,-1.087422171180258,-0.6805396977859864,5.75833592078812e-06,3.954353998555633e-06
2020-07-06 03:30:00,-0.5213874834754988,-0.9156380849863868,2.4243433929576526e-06,1.0588422326541486e-05
2020-07-06 04:00:00,-0.4986022871745405,-0.7188197250485506,1.195160429082157e-06,4.161370080368641e-06
2020-07-06 04:30:00,-0.9542025361818354,-0.6912857305895945,4.801921788754093e-06,4.3603598547335696e-06
2020-07-06 05:00:00,-1.0481462479931007,-0.8753480811647474,4.585980523315116e-06,4.654960499057143e-06
2020-07-06 05:30:00,-1.272158181020562,-0.9339665135753219,6.150235873794215e-06,4.6408162676070545e-06
2020-07-06 06:00:00,-1.2920005374294643,-1.025952890665033,5.8942192872844265e-06,4.94866344367183e-06
2020-07-06 06:30:00,-0.6210047638322422,-1.0820886662260953,1.2379986665021775e-06,4.878896295091436e-06
2020-07-06 07:00:00,-1.3537665724056978,-0.8365845470781107,5.810200490024931e-06,3.324954937837754e-06
2020-07-06 07:30:00,-1.3455847674734036,-1.1372051702635413,5.958705955946092e-06,5.404295900338878e-06
2020-07-06 08:00:00,-1.3325470039654546,-1.1579086175438777,6.21555341528524e-06,5.9144226320861056e-06
2020-07-06 08:30:00,-1.885317810922066,-1.157742386011187,1.2634199462219724e-05,6.004505721970279e-06
2020-07-06 09:00:00,-2.027772395327417,-1.4051257840672753,2.8633161645167326e-05,1.617828018568239e-05
2020-07-06 09:30:00,-1.2511388379103434,-1.5510801953481286,5.165431911041038e-06,9.090294397380923e-06
2020-07-06 10:00:00,-1.5575286953306622,-1.2598471421573012,4.001383045631642e-05,3.193517905736453e-05
2020-07-06 10:30:00,-0.39243239623112725,-1.3905490920271344,1.8437628790681124e-06,2.7326967489286496e-05
2020-07-06 11:00:00,-1.4456806716980586,-0.891864669799183,3.1731671483756515e-05,1.737388982218519e-05
2020-07-06 11:30:00,-2.438448529718286,-1.2562620126514408,8.83421417857254e-05,2.863148839212748e-05
2020-07-06 12:00:00,-1.4357556724777736,-1.656534483641162,1.8468866941698416e-05,2.7711507241395052e-05
2020-07-06 12:30:00,-1.511190170654289,-1.3052015034609252,1.9787227654728133e-05,1.778360153383216e-05
2020-07-06 13:00:00,-2.4159814727407407,-1.3392913070239025,3.909580813976849e-05,1.4351078824996062e-05
2020-07-06 13:30:00,-1.6207828459283602,-1.8155838630612446,1.3965069546758785e-05,1.9378504475017166e-05
2020-07-06 14:00:00,-1.880165991803368,-1.5426672533517989,2.323887724658719e-05,1.7938340079004952e-05
2020-07-06 14:30:00,-1.4374550999606166,-1.6077488629848378,2.6585670900797723e-05,3.774707049047707e-05
2020-07-06 15:00:00,-1.5565478622294615,-1.4495389492629145,2.251411087875092e-05,2.276707855874351e-05
2020-07-06 15:30:00,-0.9136060124180759,-1.5026453174890524,9.610742350013757e-06,3.0016087066672633e-05
2020-07-06 16:00:00,-1.1988855856938452,-1.1654939604083467,2.1295207509614294e-05,2.52947528696823e-05
2020-07-06 16:30:00,-1.1453450823426448,-1.2453925305189406,6.333408403870288e-06,9.172682175700292e-06
2020-07-06 17:00:00,-1.65629304333514,-1.1812220292232976,6.101323074893792e-06,3.879203751588237e-06
2020-07-06 17:30:00,0.18034885985982702,-1.387772359390376,2.665459861380705e-08,1.8641938702969677e-06
2020-07-06 18:00:00,-1.2479415019169633,-0.591319514393458,9.850934466505122e-07,4.418680131595228e-07
2020-07-06 18:30:00,-3.3607359844151277,-1.1367770785952298,0.00018209798547014642,2.6459894505362358e-05
2020-07-06 19:00:00,-1.2763446701665446,-2.0671855033179067,4.174101244074946e-06,1.1843272653062291e-05
2020-07-06 19:30:00,-0.7058055088367022,-1.3152823394784736,1.2918372921696101e-06,5.3909435361684205e-06
2020-07-06 20:00:00,-1.4692463845519168,-1.0393238902638937,6.396836427216396e-06,4.2348412924343246e-06
2020-07-06 20:30:00,-0.9039783490126121,-1.4287316548665585,4.935571408093875e-06,1.443614092982253e-05
2020-07-06 21:00:00,-0.8849167321073538,-1.1952371540694595,2.3307784086648897e-06,5.290589237094216e-06
2020-07-06 21:30:00,-0.7668203063936297,-1.0200103973425905,4.059925460307953e-06,9.592544860411826e-06
2020-07-06 22:00:00,-0.8905171899254953,-0.9382556514648417,7.080944584213533e-06,1.097584232810301e-05
2020-07-06 22:30:00,-0.5194267908555986,-0.9940283165374493,8.357457452718136e-07,4.141471931435975e-06
2020-07-06 23:00:00,-0.32135723909313196,-0.7892389240113642,3.27420532445054e-07,3.0811031154285796e-06
2020-07-06 23:30:00,-0.8050283490492306,-0.677231343618016,1.2305747823916252e-06,1.5333860020010747e-06
2020-07-07 00:00:00,-1.100771524275679,-0.8461359383015947,2.271189080417011e-06,1.995933899821861e-06
2020-07-07 00:30:00,-0.548543933281126,-0.9702913400438504,4.77997102062154e-07,2.0498186921969816e-06
2020-07-07 01:00:00,-0.4106135753917193,-0.7399673501065838,3.0955554699915214e-07,1.6458845511651333e-06
2020-07-07 01:30:00,-1.1801836844980473,-0.6761519444337705,4.046422312936762e-06,2.3418090413822565e-06
2020-07-07 02:00:00,-0.9567686214424977,-1.0081802844055052,3.250760426213144e-06,4.84850981023797e-06
2020-07-07 02:30:00,-1.0138788730246182,-0.9319240026572391,6.363415668271758e-06,7.536080245575022e-06
2020-07-07 03:00:00,-1.3936606181551996,-0.9421116866855757,9.46330058061726e-06,6.0244039024140215e-06
2020-07-07 03:30:00,-1.1718931909372954,-1.1361308878255207,1.2419971635593005e-05,1.4828849681818277e-05
2020-07-07 04:00:00,-1.0578652075340882,-1.1026623725018312,5.424619848891308e-06,7.585039717107813e-06
2020-07-07 04:30:00,-0.3069259439657297,-1.0529904014769498,4.965473533619548e-07,7.683491077663047e-06
2020-07-07 05:00:00,-1.297853484670162,-0.729678927418083,6.934157128547693e-06,3.6281235247398556e-06
2020-07-07 05:30:00,-0.4093473419236928,-1.1131107597092917,6.338487415879082e-07,6.006609115623503e-06
2020-07-07 06:00:00,-0.8968421711068946,-0.7152470762307426,2.772561811850985e-06,2.9661265653492003e-06
2020-07-07 06:30:00,0.03249850781399968,-0.8819232616889965,3.349572351562971e-09,3.5732782450673924e-06
2020-07-07 07:00:00,-0.8428983399261805,-0.4635482786660984,2.207818218635138e-06,1.751947431328779e-06
2020-07-07 07:30:00,-0.7493023929599325,-0.8051567232442474,1.7988619071794893e-06,3.19489390445666e-06
2020-07-07 08:00:00,-0.7070495131216363,-0.7311158453851756,1.7321973616415967e-06,3.0610509266314947e-06
2020-07-07 08:30:00,-1.2815474513572067,-0.7336833518252951,5.705265671661746e-06,3.081940505247645e-06
2020-07-07 09:00:00,-1.7047525082958461,-0.9681531767490603,2.0249034122753006e-05,8.961845173601098e-06
2020-07-07 09:30:00,-1.3572671366607705,-1.2423850324324417,5.894134929629841e-06,6.0549045729014916e-06
2020-07-07 10:00:00,-0.7514665469654018,-1.1515891625885861,9.189190106036781e-06,2.7257620821595195e-05
2020-07-07 10:30:00,-0.9298339791367092,-0.9284133131231879,1.0455006961590147e-05,1.464214409858381e-05
2020-07-07 11:00:00,-1.3858274959373966,-1.0078407989925937,2.9342921469691334e-05,2.0849920737936157e-05
2020-07-07 11:30:00,-1.9665904611296399,-1.1866772301499713,5.73429881901892e-05,2.6052529844673867e-05
2020-07-07 12:00:00,-1.1671963330002935,-1.4263392762513005,1.2223584823384713e-05,2.138442768149871e-05
2020-07-07 12:30:00,-1.5302036028441752,-1.1231781940225596,2.013830119675018e-05,1.3850527747523818e-05
2020-07-07 13:00:00,-1.3136339110916069,-1.3096926239352042,1.1540099003549504e-05,1.3804215258152105e-05
2020-07-07 13:30:00,-0.5125474063514188,-1.2603191752672616,1.4027905073588128e-06,1.0344817647464935e-05
2020-07-07 14:00:00,-1.7518421535098154,-0.9087583288161142,1.9606139355806244e-05,7.504899962940043e-06
2020-07-07 14:30:00,-2.222351484786702,-1.3516286311837038,6.388710581081346e-05,2.81453652518371e-05
2020-07-07 15:00:00,-1.283974470869474,-1.6008700754346556,1.537641114314521e-05,2.7157309903549316e-05
2020-07-07 15:30:00,-0.423975750853157,-1.2422775674368443,2.0977209545322317e-06,2.208118088732168e-05
2020-07-07 16:00:00,-0.909807675817187,-0.8627385351987555,1.223802910747808e-05,1.6162903700974403e-05
2020-07-07 16:30:00,-1.4533184428397494,-1.0643264943227608,1.0264841206016825e-05,7.2009298143356104e-06
2020-07-07 17:00:00,-1.224758374488189,-1.2460867161218503,3.317080797690542e-06,4.2051544486014535e-06
2020-07-07 17:30:00,-0.8586496465126361,-1.1020032413967948,6.357861522617176e-07,1.3481083051814715e-06
2020-07-07 18:00:00,-0.28534513169767567,-0.9372828049126747,5.196496954124621e-08,7.833500810514736e-07
2020-07-07 18:30:00,-3.3824501337450865,-0.7170043102726116,0.00018391826721934627,1.3873018055088321e-05
2020-07-07 19:00:00,-1.2950687551309334,-2.028964160112273,4.302649231282694e-06,1.1455914899449336e-05
2020-07-07 19:30:00,-1.5573796775541158,-1.2620047819372748,6.407053516148626e-06,5.128844275216283e-06
2020-07-07 20:00:00,-2.2503014968704522,-1.3838887289985609,1.4993951790874656e-05,6.703791876835089e-06
2020-07-07 20:30:00,-1.0873297590755868,-1.7377790977909227,7.110941512497818e-06,2.0261745226923738e-05
2020-07-07 21:00:00,-1.0877603946609273,-1.3670495546133319,3.4890584480235643e-06,6.539575438810455e-06
2020-07-07 21:30:00,-1.8002719538123175,-1.2141301924068864,2.2680026726334514e-05,1.2757251973449274e-05
2020-07-07 22:00:00,-1.3591154274408705,-1.5083841862762455,1.6712642351535825e-05,2.3741970958731194e-05
2020-07-07 22:30:00,-0.6363395285316966,-1.3343752378172176,1.2655314431289428e-06,6.655248525630091e-06
2020-07-07 23:00:00,-1.5237139716446442,-0.9612559751643575,7.551729965524602e-06,4.140365142441409e-06
2020-07-07 23:30:00,-1.460845450207407,-1.3166471462736837,4.066989632099226e-06,3.968636691898162e-06
2020-07-08 00:00:00,-0.7996727258066503,-1.318628066775929,1.1968098139555172e-06,3.907191657529828e-06
2020-07-08 00:30:00,-1.101377934397711,-1.0032213795955496,1.943922639255853e-06,2.1719960494305897e-06
2020-07-08 01:00:00,-0.19640485309079697,-1.0948414292577637,7.228983572947713e-08,2.9001841621653016e-06
2020-07-08 01:30:00,-0.8132049763018839,-0.7255139915639695,1.9328091217355857e-06,2.5581837792298365e-06
2020-07-08 02:00:00,-0.5566768229769767,-0.8997504925940837,1.1043027166634746e-06,4.128192089641186e-06
2020-07-08 02:30:00,-0.9830144256260329,-0.7446795340680705,5.9506714183654675e-06,5.563520043755879e-06
2020-07-08 03:00:00,-0.14959855090155158,-0.9068290473454186,1.0878308290983403e-07,5.693147920413622e-06
2020-07-08 03:30:00,-0.07285699484950113,-0.5259837612922339,4.82173889799056e-08,5.682377966088362e-06
2020-07-08 04:00:00,-0.7378067091121474,-0.48036291635556994,2.60911554647738e-06,2.7782647322109994e-06
2020-07-08 04:30:00,-0.8664994442121293,-0.7175446304244901,3.935798406741089e-06,4.52788150955273e-06
2020-07-08 05:00:00,0.6900537963801254,-0.7822212642772068,1.819632814992543e-06,3.6714516205247485e-06
2020-07-08 05:30:00,-0.3406277574501135,-0.08884708828383492,4.3093901232493876e-07,1.3251782628740723e-06
2020-07-08 06:00:00,-0.41481107525834016,-0.4724050121853096,5.865200336957097e-07,1.9499768753982114e-06
2020-07-08 06:30:00,-0.1329487837778024,-0.519597633704308,5.6482133148983886e-08,1.9776558538361083e-06
2020-07-08 07:00:00,-0.637177648794216,-0.37582476559054245,1.25388650390155e-06,1.5137773157438567e-06
2020-07-08 07:30:00,-1.1603641302828889,-0.5282292328395116,4.2717193597747824e-06,1.9921561997832672e-06
2020-07-08 08:00:00,-1.1204057359336392,-0.8399088875263603,4.29565214472528e-06,3.607965911015271e-06
2020-07-08 08:30:00,-1.2179521729353397,-0.8735738422575803,5.14771699885569e-06,3.858971686644746e-06
2020-07-08 09:00:00,-1.6218090333911654,-0.9560216789652839,1.8130013916215725e-05,8.7048295414059e-06
2020-07-08 09:30:00,-0.686333237873609,-1.2057716839217272,1.4955823354126163e-06,5.723801101130112e-06
2020-07-08 10:00:00,-0.8400642997080517,-0.8650910217841135,1.1363253649166627e-05,1.7668370409369566e-05
2020-07-08 10:30:00,-1.0045100468058172,-0.8948041855761422,1.2099715754579126e-05,1.3784915928085374e-05
2020-07-08 11:00:00,-1.4583617932275843,-0.9452829548340805,3.255758120073331e-05,1.9019728181943805e-05
2020-07-08 11:30:00,-0.19680912821010096,-1.1305620572835053,5.674250059632822e-07,2.3835521583019496e-05
2020-07-08 12:00:00,-0.7871727534500556,-0.5680305240978795,5.567376065067441e-06,6.033857974302182e-06
2020-07-08 12:30:00,-1.2007852368605818,-0.7870016447502124,1.2399293256309074e-05,8.326527181239968e-06
2020-07-08 13:00:00,-1.0162451483399033,-0.9636327242319411,6.938376540683061e-06,8.582584423951475e-06
2020-07-08 13:30:00,-0.280737752259376,-0.8972002706872818,4.289574147103608e-07,6.280137941240284e-06
2020-07-08 14:00:00,-0.5564156809100622,-0.5504634650592708,1.9788009969662323e-06,4.166695344550926e-06
2020-07-08 14:30:00,-0.7353631530256473,-0.6734794023492685,6.875678108656831e-06,1.0203369389972087e-05
2020-07-08 15:00:00,-0.606088393161842,-0.737430306016174,3.409355506970738e-06,8.28529685486222e-06
2020-07-08 15:30:00,-1.0124131017285316,-0.6490958589650385,1.225774883447509e-05,9.211145502601977e-06
2020-07-08 16:00:00,-0.9669393685173054,-0.8026262857960587,1.3704703432623432e-05,1.4556886839039805e-05
2020-07-08 16:30:00,-1.4544029110285674,-0.8359478421146427,1.0196827019865529e-05,5.050525860936168e-06
2020-07-08 17:00:00,-1.1570981893384888,-1.07762339609003,2.9516478514263086e-06,3.3292842637249914e-06
2020-07-08 17:30:00,-2.067900388941112,-0.9988711749221258,3.6773342485292546e-06,1.1580488748533863e-06
2020-07-08 18:00:00,-0.5631194950174401,-1.4430610167183993,2.0447082120792167e-07,1.5677378130393374e-06
2020-07-08 18:30:00,-1.72581421334171,-0.8648305501435598,2.2151712018331405e-05,8.157548940523573e-06
2020-07-08 19:00:00,-1.6764855203408484,-1.3474152514708377,6.321828416305911e-06,4.8684017879389865e-06
2020-07-08 19:30:00,-1.5869714536602648,-1.3527180963609364,5.620762575521286e-06,4.862547641204101e-06
2020-07-08 20:00:00,-0.5851855454275701,-1.353722678907482,7.635023503683195e-07,4.86375478694281e-06
2020-07-08 20:30:00,-0.9098412459269207,-0.8866782914180501,4.984286196703478e-06,6.834482463084646e-06
2020-07-08 21:00:00,-1.4193147800834842,-1.0264188048087597,5.868829097599978e-06,4.085801354185658e-06
2020-07-08 21:30:00,-0.9886507140118952,-1.1942439786267864,6.784837476858213e-06,1.2322003486911709e-05
2020-07-08 22:00:00,-1.8755241354609449,-0.9881043806317416,3.2002800789450493e-05,1.2057045847227497e-05
2020-07-08 22:30:00,-1.860314885968133,-1.3376889342890521,1.0994139070821731e-05,6.7929672802063185e-06
2020-07-08 23:00:00,-0.9036844064051606,-1.421764019221014,2.649812500183087e-06,7.691082004123118e-06
2020-07-08 23:30:00,-0.8737942514723718,-1.0704179798554545,1.4547132743190723e-06,2.847815279759442e-06
2020-07-09 00:00:00,-0.9081619933593903,-1.019348361424588,1.5588850474707685e-06,2.623422185420838e-06
2020-07-09 00:30:00,-0.900182702315321,-1.029853745913321,1.2928126069376182e-06,2.2487400837158216e-06
2020-07-09 01:00:00,-0.8620878184829437,-0.9626959843078713,1.4275963046186763e-06,2.450449223884745e-06
2020-07-09 01:30:00,-0.9803030725617707,-0.8819711492491478,2.852203495984889e-06,3.344233951414799e-06
2020-07-09 02:00:00,-0.44575809422900947,-0.9295761812854593,7.23108662071685e-07,4.41438808406485e-06
2020-07-09 02:30:00,-1.0254864261046328,-0.7048422898551215,6.473923047998316e-06,5.206260852887208e-06
2020-07-09 03:00:00,-1.8499920606798446,-0.926292478902177,1.7190750840419624e-05,6.06224054606667e-06
2020-07-09 03:30:00,-1.6831861706267894,-1.2961285618662766,2.655570366687833e-05,1.9017065609369108e-05
2020-07-09 04:00:00,-0.5051798840816569,-1.2938776944454502,1.231317383896186e-06,9.760637891190519e-06
2020-07-09 04:30:00,-1.4559734017764756,-0.8284136979124417,1.1141456266735787e-05,5.4406009802257985e-06
2020-07-09 05:00:00,-0.9974422502165494,-1.2441683318705041,4.259397412150605e-06,8.120952588201103e-06
2020-07-09 05:30:00,-1.0132262491303339,-1.0719996156165021,3.5097047248509465e-06,5.121461848110941e-06
2020-07-09 06:00:00,-1.067096455111774,-1.0214618086874652,3.844085219535577e-06,4.700173371471926e-06
2020-07-09 06:30:00,-1.1138431797348902,-0.9957543167647948,3.834565724214898e-06,4.142967032799602e-06
2020-07-09 07:00:00,-1.473683296209558,-1.0555499537565929,6.692753711356539e-06,4.508858386285326e-06
2020-07-09 07:30:00,-0.7263179696225411,-1.187246802066428,1.638095886423462e-06,5.460309348437667e-06
2020-07-09 08:00:00,-1.6615260233489457,-0.8906038363915588,9.169362731447067e-06,3.793324089829657e-06
2020-07-09 08:30:00,-1.1143353397454818,-1.2770752300132255,4.247026547719573e-06,6.771413771862867e-06
2020-07-09 09:00:00,-2.1942854798398796,-1.0829058695943306,3.30889666931228e-05,1.045667221831554e-05
2020-07-09 09:30:00,-1.957425757317769,-1.553556245660366,1.2106510991638653e-05,8.728526786597283e-06
2020-07-09 10:00:00,-0.7750567269103089,-1.5025199020306583,9.566744705370251e-06,4.1509686203692425e-05
2020-07-09 10:30:00,-0.11050017282010688,-1.072931733700687,1.412088487220299e-07,1.7348081061502343e-05
2020-07-09 11:00:00,-0.007371056489501356,-0.7177593968816264,8.18549569064277e-10,1.301784959133784e-05
2020-07-09 11:30:00,0.2371859159241468,-0.596903170706032,8.40756333067473e-07,1.0539044182227882e-05
2020-07-09 12:00:00,0.23829793124780088,-0.34084989804763866,5.042237396241145e-07,4.1296202338891655e-06
2020-07-09 12:30:00,-0.020840310284923655,-0.18953472870337223,3.729915891659173e-09,3.30486200422094e-06
2020-07-09 13:00:00,-0.42544174156839426,-0.2292545032794993,1.2271511120687905e-06,2.7218154831421693e-06
2020-07-09 13:30:00,0.02704124331443108,-0.3955534407918645,3.994762189327062e-09,2.7608419137301684e-06
2020-07-09 14:00:00,-0.5037391371659516,-0.2229914250530268,1.6514048441808392e-06,2.5942272384380816e-06
2020-07-09 14:30:00,-1.2891353190906285,-0.46287264170354825,1.8832170292704744e-05,6.381592636807432e-06
2020-07-09 15:00:00,-1.1454206520321675,-0.8546878797622044,1.0217800711905892e-05,8.406336435011307e-06
2020-07-09 15:30:00,-0.29040589781621656,-0.8772708083615777,9.228741489354058e-07,1.2239666563357477e-05
2020-07-09 16:00:00,0.17834513353779863,-0.5478659260859884,4.5118114863698945e-07,9.206869697409898e-06
2020-07-09 16:30:00,-0.6024405144205175,-0.3555369060934164,1.667061961689447e-06,2.183222960221623e-06
2020-07-09 17:00:00,-1.3151434498968142,-0.6475271091991864,3.7469975852035813e-06,1.6642062974676045e-06
2020-07-09 17:30:00,-0.536813286035181,-0.9093886856296619,2.4351464589619474e-07,9.936760754916277e-07
2020-07-09 18:00:00,-0.493409229820471,-0.5816188889449444,1.5707599697363384e-07,4.433704925780644e-07
2020-07-09 18:30:00,-2.0792372217783415,-0.5755651340526348,3.130611907618251e-05,4.925412609111887e-06
2020-07-09 19:00:00,-2.39755117061201,-1.309726153343894,1.207431271329723e-05,4.336067336025088e-06
2020-07-09 19:30:00,-1.5164272869182267,-1.5529433520776297,4.607138413168338e-06,5.530713896786493e-06
2020-07-09 20:00:00,-0.16333158111930784,-1.2442897603375283,4.545117178247472e-08,3.2322746976319513e-06
2020-07-09 20:30:00,-1.3088065087807434,-0.7216316890591484,9.905573716135118e-06,5.028922061834682e-06
2020-07-09 21:00:00,0.24353995139524837,-1.1925727920266591,1.689420933081059e-07,5.0448481709927815e-06
2020-07-09 21:30:00,-0.3910750928147508,-0.4652602731791055,1.06121299741326e-06,3.922957368796578e-06
2020-07-09 22:00:00,-1.4679298944739678,-0.5561173940443515,1.941147196073217e-05,5.929039321753781e-06
2020-07-09 22:30:00,-0.7533256795319696,-0.9449247743621212,1.7883293638211887e-06,3.913163329243479e-06
2020-07-09 23:00:00,-0.5113108211711886,-0.7221896698014538,8.425148026384325e-07,2.8051485695115147e-06
2020-07-09 23:30:00,0.10295627641282752,-0.5826740804003403,2.00826101273095e-08,1.3042527068515052e-06
2020-07-10 00:00:00,-0.7438856842824981,-0.3646605572442144,9.774180273011435e-07,8.511485459966209e-07
2020-07-10 00:30:00,0.13415398484376415,-0.7017715960346212,2.6942890025610584e-08,1.259596607739719e-06
2020-07-10 01:00:00,-0.02509073467251505,-0.2752970569990696,1.1150097164748313e-09,7.521828411480333e-07
2020-07-10 01:30:00,-0.15301923177683702,-0.2847814640589612,6.324759266604586e-08,1.161507319777652e-06
2020-07-10 02:00:00,-0.47173194096626003,-0.3053701375300142,7.931296638171785e-07,1.5758873695454387e-06
2020-07-10 02:30:00,-0.5560319698836709,-0.4605478894073162,1.8271645981386652e-06,3.3154706014857584e-06
2020-07-10 03:00:00,-0.9002861991921116,-0.47868237941466424,3.916930686163252e-06,2.7934505005397735e-06
2020-07-10 03:30:00,-0.8877174703017173,-0.6696695541435287,7.132310239644876e-06,7.216626611509358e-06
2020-07-10 04:00:00,-0.822187971710228,-0.7199093016590954,3.1547667975461893e-06,4.046965354326252e-06
2020-07-10 04:30:00,-0.21598404922503323,-0.742786438992558,2.397470362428076e-07,4.628684859462888e-06
2020-07-10 05:00:00,-0.567311743282791,-0.5045835457128043,1.3080058512184351e-06,2.4527169642650412e-06
2020-07-10 05:30:00,0.2928408668963872,-0.6318883425959141,2.700176610481906e-07,2.3557932208785844e-06
2020-07-10 06:00:00,-0.6703772545623767,-0.22900419874986253,1.4806070574489062e-06,1.3222634728157608e-06
2020-07-10 06:30:00,-1.2747667528500388,-0.5681007588562842,4.743482740221619e-06,1.9605237203934673e-06
2020-07-10 07:00:00,-1.1895741675649534,-0.8232337853768557,4.102031943800167e-06,2.9759357537808413e-06
2020-07-10 07:30:00,-0.6603697440480627,-0.8510135461626898,1.2697646282822588e-06,3.124634609535406e-06
2020-07-10 08:00:00,-0.9308188358940414,-0.65393389837734,2.6565750790879076e-06,2.3809502949216486e-06
2020-07-10 08:30:00,-0.2591973602947543,-0.830076106916399,1.9883787523287108e-07,3.071884848793548e-06
2020-07-10 09:00:00,0.34970549422972474,-0.5578139816287668,7.81516536985473e-07,4.218081938905907e-06
2020-07-10 09:30:00,0.4608249200814478,-0.21609070874463723,5.971126490638503e-07,1.1123372964244964e-06
2020-07-10 10:00:00,0.18159161816538852,-0.06443318466548964,5.085753182109171e-07,5.445066396690479e-06
2020-07-10 10:30:00,0.32594616617756184,-0.10677344905649883,1.2021619104208128e-06,4.07696893586442e-06
2020-07-10 11:00:00,-1.0013369258035263,0.04022622169623624,1.532814481058002e-05,5.358471438510493e-06
2020-07-10 11:30:00,-1.3802554907964029,-0.49549127247185126,2.9110104145935366e-05,9.082655116837975e-06
2020-07-10 12:00:00,-0.8875155018170253,-0.7522930843459428,6.931061883529572e-06,8.049999176397123e-06
2020-07-10 12:30:00,-1.0019785287962977,-0.6641782266832813,8.035432457481357e-06,6.323216747119381e-06
2020-07-10 13:00:00,-0.8329574815951047,-0.7843783813995164,3.897538496106585e-06,5.416136081135605e-06
2020-07-10 13:30:00,-1.5292732479813145,-0.803401027906284,1.1396657430107513e-05,4.8456098468287906e-06
2020-07-10 14:00:00,-1.2330147457570806,-1.100778217998403,8.417116235339158e-06,8.640168334416614e-06
2020-07-10 14:30:00,-2.200470843530747,-0.9880114544849459,4.91378761132401e-05,1.344693175811273e-05
2020-07-10 15:00:00,-1.950258824586894,-1.4385012914827588,2.6073462686953098e-05,1.657692947846164e-05
2020-07-10 15:30:00,-1.2721436949248022,-1.4169327766084976,1.6028215945763027e-05,2.3339880675713207e-05
2020-07-10 16:00:00,-1.0732441673485356,-1.200359444592908,1.5192313026105971e-05,2.360600816391706e-05
2020-07-10 16:30:00,-1.3125219952256748,-1.0989270990461892,6.702521613585372e-06,6.05599951063205e-06
2020-07-10 17:00:00,-0.8753869890318355,-1.195046633846698,1.3740103637921252e-06,3.186298241547513e-06
2020-07-10 17:30:00,-1.695161259992491,-0.9516188425341915,2.073870887490656e-06,9.053640182969995e-07
2020-07-10 18:00:00,0.5593401679270319,-1.242618619886961,1.8281615440298102e-07,1.106149023948252e-06
2020-07-10 18:30:00,-3.014289508174634,-0.2955213793092625,6.27433037041445e-05,3.01242947748396e-06
2020-07-10 19:00:00,-2.3538552165348454,-1.7441276926988283,1.0788532247335571e-05,6.60260938562309e-06
2020-07-10 19:30:00,-1.4435047526228766,-1.578116524143468,3.970118798050859e-06,5.409864956489831e-06
2020-07-10 20:00:00,-1.9356949753858927,-1.2858849977595934,6.083386749767076e-06,3.251042836757371e-06
2020-07-12 18:30:00,0.6247290960385616,-1.489831861855257,2.625060256506876e-06,1.727568919300407e-05
2020-07-12 19:00:00,-0.772943925122538,-0.5404137929108395,1.0701718402946312e-06,1.1481018248157308e-06
2020-07-12 19:30:00,0.05687577036782532,-0.9078889592716979,5.029086261297776e-09,1.8238663231594596e-06
2020-07-12 20:00:00,0.021059238142051878,-0.4478527117293846,6.644137231472719e-10,8.231892795567837e-07
2020-07-12 20:30:00,-1.1699723437029812,-0.3661748776095203,7.339223987162006e-06,2.5895998419479077e-06
2020-07-12 21:00:00,-1.1430816807043331,-0.758392156703322,3.3774133683580263e-06,2.3885245915601107e-06
2020-07-12 21:30:00,-1.6483958301073236,-0.8716947517712146,1.760397396095387e-05,7.1832738256405565e-06
2020-07-12 22:00:00,-1.9921496979482616,-1.1169203009567408,3.5318035377776124e-05,1.4206842922732288e-05
2020-07-12 22:30:00,-1.1729699294237614,-1.3809931516310912,4.22163150797643e-06,6.922356490378877e-06
2020-07-12 23:00:00,-1.4897758119615745,-1.1611393682176598,6.876498589083026e-06,5.258291278786021e-06
2020-07-12 23:30:00,-0.6546835635610438,-1.3006846777062138,7.638017165524026e-07,3.6365789189681854e-06
2020-07-13 00:00:00,-1.9766663989180981,-0.9617089665158782,6.569907449084798e-06,2.141848161999391e-06
2020-07-13 00:30:00,-1.5953187131433115,-1.470313043378469,3.6920881002746536e-06,3.6422996688467427e-06
2020-07-13 01:00:00,-1.1514656932452079,-1.3077535774649263,2.288619481842788e-06,3.554293902365825e-06
2020-07-13 01:30:00,-0.8353795051606878,-1.1387577262080413,1.8525063415673502e-06,4.368525484230833e-06
2020-07-13 02:00:00,-1.9498904471990557,-0.9745285808337288,1.340199074667848e-05,4.577481796503418e-06
2020-07-13 02:30:00,-1.0570062748712499,-1.4713669928642181,6.163277223375304e-06,1.386727315426353e-05
2020-07-13 03:00:00,-1.5346672130215782,-1.0854900312462938,1.0235432202518923e-05,6.6369833124343625e-06
2020-07-13 03:30:00,-1.0490632809543061,-1.2579614757502817,9.131058761229595e-06,1.602443850171245e-05
2020-07-13 04:00:00,-0.7973414853851674,-1.075199405025978,2.707166411202746e-06,6.408401091566396e-06
2020-07-13 04:30:00,-0.9574459391002201,-0.9758277852854137,4.42034719981288e-06,6.274110859690472e-06
2020-07-13 05:00:00,-0.6346210847318985,-0.9773378655155884,1.5936394860684656e-06,5.160226495109654e-06
2020-07-13 05:30:00,-0.6528328750677536,-0.8186405327735957,1.3440805496925297e-06,3.2138581925914367e-06
2020-07-13 06:00:00,-1.0080027438350152,-0.7584314348046406,3.1174500623922687e-06,2.83533321158822e-06
2020-07-13 06:30:00,-0.7680188921570651,-0.882040680793921,1.6230683284136721e-06,3.1008241708881156e-06
2020-07-13 07:00:00,-0.5274549087358918,-0.7864922576664863,7.268360913332831e-07,2.5275735962432934e-06
2020-07-13 07:30:00,-0.3340647597427868,-0.675104949666659,2.935103077517716e-07,2.1163067207769564e-06
2020-07-13 08:00:00,-1.2582626898809368,-0.5811242403734265,4.408601659841676e-06,1.911903986305398e-06
2020-07-13 08:30:00,-1.8808044389316871,-0.9644913836264787,9.692431111176046e-06,3.504815036940194e-06
2020-07-13 09:00:00,-2.200550640573684,-1.2598871355712826,3.156680174971808e-05,1.2621814507490793e-05
2020-07-13 09:30:00,-1.6891267363922418,-1.4769480661252858,7.961588406242862e-06,7.0606267301211104e-06
2020-07-13 10:00:00,-0.4348474829087469,-1.3689660433852955,2.8482388546082923e-06,3.3483889787236544e-05
2020-07-13 10:30:00,-0.926174833008776,-0.9105286548042046,9.4156330686037e-06,1.2929906801600247e-05
2020-07-13 11:00:00,-1.1650348984051913,-1.0615932964583594,1.919987328758973e-05,2.0877185047529627e-05
2020-07-13 11:30:00,-1.7368182136950137,-1.1013328106255462,3.4092367490872326e-05,1.765157979625082e-05
2020-07-13 12:00:00,-1.258498604698605,-1.282135463473172,1.0911722038043453e-05,1.3729208883684518e-05
2020-07-13 12:30:00,-1.2220943962697748,-1.082936881703104,9.939678744534726e-06,1.0126947561609766e-05
2020-07-13 13:00:00,-1.251992008860609,-1.1173295425673087,7.180174370136388e-06,7.316873227213076e-06
2020-07-13 13:30:00,-0.47769614011327954,-1.1480452496173257,8.342816048222866e-07,6.094261370549342e-06
2020-07-13 14:00:00,-0.6728365325843166,-0.8165983181272345,1.6428032899562948e-06,3.6859238608998064e-06
2020-07-13 14:30:00,0.15196383273300046,-0.8173976644016192,1.755115703575508e-07,7.729711735055917e-06
2020-07-13 15:00:00,0.3807780770749863,-0.4126550908103115,7.354738790989743e-07,2.6335752467297628e-06
2020-07-13 15:30:00,0.5945928846583762,-0.21570822531365771,2.8756015742625294e-06,3.2163261978840606e-06
2020-07-13 16:00:00,0.8876801036781895,-0.0036453528122652457,9.277716356760147e-06,4.1081558866179946e-06
2020-07-13 16:30:00,0.33493083201278845,0.20551006481706957,4.0713582717007366e-07,1.4195680295285366e-06
2020-07-13 17:00:00,0.2029710093969249,0.0758006733198972,7.256750707277551e-08,6.246981149508728e-07
2020-07-13 17:30:00,-0.06711703307078339,0.03844634110636069,2.592853058984141e-09,2.0167434934727068e-07
2020-07-13 18:00:00,0.08551314647333824,-0.08542233715234898,4.3024763883576065e-09,2.09577284573887e-07
2020-07-13 18:30:00,-0.7903950610643311,-0.057876918112128195,4.786385871651145e-06,2.6988032453820954e-06
2020-07-13 19:00:00,-0.34481499731992127,-0.4861079886116917,2.1447395050634433e-07,1.05562111001146e-06
2020-07-13 19:30:00,-0.29511973030183647,-0.36446626486370903,1.365912083574731e-07,7.555026315895014e-07
2020-07-13 20:00:00,-0.3986131350860551,-0.3763506647478496,2.4378176972335575e-07,7.526155699846824e-07
2020-07-13 20:30:00,-0.28515939942092583,-0.43580479537484834,3.9182147747222927e-07,2.5963431174639585e-06
2020-07-13 21:00:00,0.15175801445443246,-0.41212704126606803,5.3739792066153336e-08,1.2104604232430256e-06
2020-07-13 21:30:00,-0.4159992338626062,-0.17922108014402036,1.0928248190841143e-06,2.406105471555764e-06
2020-07-13 22:00:00,-1.3140146385527212,-0.38049926974127224,1.5252187872992365e-05,4.3609179159721184e-06
2020-07-13 22:30:00,-0.009510483680478445,-0.772820646124064,2.594026679260493e-10,2.7135042150906817e-06
2020-07-13 23:00:00,-0.497965993884101,-0.2674260516006611,7.270661222117846e-07,1.2326947774879317e-06
2020-07-13 23:30:00,-0.49141191534060136,-0.4582346621916754,4.242707412223601e-07,9.819069080140132e-07
2020-07-14 00:00:00,-0.42677422129812087,-0.4948369822327446,2.8461420113079173e-07,9.278431432178678e-07
2020-07-14 00:30:00,-0.7539649284852775,-0.46588462956019233,7.919080663410421e-07,7.884064594917035e-07
2020-07-14 01:00:00,-0.5528583083524101,-0.5475298146244316,4.6902579937759465e-07,9.954196456020806e-07
2020-07-14 01:30:00,-1.2221954172688734,-0.5065607866647861,3.159662155800452e-06,1.2807872104861176e-06
2020-07-14 02:00:00,-1.1208643840762684,-0.7992048253828317,3.466621702998359e-06,2.7251744962072105e-06
2020-07-14 02:30:00,0.15927313932591677,-0.8076845876824728,1.0163142930919919e-07,4.011324863821615e-06
2020-07-14 03:00:00,-1.0080501493736058,-0.29650173094720667,3.6852294488034145e-06,1.5841529587169247e-06
2020-07-14 03:30:00,-0.7096444963470055,-0.7454897936039907,3.2861986172236365e-06,5.903310542742303e-06
2020-07-14 04:00:00,0.3266173524652216,-0.6517474615664355,3.9325124775090363e-07,2.852007123883074e-06
2020-07-14 04:30:00,-0.12562206041743407,-0.17278863965321448,6.846609420790308e-08,1.6432526280804568e-06
2020-07-14 05:00:00,-0.8119550419611811,-0.27879973927647633,2.3741348117753456e-06,1.5363605054548419e-06
2020-07-14 05:30:00,-0.30411380174466246,-0.599116513788735,2.6343121634397525e-07,2.0161882398744544e-06
2020-07-14 06:00:00,-0.6747647853175384,-0.36909756084829737,1.2302998067216698e-06,1.310894939898158e-06
2020-07-14 06:30:00,-0.23267797310393296,-0.5056911685592018,1.3510109523257636e-07,1.5088085353694936e-06
2020-07-14 07:00:00,-0.5828361780883864,-0.381825167544345,7.036126024398003e-07,1.0246488256646192e-06
2020-07-14 07:30:00,0.6148998262232064,-0.5370054288067065,8.559152973960957e-07,1.4426119244206603e-06
2020-07-14 08:00:00,0.09343685924308746,0.001946992121106661,1.9057935207337115e-08,7.616340575708722e-07
2020-07-14 08:30:00,-0.00010127465064128722,-0.1591681298816125,2.2524671124964384e-14,8.218677971223876e-07
2020-07-14 09:00:00,0.5370134931725294,-0.14726242291371217,1.760995178742786e-06,2.2629671452978493e-06
2020-07-14 09:30:00,0.9675003427533333,0.10537899911154702,2.2442831581040838e-06,8.631471721678941e-07
2020-07-14 10:00:00,1.0590832297727468,0.36887099811129764,1.509787323728931e-05,6.527812054873257e-06
2020-07-14 10:30:00,1.0140452545488325,0.4404494508583304,1.057294382839884e-05,5.582111329491407e-06
2020-07-14 11:00:00,0.46807888445618345,0.4985409562244243,2.8823952033605525e-06,7.85982209010966e-06
2020-07-14 11:30:00,1.079081140706978,0.33313955551312624,1.1548462761882975e-05,4.561034167667618e-06
2020-07-14 12:00:00,0.3681386429210501,0.6017611697622753,8.32702538106062e-07,4.368651363318915e-06
2020-07-14 12:30:00,0.020243981397515386,0.3074461758370528,2.5568820104242287e-09,2.766547961500032e-06
2020-07-14 13:00:00,0.4232521975456454,0.11535166982627054,7.614198492935031e-07,1.539510440275556e-06
2020-07-14 13:30:00,0.5562892072084746,0.23031638267084886,1.0557743717013249e-06,1.371318329675976e-06
2020-07-14 14:00:00,0.5697369605728481,0.2909845523475537,1.0916511592143604e-06,1.4581337537124212e-06
2020-07-14 14:30:00,0.3540514974337548,0.27264742194974556,7.751856680610491e-07,2.61732200963951e-06
2020-07-14 15:00:00,0.769497940827304,0.2012563144359849,2.788504837370563e-06,1.8338261201442745e-06
2020-07-14 15:30:00,0.32959900615197857,0.40647839237217054,8.609353420646482e-07,4.074441406937602e-06
2020-07-14 16:00:00,-0.11769533024277809,0.24773338549516966,1.7545314123827358e-07,5.196554379450797e-06
2020-07-14 16:30:00,-0.6693904109563819,0.04393275473290392,1.6583652934823705e-06,1.298432376187303e-06
2020-07-14 17:00:00,-1.0279071266540274,-0.24376464039714235,1.8963669672945793e-06,7.3285432429758e-07
2020-07-14 17:30:00,1.0891016900848285,-0.4706354571618318,7.010861945112093e-07,3.3714220951015644e-07
2020-07-14 18:00:00,1.15644901301817,0.3359469652893887,8.15357968335758e-07,2.81522404194905e-07
2020-07-14 18:30:00,-0.04191787731231645,0.4231136055837684,1.3654478157465319e-08,4.102510696849002e-06
2020-07-14 19:00:00,-0.26556239507616836,-0.006331924345836792,1.2972990881728075e-07,6.418877938065712e-07
2020-07-14 19:30:00,-0.6973086380972143,-0.06105523395621909,7.595678121049892e-07,5.508510856067898e-07
2020-07-14 20:00:00,-0.4241745308985017,-0.19767242062210716,2.701316425976315e-07,5.824927083771724e-07
2020-07-14 20:30:00,-0.5388401852179753,-0.20161320965144597,1.3389484633413953e-06,1.7964118496025044e-06
2020-07-14 21:00:00,-1.1785440874969142,-0.35684401781357394,3.1764009941245755e-06,1.0891014277169324e-06
2020-07-14 21:30:00,-1.4763793426266103,-0.6720693436819336,1.3648757186847346e-05,5.013037656225407e-06
2020-07-14 22:00:00,-2.2987368031325426,-0.8723426180866864,4.6609608295934796e-05,9.78980469424022e-06
2020-07-14 22:30:00,-1.2327450349976736,-1.2976101492775556,4.3324633652459856e-06,5.795090129202819e-06
2020-07-14 23:00:00,-1.0416719323899113,-0.9735504666707422,2.57780335258277e-06,3.0805473414625038e-06
2020-07-14 23:30:00,-0.5847602566043587,-0.9483058523806058,5.744575769661332e-07,2.0969169631589593e-06
2020-07-15 00:00:00,-0.8331298251171686,-0.7472659341175051,1.0096034058964887e-06,1.3197142320978814e-06
2020-07-15 00:30:00,-0.8054900748294771,-0.8053462316144475,8.464947696768166e-07,1.3013965461231856e-06
2020-07-15 01:00:00,-1.141889700979769,-0.7037820207389667,1.8836281850303804e-06,1.219543920713129e-06
2020-07-15 01:30:00,-1.2285496224323842,-0.8271737711198678,3.0043191145425245e-06,2.0564131160432474e-06
2020-07-15 02:00:00,-0.6665291221285917,-0.8799363261572015,1.1552316663313646e-06,2.920677844594976e-06
2020-07-15 02:30:00,-1.03044765148152,-0.6849054193853703,4.063896204718842e-06,3.1307051459530403e-06
2020-07-15 03:00:00,-1.2263727105748181,-0.8389045326469451,4.514452083351329e-06,3.159722731443688e-06
2020-07-15 03:30:00,-1.1658367629994586,-0.9449904784683046,8.12957614962152e-06,7.428170249472953e-06
2020-07-15 04:00:00,-0.6763021220938341,-0.9333552984456837,1.6311634021380473e-06,4.3510564469427726e-06
2020-07-15 04:30:00,-0.5909174218235415,-0.7227516489321286,1.4363053764001603e-06,3.583822120564385e-06
2020-07-15 05:00:00,-0.8138098591897998,-0.6884792190514024,2.294011014820118e-06,2.85035616630806e-06
2020-07-15 05:30:00,-0.4291477552541912,-0.7561240528701256,5.215682690467518e-07,2.607234262634255e-06
2020-07-15 06:00:00,-1.0652620188885218,-0.5599470587141128,2.9494604965710897e-06,1.721778927019909e-06
2020-07-15 06:30:00,0.6814150171190493,-0.7965225419282667,1.1525337719643199e-06,2.4408327666319146e-06
2020-07-15 07:00:00,0.09918551845861849,-0.07121699101414541,2.029562676021577e-08,7.302573496258929e-07
2020-07-15 07:30:00,0.5513793734945084,-0.23525239018434246,7.301536269590957e-07,9.7086215330786e-07
2020-07-15 08:00:00,0.25411186972694233,0.02646794171272232,1.4426961999559821e-07,7.810851424648816e-07
2020-07-15 08:30:00,0.08963800672189458,-0.031170012765550925,1.7382285447970597e-08,7.568894148628518e-07
2020-07-15 09:00:00,-1.1197595821318926,-0.011202451310840522,6.741337767125726e-06,1.8765275678396414e-06
2020-07-15 09:30:00,0.06462032872038723,-0.5762374759966375,1.0685271261841543e-08,1.7424602200591485e-06
2020-07-15 10:00:00,-0.21869591361780075,-0.13790897935964103,6.75707424365018e-07,5.1979327400991795e-06
2020-07-15 10:30:00,-0.5939954223894437,-0.2857041816857969,3.92667911354405e-06,4.7913790443031906e-06
2020-07-15 11:00:00,-1.164610602197433,-0.47031277910526476,1.3922927117747176e-05,5.852162968916692e-06
2020-07-15 11:30:00,0.45498089584007123,-0.7605149606954396,1.7126192389791178e-06,7.67162347700801e-06
2020-07-15 12:00:00,0.8359792490844516,-0.05623588265735002,3.7413750708109556e-06,1.8847826023198646e-06
2020-07-15 12:30:00,0.5026092581803505,0.14322568963993165,1.4123526710937104e-06,2.0653624607974658e-06
2020-07-15 13:00:00,0.45140740349777847,0.07766379902704995,8.427429356085338e-07,1.4679246931391538e-06
2020-07-15 13:30:00,0.25434523731417774,0.13520823696796336,2.198874379486611e-07,1.248058485585334e-06
2020-07-15 14:00:00,-0.197137175583215,0.16452968115816602,1.249448017921118e-07,1.2087473528732948e-06
2020-07-15 14:30:00,0.37272093824784386,-0.037558818398887805,7.07291139705241e-07,1.78354994578778e-06
2020-07-15 15:00:00,0.2695088873010885,0.14835677945889558,3.4967049435625345e-07,1.7855920577242494e-06
2020-07-15 15:30:00,0.2576905599836612,0.1039007944030802,4.875157752230019e-07,2.6407528388061623e-06
2020-07-15 16:00:00,-0.3859779606075656,0.09589016876272216,1.752102987057413e-06,4.2114731252365095e-06
2020-07-15 16:30:00,-1.442559306755874,-0.17685632280156377,7.4727616745236006e-06,1.365218361090981e-06
2020-07-15 17:00:00,-1.2756110665232852,-0.6478533088896943,2.9183086642973418e-06,1.3784895912875404e-06
2020-07-15 17:30:00,-1.2404493425451506,-0.6981211005103218,3.367759836644534e-06,1.8303396814873359e-06
2020-07-15 18:00:00,-0.649328265097436,-0.7855005452184156,3.6228612702149264e-07,8.299667843602909e-07
2020-07-15 18:30:00,-1.1478171618977981,-0.6290773383425001,6.997869362793307e-06,3.955181100868081e-06
2020-07-15 19:00:00,0.699169589111563,-0.8619374116496462,6.560528443150418e-07,1.4653171191658066e-06
2020-07-15 19:30:00,-0.6566540217882288,-0.04483535263539368,5.861590012205831e-07,4.770232012570732e-07
2020-07-15 20:00:00,-0.3128102252183799,-0.5043802499133385,1.358134755317546e-07,8.373646913270056e-07
2020-07-15 20:30:00,0.07602596534834878,-0.32228640793297847,2.470144113790278e-08,1.934976199840115e-06
2020-07-15 21:00:00,0.15912824090748212,-0.1327337777169187,5.355101083754507e-08,7.751218581334525e-07
2020-07-15 21:30:00,-1.1202374088078657,-0.01589098247262971,7.672732429880735e-06,2.1347468448620557e-06
2020-07-15 22:00:00,-1.6568295797370114,-0.6028536064891347,2.3698145426996758e-05,6.1495318110735975e-06
2020-07-15 22:30:00,0.0411844643480735,-0.8744956533047341,4.360862972918409e-09,2.8632011093378413e-06
2020-07-15 23:00:00,0.12529088164680297,-0.22802730054053505,3.2628447619854184e-08,8.332797156196219e-07
2020-07-15 23:30:00,-0.18670437786794875,-0.18827428197965693,5.5752869256253325e-08,6.147281685269355e-07
2020-07-16 00:00:00,-0.4508789449002897,-0.31769088540460777,2.7970270112605756e-07,6.189046535137888e-07
2020-07-16 00:30:00,-0.31379008282247556,-0.37400825116089237,1.1715765403404241e-07,5.815787283876364e-07
2020-07-16 01:00:00,-0.6480474625272933,-0.2422136416150757,5.759843111663219e-07,5.589817330787655e-07
2020-07-16 01:30:00,-0.9894385217842496,-0.41499316265200864,1.618355697401929e-06,8.614585602735815e-07
2020-07-16 02:00:00,0.10089082811661249,-0.6196601721654372,2.4470034308231125e-08,1.7618297274955756e-06
2020-07-16 02:30:00,-0.7220570637054915,-0.20115441834339468,1.8874442486694573e-06,1.409571250139388e-06
2020-07-16 03:00:00,-0.3371774713104213,-0.5218125373221335,3.173848440810538e-07,1.7341756812025407e-06
2020-07-16 03:30:00,0.07350544879040617,-0.38532715275051127,2.8590236838596816e-08,2.6318752432654722e-06
2020-07-16 04:00:00,-0.35233788959063905,-0.18777098435132247,4.4106151706354193e-07,1.3648705206036893e-06
2020-07-16 04:30:00,-0.8877985885733604,-0.30495963966746176,3.1093416134686503e-06,1.7432710996976712e-06
2020-07-16 05:00:00,-0.6100908421197037,-0.5679964014750141,1.2526121386399375e-06,2.259889305108868e-06
2020-07-16 05:30:00,0.08530551053162137,-0.45579341650999006,1.9793011249504448e-08,1.5140453204096517e-06
2020-07-16 06:00:00,-0.19122673472927867,-0.16743111097130697,8.457615754187035e-08,8.717988391132882e-07
2020-07-16 06:30:00,-0.6487788291660133,-0.28128494305576773,1.0902826367234672e-06,1.1086950385743087e-06
2020-07-16 07:00:00,-0.2215203586454892,-0.46957886021373013,9.943825391713393e-08,1.1538456912672437e-06
2020-07-16 07:30:00,-0.522406940759464,-0.2658281617444618,6.746915380505091e-07,1.0372592241765686e-06
2020-07-16 08:00:00,-0.22315713537692905,-0.37715358360464735,1.0416199020441698e-07,1.0273021563415545e-06
2020-07-16 08:30:00,-0.9130614977088379,-0.28585420523131344,1.7355306969769076e-06,8.964375540998348e-07
2020-07-16 09:00:00,-0.8748114923361471,-0.5893264209348393,4.075048263805559e-06,3.7071654826771937e-06
2020-07-16 09:30:00,-0.28556283620102413,-0.5950560925093498,2.0984892860421062e-07,1.8090653320286693e-06
2020-07-16 10:00:00,-0.3807395448731123,-0.38605167418778297,1.987509392736411e-06,6.8269630505062864e-06
2020-07-16 10:30:00,0.0038514103741098876,-0.40798792639227244,1.4449498943446554e-10,5.020186391021463e-06
2020-07-16 11:00:00,-0.9243907003402173,-0.24377999511827464,8.251078979464918e-06,3.942853114076772e-06
2020-07-16 11:30:00,-0.8191588215720328,-0.5894906840127236,5.72268090595563e-06,5.93912210771553e-06
2020-07-16 12:00:00,-1.0571772703652131,-0.5533011430172172,6.462854207641579e-06,3.787901342596327e-06
2020-07-16 12:30:00,-0.5421177362423398,-0.6958535759685245,1.7554780494248203e-06,4.9763647288413674e-06
2020-07-16 13:00:00,-1.2219454684004754,-0.5177143719286256,6.357000932912277e-06,2.6265396048199286e-06
2020-07-16 13:30:00,-0.8184866158700288,-0.8522972095185326,2.3733683292270262e-06,3.8095729611510374e-06
2020-07-16 14:00:00,-0.000736219630380607,-0.699088053686534,1.745186164489976e-12,2.696973493898656e-06
2020-07-16 14:30:00,-0.8715688236957949,-0.3411227298120306,3.9981194064908736e-06,2.44880086256212e-06
2020-07-16 15:00:00,0.311717368525509,-0.6528357884942046,4.769983632316857e-07,3.804960541048782e-06
2020-07-16 15:30:00,-0.854537071104876,-0.15820432051906502,5.440396695310442e-06,2.785855867863265e-06
2020-07-16 16:00:00,-0.7781654855705142,-0.5634098328051632,6.905357663751381e-06,7.59858464840312e-06
2020-07-16 16:30:00,0.6422235935111743,-0.536812492502384,1.4482633382768423e-06,2.236975780888712e-06
2020-07-16 17:00:00,-0.6386534136830663,0.03109561892189655,6.923485661884409e-07,5.938797358988434e-07
2020-07-16 17:30:00,-1.384777480329215,-0.4212481703004852,4.232414116023214e-06,1.1617258850082544e-06
2020-07-16 18:00:00,-0.798072405771411,-0.8092105923948733,5.340442363098731e-07,8.416013795704255e-07
2020-07-16 18:30:00,-2.0926872496318842,-0.5958419868655929,2.3307417621446508e-05,3.7464002810775436e-06
2020-07-16 19:00:00,-0.33617545893306594,-1.1672623880733775,1.4705279930940517e-07,2.2268627429282405e-06
2020-07-16 19:30:00,-1.3260615272438594,-0.5881220798238925,2.32898448263635e-06,9.202205701663324e-07
2020-07-16 20:00:00,-1.484165172705299,-1.0009767277578399,3.0879949260978466e-06,1.8937427461438146e-06
2020-07-16 20:30:00,-1.3473703359666553,-1.0714948961617017,7.183435598255626e-06,5.923531742264262e-06
2020-07-16 21:00:00,-1.6044906690910021,-1.0639963521311746,5.2992907798585585e-06,3.0485636779757817e-06
2020-07-16 21:30:00,-1.6378751833064122,-1.1309651734889534,1.56429110836763e-05,9.49305299511662e-06
2020-07-16 22:00:00,-1.8425997931853233,-1.2334463907442945,2.8356390229982877e-05,1.5620613955462922e-05
2020-07-16 22:30:00,-1.3306679969302053,-1.352678408186567,4.362881249455824e-06,5.368085483247496e-06
2020-07-16 23:00:00,-0.9089288334458405,-1.1619945259256617,1.6459119332843595e-06,3.3851197099934276e-06
2020-07-16 23:30:00,-0.9952930098880329,-0.9848420660509384,1.4526295470770288e-06,1.93391249780888e-06
2020-07-17 00:00:00,-1.7177079455211461,-0.9784712361333978,3.904995806792485e-06,1.7288892517439977e-06
2020-07-17 00:30:00,-1.0553237235565507,-1.2550310840013492,1.2857797914601313e-06,2.221269105678754e-06
2020-07-17 01:00:00,-0.8826868231098066,-0.9637413052803193,9.524522933297267e-07,1.5619181595782274e-06
2020-07-17 01:30:00,-0.9718419793637681,-0.8750860411509478,1.4604300934125883e-06,1.723607411033555e-06
2020-07-17 02:00:00,-1.7951746102085067,-0.9119749104029684,7.097518571360041e-06,2.600133539717998e-06
2020-07-17 02:30:00,-1.1114258165824535,-1.2730285514739028,3.978457420414791e-06,6.343228257136969e-06
2020-07-17 03:00:00,-1.0008414868333646,-0.9908757226556039,2.670847064604851e-06,3.5482175500502766e-06
2020-07-17 03:30:00,-0.7862308743979696,-0.9486461857013231,3.158136813483054e-06,6.380199959649019e-06
2020-07-17 04:00:00,-0.499385992596272,-0.8708287989030803,8.655498442514068e-07,3.842931455376319e-06
2020-07-17 04:30:00,-1.377039378102495,-0.7343518231312458,6.861677433567652e-06,3.213922906516728e-06
2020-07-17 05:00:00,-1.5865895480806502,-1.0327217235049266,6.588427220557096e-06,3.7045582436485053e-06
2020-07-17 05:30:00,-0.5184501877775095,-1.1537918620156549,7.206317662031097e-07,4.50447257259133e-06
2020-07-17 06:00:00,-1.2620411935810703,-0.732873100444673,3.4844730883919336e-06,1.9383211862521716e-06
2020-07-17 06:30:00,-0.9487298202698373,-1.0365786739703613,2.174129351339061e-06,3.438160394905616e-06
2020-07-17 07:00:00,-1.8290926286770242,-0.9531592104075719,6.4958220225125745e-06,2.441410687957682e-06
2020-07-17 07:30:00,-0.973932465371985,-1.3040573351302287,1.8349794653089167e-06,3.9647367867748655e-06
2020-07-17 08:00:00,-1.0695535221956287,-0.9549727623956721,2.2216923564170376e-06,2.448784507852248e-06
2020-07-17 08:30:00,0.09341868451475525,-1.0267743172272241,1.562837809906427e-08,2.5127867418731707e-06
2020-07-17 09:00:00,-1.6183937867535547,-0.5065316456834098,1.2491198392634167e-05,2.8875676089047908e-06
2020-07-17 09:30:00,-0.5855618485315643,-1.1782733321883694,8.638803670246644e-07,4.3768851207263475e-06
2020-07-17 10:00:00,-1.1082371460528704,-0.7151652249856445,1.6311894449965778e-05,1.1426688407003882e-05
2020-07-17 10:30:00,-0.49295107335305893,-0.9123821888100834,2.419585416908761e-06,1.176275568613034e-05
2020-07-17 11:00:00,-1.0486492536506196,-0.6433729977922953,9.786859075800581e-06,6.789073458344242e-06
2020-07-17 11:30:00,-1.313149541430957,-0.9198864895079891,1.4744608187094255e-05,1.0218949914931573e-05
2020-07-17 12:00:00,-1.2530937294828721,-0.9986810510963571,8.866168182022804e-06,7.601501163870036e-06
2020-07-17 12:30:00,-2.269254633064057,-1.021539696172705,3.0621280712478934e-05,8.280084081808514e-06
2020-07-17 13:00:00,-1.4953279657811582,-1.471007986800893,9.502321133830272e-06,1.0678463265617338e-05
2020-07-17 13:30:00,-0.44766239686550635,-1.2567100859772262,6.955111252412331e-07,6.692058361048024e-06
2020-07-17 14:00:00,-0.9555158115355478,-0.8323056289983708,3.04994748924323e-06,3.4796184531447177e-06
2020-07-17 14:30:00,-1.349375434264817,-0.9944858650988639,9.41583545070772e-06,6.918595557038099e-06
2020-07-17 15:00:00,-1.5235820657262278,-1.142825948553925,1.1819936036652424e-05,8.426920024235653e-06
2020-07-17 15:30:00,-0.7779416760797477,-1.1606307266376685,4.511176844621955e-06,1.2641906927665888e-05
2020-07-17 16:00:00,-1.1609043199756275,-0.840117139291007,1.543746378556524e-05,1.2081230042167256e-05
2020-07-17 16:30:00,-0.25197325728573927,-1.0283475990006476,2.4068121009262957e-07,5.331410060942993e-06
2020-07-17 17:00:00,-0.7522383039817879,-0.6490527358157233,9.3780781789933e-07,1.276408927577132e-06
2020-07-17 17:30:00,-1.6250920845926495,-0.7889799022446898,5.80729973798241e-06,2.136053191357915e-06
2020-07-17 18:00:00,-0.033674453781477744,-1.1146856450208205,9.449652183536067e-10,1.3261752317713048e-06
2020-07-17 18:30:00,-2.2424600759928115,-0.48192086368759335,2.6269002665061787e-05,3.0358580020827415e-06
2020-07-17 19:00:00,-2.287238756805833,-1.36464042802457,6.306247585563624e-06,2.6654168898804705e-06
2020-07-17 19:30:00,-2.4116804998104913,-1.5229636039753514,6.73012761854586e-06,3.087603556378838e-06
2020-07-17 20:00:00,-1.7479462403769377,-1.6817394219104265,4.0128810820945635e-06,4.1728969857690516e-06
2020-07-19 18:30:00,-0.061120875154270456,-1.4529934014145454,1.826008977807685e-08,1.2024718751956599e-05
2020-07-19 19:00:00,-0.4605052612213888,-0.8330425757660632,2.2715641313667572e-07,1.117074715559292e-06
2020-07-19 19:30:00,-1.102613973422272,-0.8661769969268706,1.2378236415528075e-06,1.1191135031332975e-06
2020-07-19 20:00:00,-0.6570843349622383,-1.0217177200658516,4.8704018767402e-07,1.5711363066484385e-06
2020-07-19 20:30:00,-1.2435182698915512,-0.7461920891481484,5.916525050069079e-06,3.465361074837241e-06
2020-07-19 21:00:00,-1.1396981092930054,-0.9294883186629476,2.523808681447058e-06,2.356588271237375e-06
2020-07-19 21:30:00,0.0926689650433373,-0.9666674024402336,4.893577715227514e-08,7.313107039335892e-06
2020-07-19 22:00:00,-0.7605650439416438,-0.4738546902112718,4.792960188586981e-06,4.7513667376830015e-06
2020-07-19 22:30:00,-1.0353699626798607,-0.7606539339260898,2.5769214847060154e-06,2.229573770569909e-06
2020-07-19 23:00:00,-0.6744983300192451,-0.8853371485570132,8.98377886503535e-07,2.236768181161698e-06
2020-07-19 23:30:00,-0.685829157532112,-0.7084658652633491,6.660284808661162e-07,1.2047615821351806e-06
2020-07-20 00:00:00,-0.7505264456551356,-0.6782474273960013,7.260670972365766e-07,1.0426790685961372e-06
2020-07-20 00:30:00,-0.7500695283911247,-0.7596887008165751,6.380444695926453e-07,1.050199968153002e-06
2020-07-20 01:00:00,-0.9208510257001796,-0.7594478570698411,9.862318492802135e-07,1.076595956473551e-06
2020-07-20 01:30:00,-0.001276645909709634,-0.8134892922878725,2.5191644507773253e-12,1.5621516757774678e-06
2020-07-20 02:00:00,-1.595438071721186,-0.42675563274042333,5.5072887612263644e-06,1.1489204803675048e-06
2020-07-20 02:30:00,-0.42361642362181473,-1.0734958526879854,5.69107737392461e-07,4.761181854754703e-06
2020-07-20 03:00:00,-1.1891752705593894,-0.6213604381641396,2.9213418981727533e-06,1.5183502901862253e-06
2020-07-20 03:30:00,-0.5540221673583059,-0.9354846798579453,1.5477764627681475e-06,6.172298849270355e-06
2020-07-20 04:00:00,-1.0966624408852996,-0.679898533451851,3.989269895030315e-06,2.6906402754675023e-06
2020-07-20 04:30:00,-0.7062492419965004,-0.947871027748467,1.7723996325471489e-06,4.432386825241259e-06
2020-07-20 05:00:00,-0.21224828296712522,-0.7513010719095568,1.1362535671533135e-07,2.3037013776121218e-06
2020-07-20 05:30:00,-0.14555319005006587,-0.5457856337130988,5.5829108173301086e-08,1.7044168699548484e-06
2020-07-20 06:00:00,-0.6154237603101461,-0.4411364291356041,7.735917823430432e-07,1.1101068443689934e-06
2020-07-20 06:30:00,-0.41597205916313257,-0.6064483625297012,4.024985512749458e-07,1.667100108455664e-06
2020-07-20 07:00:00,-1.0009343610023915,-0.48219435958054746,1.8783764783711011e-06,1.0900734425598875e-06
2020-07-20 07:30:00,-0.2193576960795543,-0.7192961125165197,9.096969319702476e-08,1.6377712434848126e-06
2020-07-20 08:00:00,-0.5686267700702807,-0.43463042832592813,6.206303461181858e-07,1.0322929223590352e-06
2020-07-20 08:30:00,-0.7323959062457867,-0.5866607183475636,9.125766958867707e-07,1.1791140269237397e-06
2020-07-20 09:00:00,-0.9483500831267614,-0.6548016889599944,4.243800639213529e-06,3.6695336224599134e-06
2020-07-20 09:30:00,-0.9967635868611694,-0.7678062789795587,2.463450344850034e-06,2.32680622527887e-06
2020-07-20 10:00:00,-0.13803524528743547,-0.7855903602574914,2.4732551693309405e-07,1.2539782599633596e-05
2020-07-20 10:30:00,-1.0791134918003202,-0.4675703191102707,1.1744971654298565e-05,5.724021054243242e-06
2020-07-20 11:00:00,-1.3007177411223263,-0.8446947621549791,1.4800051410155698e-05,9.293715166752095e-06
2020-07-20 11:30:00,-1.485109691701302,-0.9652421794438233,1.8180389867901403e-05,1.055595232127536e-05
2020-07-20 12:00:00,-1.600142727847851,-1.0732372990559074,1.4344962198333705e-05,8.407894021905896e-06
2020-07-20 12:30:00,-1.0979962011642355,-1.1607612221399357,5.562216050869473e-06,7.82601287124598e-06
2020-07-20 13:00:00,-1.4606576258558628,-1.0430680619353674,7.576479047652216e-06,5.1026372706091225e-06
2020-07-20 13:30:00,-1.4515047113245036,-1.2048615478795677,6.799013630243704e-06,5.810646036911471e-06
2020-07-20 14:00:00,-0.6145360679301096,-1.214761534048287,1.084930461377949e-06,5.241578718833345e-06
2020-07-20 14:30:00,-1.5040077979590358,-0.85568264644419,9.930679459023016e-06,4.746157809855084e-06
2020-07-20 15:00:00,-2.2056255431476717,-1.174405168029316,2.1495835823532612e-05,7.636015681666992e-06
2020-07-20 15:30:00,-1.3953211266398609,-1.5127541632001253,1.3814191879161835e-05,1.8712895479572255e-05
2020-07-20 16:00:00,-0.9481410193252863,-1.2156017482996098,9.821475509836753e-06,1.9955913807563115e-05
2020-07-20 16:30:00,-1.431278398976222,-1.0229467824304737,6.4545065621427865e-06,4.396316906683772e-06
2020-07-20 17:00:00,-0.26095489888196494,-1.2549112717977025,7.684262148655094e-08,2.1707477588028594e-06
2020-07-20 17:30:00,-1.768507346670968,-0.7446246128473897,6.758770296903209e-06,1.952172084759384e-06
2020-07-20 18:00:00,-0.1656309468892625,-1.2739789236641208,2.3111013949809134e-08,1.6612158100272972e-06
2020-07-20 18:30:00,-1.0636108993578037,-0.6105521467131234,5.6656092284174945e-06,3.6142874795970243e-06
2020-07-20 19:00:00,-1.40550509742482,-0.9479244661566839,1.9629532285710538e-06,1.2395737371557997e-06
2020-07-20 19:30:00,-1.291341587501228,-1.0763536275514691,1.4671575612939975e-06,1.3262762330079718e-06
2020-07-20 20:00:00,-0.5580039273676137,-1.104663459607488,3.4178561038401896e-07,1.7224740560671063e-06
2020-07-20 20:30:00,-0.8454514272469832,-0.7604805360376605,2.4511971434737106e-06,3.1797222014363285e-06
2020-07-20 21:00:00,-1.3521613646997623,-0.911356723654625,3.2236846892686454e-06,2.079616178019076e-06
2020-07-20 21:30:00,-2.2919319747804305,-1.1179827723708957,3.0449989349154423e-05,9.267747091499926e-06
2020-07-20 22:00:00,-1.8278848243129684,-1.5263046238028262,2.7977317395796203e-05,2.2428548826189786e-05
2020-07-20 22:30:00,-1.4595521378792793,-1.398279109585446,5.002134365976529e-06,5.410217410861656e-06
2020-07-20 23:00:00,-1.409667269231955,-1.3308936419789812,3.8596064308885444e-06,4.11796168235102e-06
2020-07-20 23:30:00,-1.0210411653090206,-1.3526103470965896,1.4248134006483582e-06,2.9772838166599878e-06
2020-07-21 00:00:00,-1.202549144133726,-1.1881128172844315,1.7393394481962505e-06,2.1174732887842887e-06
2020-07-21 00:30:00,-1.4256870541511315,-1.1819911502803258,2.150646541994651e-06,1.8474210602528466e-06
2020-07-21 01:00:00,-0.49267944807276653,-1.236433699959484,2.652351860144402e-07,2.0517354217428964e-06
2020-07-21 01:30:00,-1.5390040520349662,-0.8304585095615289,3.389291986176689e-06,1.4861479285957052e-06
2020-07-21 02:00:00,0.3629197027070286,-1.2203698882818572,2.742543687863823e-07,3.8275960416238355e-06
2020-07-21 02:30:00,-1.0758610856831399,-0.42736439516062735,3.5627713349358905e-06,1.6361104306342503e-06
2020-07-21 03:00:00,-0.6847040888190847,-0.9459260908668836,9.01299513581639e-07,2.3909526048914264e-06
2020-07-21 03:30:00,-0.8265247120154987,-0.7508498144825455,3.339377761295681e-06,4.461395468850424e-06
2020-07-21 04:00:00,-1.0141132477846473,-0.8183287448012698,3.344306570351965e-06,3.312234313059024e-06
2020-07-21 04:30:00,-1.2164327448927998,-0.8504099347183797,5.220579564210802e-06,3.7824834507836475e-06
2020-07-21 05:00:00,-1.0907566346440756,-1.0289368689060008,2.9593382312355265e-06,3.5012399362167503e-06
2020-07-21 05:30:00,-2.02785772573705,-0.9841463622184705,1.0733890840664859e-05,3.438861902887212e-06
2020-07-21 06:00:00,-1.7089206394880194,-1.423223238746204,5.762532589403727e-06,4.685278959607399e-06
2020-07-21 06:30:00,-1.581649925817444,-1.364648888208851,5.87520101731568e-06,5.1930638920316055e-06
2020-07-21 07:00:00,-1.0022329839668598,-1.3632762429194347,1.8402989325136115e-06,4.0442368636899775e-06
2020-07-21 07:30:00,-1.081029387660263,-1.1370302355302218,2.1458140937655577e-06,3.0145407019308594e-06
2020-07-21 08:00:00,-0.11792373424700166,-1.1640824429098933,2.6501005538734423e-08,3.2473319421601878e-06
2020-07-21 08:30:00,-1.0386516836750854,-0.68169953413633,1.8025612388104088e-06,1.3594688764127732e-06
2020-07-21 09:00:00,-1.8959276314233726,-0.9750199587234816,1.694822516303374e-05,6.1274348668362545e-06
2020-07-21 09:30:00,-0.7547574682757842,-1.3132671443520398,1.338705497936229e-06,4.87291964911597e-06
2020-07-21 10:00:00,-0.8369249044571837,-0.8779549916873299,9.016194048213117e-06,1.4412996220306098e-05
2020-07-21 10:30:00,-0.02266954597109282,-0.8836747932476227,5.124042895485075e-09,1.1264757063667265e-05
2020-07-21 11:00:00,-0.6255087676531034,-0.5700869954111732,3.3887816413169253e-06,5.836767277453865e-06
2020-07-21 11:30:00,-0.9263478835201623,-0.7573319180371856,7.053718137702778e-06,7.582526993241184e-06
2020-07-21 12:00:00,-0.3732074866664779,-0.8010282905829531,7.61327473969517e-07,5.414346560203967e-06
2020-07-21 12:30:00,-0.4034196530332028,-0.5708001685615233,7.297304802068216e-07,3.0252970122741903e-06
2020-07-21 13:00:00,-0.6487848221621798,-0.547995535898407,1.4736609778635547e-06,2.272871200961534e-06
2020-07-21 13:30:00,-0.6754162954025488,-0.6737133600173881,1.4474505087984704e-06,2.5471997310080455e-06
2020-07-21 14:00:00,-1.4576218112020056,-0.6873572257842785,6.104158743855876e-06,2.3597727104193124e-06
2020-07-21 14:30:00,-1.1080553298580145,-1.006812800462706,5.203169798731125e-06,5.774373860985377e-06
2020-07-21 15:00:00,-1.6244636358665077,-0.9343172378361561,1.1396894508493778e-05,5.276966521553806e-06
2020-07-21 15:30:00,-0.02213658735906475,-1.2051496827572374,3.3785847183613354e-09,1.2419277705017137e-05
2020-07-21 16:00:00,-0.12580947002317477,-0.5770097407917134,1.7306374987759158e-07,7.455258910890724e-06
2020-07-21 16:30:00,-1.1619921110474252,-0.5744060379154005,4.136764098601836e-06,2.0798113845024724e-06
2020-07-21 17:00:00,-0.5719770568847766,-0.9334072399523501,3.594810045121896e-07,1.340701180792335e-06
2020-07-21 17:30:00,-1.8146006351084627,-0.6796523086046136,7.159699927409e-06,1.7630376969017727e-06
2020-07-21 18:00:00,-0.5306129514892589,-1.1476874422343215,2.421196582746318e-07,1.4327557669235653e-06
2020-07-21 18:30:00,-2.202898958446222,-0.7064428182673675,2.4612003743888308e-05,4.3006535453505765e-06
2020-07-21 19:00:00,-0.10168079808881032,-1.453315958030878,1.0252233476571709e-08,2.440378579021433e-06
2020-07-21 19:30:00,-0.5099880990269998,-0.6121792997321687,2.214561658412088e-07,6.161762834319164e-07
2020-07-21 20:00:00,-1.0256526364818506,-0.7524511988257601,1.1476410662294705e-06,9.983121676285844e-07
2020-07-21 20:30:00,-1.1168148005652154,-0.8879431878859461,4.284602280777274e-06,3.90697008958793e-06
2020-07-21 21:00:00,0.1196114911985682,-0.964330895047009,2.4545608537024332e-08,2.194029913721456e-06
2020-07-21 21:30:00,-0.9423112328371949,-0.3577231221538082,2.362896323146102e-06,1.2689750303747133e-06
2020-07-21 22:00:00,-1.8056266335906073,-0.7926053292639286,7.940534545498989e-06,2.379817329837939e-06
2020-07-21 22:30:00,-0.5715473263324212,-1.1972794842819603,5.370986109139955e-07,2.9305540695550896e-06
2020-07-21 23:00:00,-2.2352597963588736,-0.7175635671514743,7.945816447662815e-06,1.3737096937692374e-06
2020-07-21 23:30:00,-0.8456643607276362,-1.407405228027061,8.697295305012459e-07,2.8332597369294743e-06
2020-07-22 00:00:00,-2.0169775512491395,-0.9670431068917026,4.6668849234826984e-06,1.4730409273768507e-06
2020-07-22 00:30:00,-0.8392635886354108,-1.4683075982427702,6.803700939379326e-07,2.4195043235809113e-06
2020-07-22 01:00:00,0.42034443783185227,-0.9799304683979003,1.8626063495488303e-07,1.3800816266642563e-06
2020-07-22 01:30:00,-0.0838657131105727,-0.4511732567219708,9.589384188366854e-09,7.532191698901022e-07
2020-07-22 02:00:00,-1.4392385206998781,-0.4890768049790267,4.338990205325364e-06,1.2318907632266373e-06
2020-07-22 02:30:00,-1.211734043935951,-1.0242455687508145,4.3123939932760854e-06,4.105866050877403e-06
2020-07-22 03:00:00,-0.8253803274974509,-0.8882022770815725,1.259057992327064e-06,2.102834456777437e-06
2020-07-22 03:30:00,-0.9142217171789923,-0.7451573679452512,3.8014505859009506e-06,4.112366659240793e-06
2020-07-22 04:00:00,0.5458462266890652,-0.860214852417903,9.268769805884531e-07,3.387331908802146e-06
2020-07-22 04:30:00,-0.8946290046345312,-0.2854778061609502,2.7571673803004564e-06,1.4826820975785546e-06
2020-07-22 05:00:00,0.11689207284904905,-0.7757058078579395,3.3142715703659697e-08,2.3058187268562423e-06
2020-07-22 05:30:00,0.08337013640098387,-0.315464260495525,1.7944588101840535e-08,1.1577004883911766e-06
2020-07-22 06:00:00,0.006413925973686092,-0.2640043859395236,7.986986827348236e-11,8.127063063168877e-07
2020-07-22 06:30:00,-0.3503354046699505,-0.2207796170674628,2.798861382060103e-07,9.067937110637815e-07
2020-07-22 07:00:00,-0.3481619182002475,-0.408044863350832,2.1208492597645254e-07,9.017643619962014e-07
2020-07-22 07:30:00,0.22682034159819592,-0.36022241358706675,9.125889739449718e-08,8.490621091952125e-07
2020-07-22 08:00:00,-0.9862749149971939,-0.14042954759415682,1.9155334715288e-06,7.258960299300994e-07
2020-07-22 08:30:00,0.19923844195804252,-0.650759091490114,6.386927300860465e-08,1.242743377338357e-06
2020-07-22 09:00:00,-1.5451149628000702,-0.20039018631627387,1.1238378377732358e-05,1.8314521513387032e-06
2020-07-22 09:30:00,-1.301602443879833,-0.9142304606910334,3.929410758712052e-06,2.7478045669442135e-06
2020-07-22 10:00:00,-1.0117302137024087,-0.8964856413513373,1.3169207386927539e-05,1.4828735442190135e-05
2020-07-22 10:30:00,-1.3008946379259774,-0.8725624058770757,1.716583829986546e-05,1.126180187742658e-05
2020-07-22 11:00:00,-0.9086797674359703,-0.9959641859633845,7.082265972988123e-06,1.150083353005973e-05
2020-07-22 11:30:00,-0.7474435428294979,-0.9274890923031678,4.567734438513656e-06,9.8859767898798e-06
2020-07-22 12:00:00,-2.2068885413854984,-0.8090364687263227,2.6991989134398208e-05,5.5611671729073715e-06
2020-07-22 12:30:00,-0.8095318260977904,-1.4062963593767042,2.9291190832169297e-06,1.0398851766536588e-05
2020-07-22 13:00:00,-1.6192046671678262,-0.8807310186078516,9.03451643928442e-06,3.875207172355735e-06
2020-07-22 13:30:00,-1.159838165142943,-1.1994062531440952,4.286416237743417e-06,5.695605038018581e-06
2020-07-22 14:00:00,-0.7131125133723083,-1.0578747398635375,1.4349321386025567e-06,4.14229765560903e-06
2020-07-22 14:30:00,-0.8440257710048883,-0.8969752418836054,2.9340216752395453e-06,4.750688519786046e-06
2020-07-22 15:00:00,-0.972343146267132,-0.8526196393446853,3.918367147046223e-06,4.458844125014922e-06
2020-07-22 15:30:00,-1.3240007101557731,-0.9087552962621386,1.2177565295200483e-05,8.160650156517504e-06
2020-07-22 16:00:00,-1.6115389897626693,-1.0198088376946157,2.799228634115811e-05,1.4970323506131279e-05
2020-07-22 16:30:00,0.011208116344254115,-1.158717979188372,3.595183261156907e-10,4.840999779637751e-06
2020-07-22 17:00:00,0.11818837940342238,-0.5248237327072869,1.5016240020364797e-08,6.711714741495104e-07
2020-07-22 17:30:00,-2.505755859293067,-0.4173896847752132,1.3635995035725045e-05,1.1360740749715555e-06
2020-07-22 18:00:00,-1.8255415059452087,-1.4820644908841611,2.7903319319592234e-06,2.1312345478305998e-06
2020-07-22 18:30:00,-0.7965854430622034,-1.2797436846787207,2.052693513155685e-06,6.42657576323336e-06
2020-07-22 19:00:00,-0.7802126899854481,-0.8579479144307021,5.438458375821932e-07,9.693258251509554e-07
2020-07-22 19:30:00,-0.1887663770763486,-0.9058656561051656,2.4348501102186563e-08,7.991362044336111e-07
2020-07-22 20:00:00,0.49690052903475035,-0.7108839749649415,2.111296836577222e-07,7.304642313291316e-07
2020-07-22 20:30:00,-0.6956476566939416,-0.26468160911387345,1.5890889361186444e-06,1.375749624449244e-06
2020-07-22 21:00:00,-0.7682045718308556,-0.6214615225969768,1.031500777975685e-06,1.2849059474853302e-06
2020-07-22 21:30:00,-0.34005039814699506,-0.6512721460131676,3.0031175015852176e-07,2.0076913714548592e-06
2020-07-22 22:00:00,-0.7156919741592033,-0.4607557164531671,1.1899945342481884e-06,1.3037907851412652e-06
2020-07-22 22:30:00,-0.43597219377176477,-0.6285535940946576,2.8401467765579857e-07,1.1116929331316621e-06
2020-07-22 23:00:00,-0.2120786297109824,-0.5848899035804533,6.953786896522638e-08,1.0683261712661926e-06
2020-07-22 23:30:00,-0.45446957425792706,-0.46613094248695747,2.423806183843537e-07,6.644190667846153e-07
2020-07-23 00:00:00,-0.9378532134411832,-0.5305311608133774,9.475860649388949e-07,6.791106861230927e-07
2020-07-23 00:30:00,-0.7899731849857204,-0.7453248671239381,5.640134513227329e-07,8.173916731490139e-07
2020-07-23 01:00:00,-1.0766007482540207,-0.6899102111304843,1.2344335204456607e-06,8.78511832948669e-07
2020-07-23 01:30:00,-1.5669274257408465,-0.8367170345236373,3.305461685322338e-06,1.4122395602911578e-06
2020-07-23 02:00:00,-1.1477532697612203,-1.1023864976433657,2.6984188640702577e-06,3.2040009474177163e-06
2020-07-23 02:30:00,0.01666334260125021,-0.995216246116452,8.036245713110535e-10,3.87636907486056e-06
2020-07-23 03:00:00,0.5396257025557408,-0.5060911737507573,5.335946905630862e-07,1.1086709258754837e-06
2020-07-23 03:30:00,-0.5096656527209177,-0.2212317095392268,1.1534472010164981e-06,1.76660862635195e-06
2020-07-23 04:00:00,-0.6109630437839645,-0.560823476244185,1.0603745432941656e-06,1.884606096544995e-06
2020-07-23 04:30:00,-0.4845935470625289,-0.5307314828195612,6.954161703435029e-07,1.8673581263413406e-06
2020-07-23 05:00:00,-0.7331204442421311,-0.43582826780669065,1.3265262786836913e-06,1.3299365355304443e-06
2020-07-23 05:30:00,-1.0407377466614054,-0.5776023799909672,2.4690708830452978e-06,1.5558576294715012e-06
2020-07-23 06:00:00,-0.7858462388832238,-0.7965260522072871,1.200143236183416e-06,1.911032879238547e-06
2020-07-23 06:30:00,-0.5593138473201895,-0.7126105192528296,6.790907739176401e-07,1.859743069064393e-06
2020-07-23 07:00:00,-1.0122621639346818,-0.6202934796815365,1.7755160541725203e-06,1.271265954020411e-06
2020-07-23 07:30:00,-0.6584494899412937,-0.8193350448986113,7.924828109382349e-07,1.8648113327006474e-06
2020-07-23 08:00:00,-0.13703823332538048,-0.6861121906090187,3.638870300435316e-08,1.5882250137800327e-06
2020-07-23 08:30:00,-0.6553220257986418,-0.4364304740130408,6.841816333665967e-07,8.593117591141779e-07
2020-07-23 09:00:00,-0.5495406488257298,-0.6220851381283551,1.3959846171380605e-06,3.4016877914687487e-06
2020-07-23 09:30:00,-0.6441474183540286,-0.581774411628364,9.010053883120853e-07,1.4925974014351576e-06
2020-07-23 10:00:00,-1.8283537208730933,-0.5906394312616239,4.125097809169282e-05,8.610281927311056e-06
2020-07-23 10:30:00,-0.5838544196919878,-1.1041708410262836,3.288369447073292e-06,1.5126680379185153e-05
2020-07-23 11:00:00,-0.7964796417202387,-0.6815808054872603,5.186135117133776e-06,6.650084465608595e-06
2020-07-23 11:30:00,-0.846544159275869,-0.7695919434727638,5.342135494135443e-06,7.015926449904798e-06
2020-07-23 12:00:00,-0.1367030912216094,-0.8097388570849666,8.630023515775286e-08,4.639156173574883e-06
2020-07-23 12:30:00,0.25894136550567587,-0.5155062354025987,2.6414636949343524e-07,2.4214084134788118e-06
2020-07-23 13:00:00,-0.13283536819829941,-0.22777649316046022,5.475747260169156e-08,1.2437280114154742e-06
2020-07-23 13:30:00,0.15576538724953418,-0.3356087150991175,6.888703026133413e-08,1.3103866870199638e-06
2020-07-23 14:00:00,0.5962204862313081,-0.16105196124249804,8.550436907401563e-07,9.016106196709926e-07
2020-07-23 14:30:00,0.5962204862313081,0.1053826430432041,1.2844334189482968e-06,1.3007930000352238e-06
2020-07-23 15:00:00,0.8375373917215435,0.16402704045505634,2.6076662554683835e-06,1.3970347014635925e-06
2020-07-23 15:30:00,0.34656110355399955,0.29580401831873193,7.411134680476509e-07,2.692841902698782e-06
2020-07-23 16:00:00,0.6139627089739542,0.14880788111762966,3.6666426248000025e-06,3.60920014603814e-06
2020-07-23 16:30:00,0.10115564173423196,0.2835586697297866,2.6284886007644932e-08,1.1027914622413741e-06
2020-07-23 17:00:00,-0.07885134995031177,0.06885497033726645,6.269336168042875e-09,3.5658837312629417e-07
2020-07-23 17:30:00,-1.5697355712355459,-0.03723973867654995,5.344924356583083e-06,7.598250610158835e-07
2020-07-23 18:00:00,-0.18207025403362598,-0.7395803648276531,2.7105413451167166e-08,7.325342804975065e-07
2020-07-23 18:30:00,-1.1149989569503111,-0.2658613270190815,3.972764289282189e-06,1.3407939683036544e-06
2020-07-23 19:00:00,-0.6321428943034347,-0.7181575501802497,3.268395479508837e-07,7.07204602786345e-07
2020-07-23 19:30:00,0.46972703698068863,-0.5906248428344123,1.515669432742676e-07,4.792986550930781e-07
2020-07-23 20:00:00,-0.07511114614202774,-0.14632586153728594,4.969306425661723e-09,3.2617834577108586e-07
2020-07-23 20:30:00,-0.7604771906684558,-0.24148055153882123,1.4717625674963684e-06,1.0363058515823755e-06
2020-07-23 21:00:00,-0.6508915194371028,-0.5296301098954617,6.887390308607915e-07,1.0232234318272416e-06
2020-07-23 21:30:00,-1.8863520108980736,-0.4587686732575692,8.819596566953114e-06,1.3864435786507069e-06
2020-07-23 22:00:00,0.015506697827200319,-0.9958426733306041,4.4576546807159424e-10,2.485239088163464e-06
2020-07-23 22:30:00,-0.34491577024911446,-0.3317967586529258,1.6480951586765036e-07,6.358570914472069e-07
2020-07-23 23:00:00,-0.5194129830136988,-0.47246532785294515,3.775571206381151e-07,8.006590624977938e-07
2020-07-23 23:30:00,0.3552523031202336,-0.5190877052788935,1.347651403298252e-07,6.602984696925349e-07
2020-07-24 00:00:00,0.9953032362685517,-0.12855223665185628,8.111060836866447e-07,2.9920380662804996e-07
2020-07-24 00:30:00,1.105756933678944,0.30223341309168106,9.323439541599407e-07,3.3570074323696913e-07
2020-07-24 01:00:00,0.9025662921613864,0.42176955518117376,7.876052382295737e-07,5.093172490508007e-07
2020-07-24 01:30:00,0.10881153556976093,0.433603307897646,1.4944325856427323e-08,6.776887208115066e-07
2020-07-24 02:00:00,-0.023201807766394137,0.18879463645119043,1.030432445442198e-09,7.360755993700338e-07
2020-07-24 02:30:00,-0.0623913641354143,0.11638933174133181,1.091396138098946e-08,1.0161985474039863e-06
2020-07-24 03:00:00,0.4166482869528499,0.030291801793855322,3.173976896819932e-07,6.39598578124918e-07
2020-07-24 03:30:00,-0.15020260617302872,0.15914375132351632,8.612348930069255e-08,1.4285738228965544e-06
2020-07-24 04:00:00,0.25011327740517797,-0.11929030469131746,1.5895580539763087e-07,9.227126523405151e-07
2020-07-24 04:30:00,0.3006362352053413,0.03545197872809325,2.3214420415188983e-07,8.993714465624554e-07
2020-07-24 05:00:00,-0.14500297144688162,0.07498156114735405,4.7589576840287364e-08,8.024219164578347e-07
2020-07-24 05:30:00,-0.8576386250388612,-0.09216932133959582,1.5051840200463023e-06,7.313594640537221e-07
2020-07-24 06:00:00,-0.6913445214096051,-0.43650592627288853,7.639779952195629e-07,8.622509915513638e-07
2020-07-24 06:30:00,0.11306527008204796,-0.40758472433554455,2.682458722525365e-08,1.0806972334486256e-06
2020-07-24 07:00:00,0.14818511588553013,-0.12329037055893305,3.409370349875994e-08,5.65311131459118e-07
2020-07-24 07:30:00,0.748654006959205,-0.11254286076990028,9.422115828898958e-07,6.078197836372233e-07
2020-07-24 08:00:00,0.5338256725038426,0.17182505364250678,4.84739698530959e-07,6.437086728718936e-07
2020-07-24 08:30:00,-0.023362709249218735,0.18726222511382995,7.763765562905647e-10,5.461616884290067e-07
2020-07-24 09:00:00,-0.9444260269162613,0.029462532640658623,3.511486386173292e-06,1.377008120809988e-06
2020-07-24 09:30:00,-0.19422310375604498,-0.3728523567407894,7.597969190321003e-08,9.827528017390537e-07
2020-07-24 10:00:00,0.14871253012111083,-0.12081823158873678,2.405493381139736e-07,3.953767795643658e-06
2020-07-24 10:30:00,-0.6471738428000052,-0.024147897880656966,3.6817719976905915e-06,3.07215035836048e-06
2020-07-24 11:00:00,-0.1946955890204791,-0.39243150484234895,2.947622518741569e-07,3.910608277751634e-06
2020-07-24 11:30:00,-1.0743686833536201,-0.23784803923437933,8.193633273693361e-06,2.8782696867142673e-06
2020-07-24 12:00:00,0.5994962819250678,-0.5694130994118527,1.4959647158300306e-06,2.801875280005263e-06
2020-07-24 12:30:00,0.09819057656637478,0.09194967312729185,3.6658909686394504e-08,1.3587536649268123e-06
2020-07-24 13:00:00,-0.12134012697600252,-0.0957375441171972,4.2852856239453e-08,1.042161030659926e-06
2020-07-24 13:30:00,0.46694146180301066,-0.14689127793078804,6.067140062770343e-07,1.0309121574594403e-06
2020-07-24 14:00:00,0.38849227203226283,0.10992889943333639,3.780128728316339e-07,9.041311936053958e-07
2020-07-24 14:30:00,-0.34992689591183834,0.1794383978389148,4.916700995541367e-07,1.5302315560623307e-06
2020-07-24 15:00:00,0.07453041203654463,-0.1500371130329457,2.2210739646181195e-08,1.4850877118602274e-06
2020-07-24 15:30:00,-0.16957773479521213,0.0038473666247673677,1.6750198906803943e-07,2.0323709971374565e-06
2020-07-24 16:00:00,0.07262058424539439,-0.09137395703918372,5.2511250265550434e-08,3.5571763963734347e-06
2020-07-24 16:30:00,-0.023781611015834543,-0.02793403418424978,1.428450802224468e-09,8.831921616477404e-07
2020-07-24 17:00:00,-0.43777086292949,-0.08959640865896129,1.6898804566680107e-07,3.147339301859546e-07
2020-07-24 17:30:00,-0.7969756202077207,-0.24851846478953887,1.3743181937794253e-06,8.885507290156937e-07
2020-07-24 18:00:00,0.0043206986934744215,-0.4388157114239057,1.5712943668202217e-11,4.5573898297413076e-07
2020-07-24 18:30:00,-1.3209472891925653,-0.13146388860672814,5.4518982768758875e-06,1.1441313334022433e-06
2020-07-24 19:00:00,-1.0003866687288487,-0.7079444804322299,7.849220661839518e-07,6.667358777102473e-07
2020-07-24 19:30:00,0.5215347907331598,-0.661092612436325,1.839402218581873e-07,5.314984490865812e-07
2020-07-24 20:00:00,0.1754744828976285,-0.044444872384553136,2.5916741522202912e-08,2.953293351385843e-07
2020-07-26 18:30:00,1.1130128338699106,-0.10968091310128397,3.8111059271619097e-06,1.1103880585971575e-06
2020-07-26 19:00:00,1.111478320390461,0.30676451882047195,9.473314823402017e-07,3.3971060029646854e-07
2020-07-26 19:30:00,1.2615489112831815,0.47173244917017276,1.0727694588299e-06,3.851795125623365e-07
2020-07-26 20:00:00,0.9747921442341068,0.6862839108514343,7.685937858534541e-07,6.631726952818384e-07
2020-07-26 20:30:00,0.45875329895368466,0.6183916643421896,4.6626564654202034e-07,1.6202278927071433e-06
2020-07-26 21:00:00,0.12771582941964607,0.45250449482141675,2.41813857998129e-08,8.207973345132736e-07
2020-07-26 21:30:00,0.07761220714069697,0.27229647947355506,1.4555134931609075e-08,1.0222195364556316e-06
2020-07-26 22:00:00,0.21093976100119274,0.19003181000964664,8.362543442845617e-08,7.23597434536818e-07
2020-07-26 22:30:00,-0.12741343476969882,0.17856179047162735,2.1742119425425996e-08,5.099782524927558e-07
2020-07-26 23:00:00,0.9907683620137885,-0.018658508747143587,1.347513640752672e-06,4.794289954788941e-07
2020-07-26 23:30:00,-0.13539802630912356,0.4285653354789838,1.8829887892333977e-08,5.4701492759631e-07
2020-07-27 00:00:00,0.2222269954252928,0.0036724398594903396,4.5276453330066515e-08,3.1988789994792017e-07
2020-07-27 00:30:00,-0.5488777235816555,0.14254513523010615,2.5158381826652613e-07,3.0833078322877173e-07
2020-07-27 01:00:00,-0.6386562295226141,-0.18970836511089398,4.1903695591005124e-07,3.954166777606804e-07
2020-07-27 01:30:00,-0.9202004566295331,-0.2568902082312824,1.0649001690062226e-06,5.217719822621451e-07
2020-07-27 02:00:00,-0.44323242961559567,-0.4875871592632124,3.732998112513343e-07,1.1147258340066134e-06
2020-07-27 02:30:00,-0.5320178767150304,-0.3351968792595749,7.691679131342732e-07,1.2534661227090573e-06
2020-07-27 03:00:00,-0.676378592335061,-0.4193166519126559,8.429973576573947e-07,9.668972411009537e-07
2020-07-27 03:30:00,-0.5078658569920969,-0.4831619704721611,9.562765765498773e-07,2.1590712311522382e-06
2020-07-27 04:00:00,-0.2757324837436062,-0.41345827988877026,1.978085976892366e-07,1.3525282005259204e-06
2020-07-27 04:30:00,-0.8727203843505354,-0.2835028959712482,1.942074887697369e-06,1.0945894380598203e-06
2020-07-27 05:00:00,-0.391884961352622,-0.5319745891878965,3.487983782396513e-07,1.4351729485276244e-06
2020-07-27 05:30:00,0.011893754523860215,-0.3439026742526896,2.767070350850774e-10,9.138128938828103e-07
2020-07-27 06:00:00,-0.8313430608834215,-0.14742688150871797,1.0233754906199367e-06,5.488096372850515e-07
2020-07-27 06:30:00,-0.6195777389930566,-0.4799083365853519,7.397569448996733e-07,1.116183951503952e-06
2020-07-27 07:00:00,-0.8282953867585227,-0.428217242094716,1.073127529942498e-06,8.32556446846518e-07
2020-07-27 07:30:00,-0.8986127266457142,-0.5112770085115488,1.4347460577522526e-06,1.0843687391093517e-06
2020-07-27 08:00:00,-1.0448595956627733,-0.5803828523701736,1.9129873712507317e-06,1.2015976328012717e-06
2020-07-27 08:30:00,-0.6222410635840835,-0.715137678156671,5.404700484528834e-07,1.2009247463563468e-06
2020-07-27 09:00:00,-0.7201060790696552,-0.5575438665395149,2.000312977975732e-06,2.545004037074871e-06
2020-07-27 09:30:00,-1.2391328883243644,-0.6058161103167641,3.1412400941611286e-06,1.4646246397516331e-06
2020-07-27 10:00:00,-0.5191670035340616,-0.8286771691349402,2.8678394651905576e-06,1.1018832985910197e-05
2020-07-27 10:30:00,-0.9549312617183953,-0.5456998671904327,7.361357721807188e-06,5.220467876625726e-06
2020-07-27 11:00:00,-1.4032918870305389,-0.7044948969738223,1.2708793817457327e-05,5.45475230770238e-06
2020-07-27 11:30:00,-1.16850962469646,-0.9258243066615519,9.01442843176367e-06,7.96231811978259e-06
2020-07-27 12:00:00,-0.30247144629046385,-0.8819639747423433,3.6789248968722353e-07,4.530896585270252e-06
2020-07-27 12:30:00,-0.7700302040702806,-0.5070092554400136,2.0732856818972567e-06,2.1187863532860374e-06
2020-07-27 13:00:00,-0.9143004433349695,-0.6980779270095164,2.102690461031551e-06,2.1033658917269526e-06
2020-07-27 13:30:00,-1.5712733442786393,-0.7499013882112455,6.384599110142075e-06,2.356509405668666e-06
2020-07-27 14:00:00,-1.5033164204774772,-1.0049798466838882,5.5030244157546105e-06,3.308898989808181e-06
2020-07-27 14:30:00,-1.6387287530241108,-1.005029498750651,1.0203147232325246e-05,5.163388143800335e-06
2020-07-27 15:00:00,-1.0240537365443751,-1.1478498318605386,3.849209356651341e-06,6.116753844321691e-06
2020-07-27 15:30:00,-1.1675728193244528,-0.9444564193311055,7.417294736153224e-06,6.751713495434041e-06
2020-07-27 16:00:00,-1.3680060581705897,-1.0174764640087806,1.7906300779865754e-05,1.3243901327864448e-05
2020-07-27 16:30:00,-1.1819925895313714,-1.082565018753416,3.0158023012000584e-06,3.2829115865057492e-06
2020-07-27 17:00:00,-1.8013679146319919,-0.9994053656880987,2.7964977750577866e-06,1.1614667069932085e-06
2020-07-27 17:30:00,-2.123946567536858,-1.241410541951009,9.807189294583756e-06,4.108842140988922e-06
2020-07-27 18:00:00,-0.6424558128690574,-1.440942348512158,3.478279149746727e-07,2.0437525489216117e-06
2020-07-27 18:30:00,-2.269829825196023,-0.8710136982964636,1.7869022927493862e-05,3.841349156104726e-06
2020-07-27 19:00:00,-1.4675242227141772,-1.5306011660705459,1.8231379285266676e-06,2.278589534660689e-06
2020-07-27 19:30:00,0.2240725241885415,-1.2628371253322133,4.149308601643452e-08,1.606269880859383e-06
2020-07-27 20:00:00,-0.02163269141685564,-0.5089741143077203,4.131053517247137e-10,5.366753302963049e-07
2020-07-27 20:30:00,-0.12669596553280987,-0.45617317127328133,3.323260138510111e-08,1.1531613020169265e-06
2020-07-27 21:00:00,-0.7086953660658836,-0.45593485227852537,6.809525655942863e-07,7.548826543449495e-07
2020-07-27 21:30:00,-1.0146420464896582,-0.5666526754989235,2.3449035236754397e-06,1.526060194929868e-06
2020-07-27 22:00:00,-0.8958837366650952,-0.6505881842777823,1.4481824815799288e-06,1.393255188909453e-06
2020-07-27 22:30:00,-0.6472634980900555,-0.6787470544264189,5.422127459130357e-07,1.0477972083278542e-06
2020-07-27 23:00:00,-1.2517011429703648,-0.6284267733733718,2.017218166112335e-06,9.576794089894075e-07
2020-07-27 23:30:00,0.48395086118753794,-0.9238854681969707,2.142785348436891e-07,1.1001419356635532e-06
2020-07-28 00:00:00,0.3997136667861062,-0.20341300435353107,1.3107312768846476e-07,3.2017661435891004e-07
2020-07-28 00:30:00,0.3343405700525733,-0.13234639610392368,8.130487265019211e-08,2.6651003030766696e-07
2020-07-28 01:00:00,-1.0143817943974252,-0.07209595502868693,9.317779474728481e-07,3.206520813660224e-07
2020-07-28 01:30:00,-0.17816371707972548,-0.5895235607199771,3.286984119600278e-08,7.211775477717915e-07
2020-07-28 02:00:00,-0.9881631537721737,-0.21146903777761486,1.7408255553662657e-06,7.017385000880928e-07
2020-07-28 02:30:00,-1.4646817593943642,-0.6002653283036423,5.0465509245460164e-06,1.6683562020037669e-06
2020-07-28 03:00:00,-0.8809610333686075,-0.8970678254605279,1.230922349065187e-06,1.8297192028868706e-06
2020-07-28 03:30:00,-0.2669917043886627,-0.7612571176854444,2.401892320166704e-07,3.128235304318607e-06
2020-07-28 04:00:00,-0.2892273986981801,-0.4863543186601915,2.1304762004118853e-07,1.4910127947949369e-06
2020-07-28 04:30:00,-0.4370783508474327,-0.4977424749413535,4.4321392926928286e-07,1.3842465130480497e-06
2020-07-28 05:00:00,-1.7588953766295206,-0.5118492203745914,6.970709910226628e-06,1.376450120432246e-06
2020-07-28 05:30:00,-0.8621183468851615,-1.0170513170254618,1.4499609268229448e-06,2.6985914955594594e-06
2020-07-28 06:00:00,0.4331741766812703,-0.6851949432556896,2.6556677002527424e-07,1.1582721020099232e-06
2020-07-28 06:30:00,-0.19522026121253125,-0.15273429724756177,6.64475751291079e-08,6.489919768698049e-07
2020-07-28 07:00:00,-1.2519859787548018,-0.37291861614805244,2.237559228050204e-06,6.965754004298696e-07
2020-07-28 07:30:00,-0.2282944352112334,-0.80532937693307,9.200515524892914e-08,1.7608219740255912e-06
2020-07-28 08:00:00,0.1521363531473138,-0.3261789207239825,3.6083773436705694e-08,7.098026313696293e-07
2020-07-28 08:30:00,-0.4440283141849204,-0.12235318695420605,2.654074318169288e-07,4.898234746992469e-07
2020-07-28 09:00:00,-1.5563426766434512,-0.3990020391229594,9.227303313483886e-06,1.935604695158905e-06
2020-07-28 09:30:00,-1.2999355856907615,-0.9007835848227629,3.3557098495069665e-06,2.304175519223883e-06
2020-07-28 10:00:00,-0.32651938210050246,-0.8143385281295936,1.0793273519453421e-06,1.0245578337012025e-05
2020-07-28 10:30:00,-0.8279787132182947,-0.46126865235661635,5.128523677358161e-06,4.201797292683974e-06
2020-07-28 11:00:00,-0.4190125638339354,-0.7081805971858361,1.0374840011196012e-06,5.025290669377367e-06
2020-07-28 11:30:00,-0.5848200156734468,-0.5564541386596986,2.218362472018119e-06,4.271414236095383e-06
2020-07-28 12:00:00,-0.8681018667652801,-0.5500237879579528,2.9834881505817493e-06,2.578985054522886e-06
2020-07-28 12:30:00,-0.5616895709656714,-0.6332835488953671,1.04343543966593e-06,2.4803024526739204e-06
2020-07-28 13:00:00,-0.8863793986707121,-0.5436152903217377,1.9651940526286105e-06,1.6118855877035277e-06
2020-07-28 13:30:00,-0.5249019529298051,-0.6741768482657767,7.086640577249388e-07,2.066446716635533e-06
2020-07-28 14:00:00,-1.123444570843362,-0.5483327972189171,2.9926136684010595e-06,1.5401862450376623e-06
2020-07-28 14:30:00,-1.2554273917808372,-0.807717427549949,5.8777200201430756e-06,3.7341657124384136e-06
2020-07-28 15:00:00,-0.5763402670288972,-0.883760175266159,1.173540818261514e-06,3.99202264676814e-06
2020-07-28 15:30:00,-0.5934547610764974,-0.633213334892616,1.8878696000985163e-06,4.019546310525398e-06
2020-07-28 16:00:00,-0.3104287860661297,-0.6198331893098479,8.763172911069845e-07,6.66648951572153e-06
2020-07-28 16:30:00,-0.20727929717929125,-0.5031109771899952,8.906552685802833e-08,1.247986603811752e-06
2020-07-28 17:00:00,-0.829453933533932,-0.40571859587078063,5.348034959039244e-07,3.991695703889413e-07
2020-07-28 17:30:00,-0.885638048136023,-0.6077725264475283,1.649612334271882e-06,1.5106653296504914e-06
2020-07-28 18:00:00,-0.21215151031827026,-0.644533005546217,3.67511564155755e-08,6.241028307172655e-07
2020-07-28 18:30:00,-0.7342395262738023,-0.3700875431317171,1.8643875688439045e-06,1.6802620875134642e-06
2020-07-28 19:00:00,-0.6339294540329283,-0.5941234457749209,3.3403113901362626e-07,5.834051395430256e-07
2020-07-28 19:30:00,-0.5142446400939821,-0.5885065047649753,2.255776365246811e-07,5.930507121924409e-07
2020-07-28 20:00:00,-0.5397329682819568,-0.521101853551034,2.624273136045047e-07,5.589290113193506e-07
2020-07-28 20:30:00,-1.4730741720939975,-0.5106875838350013,4.343675905907906e-06,1.2204680157975335e-06
2020-07-28 21:00:00,-0.5651229815198647,-0.9436640912212264,4.134811258983388e-07,1.6046572323925203e-06
2020-07-28 21:30:00,-0.7004661411071796,-0.603028967999762,1.0741024377653456e-06,1.5598530466818546e-06
2020-07-28 22:00:00,-0.16751140301242112,-0.6518887251642862,4.902292993381395e-08,1.3519881296712185e-06
2020-07-28 22:30:00,-0.6813786938976115,-0.4290121064278858,5.886120477185677e-07,6.756791017900382e-07
2020-07-28 23:00:00,-1.05485661743937,-0.6281713288790661,1.3938216588512676e-06,9.313254371896696e-07
2020-07-28 23:30:00,-0.6313011712775601,-0.7386267783308614,3.809784816869037e-07,8.55053527201622e-07
2020-07-29 00:00:00,0.005888152500357705,-0.5901650752120511,2.968040460046628e-11,5.968518033624492e-07
2020-07-29 00:30:00,-0.6754204591802466,-0.30761094604724626,3.424502854063146e-07,3.329413448189065e-07
2020-07-29 01:00:00,0.05837504207181159,-0.5893003662869287,3.067480122123876e-09,6.266807619245032e-07
2020-07-29 01:30:00,-0.40518976258347994,-0.270218991491205,1.7069007448481784e-07,4.386526615014563e-07
2020-07-29 02:00:00,-0.2979902928970964,-0.39446071668257,1.2645063069759175e-07,7.184196220059023e-07
2020-07-29 02:30:00,-0.5412558915134628,-0.3331922379611022,6.429606188399776e-07,1.0093914032020816e-06
2020-07-29 03:00:00,-0.42432056703631965,-0.4554503314016841,2.677718724522938e-07,8.273970774347259e-07
2020-07-29 03:30:00,-1.0089274763073612,-0.39206479964956953,3.1160872375887894e-06,1.5386005377653389e-06
2020-07-29 04:00:00,-0.35714889509024583,-0.6782905701751705,3.119726193383849e-07,1.978587110281606e-06
2020-07-29 04:30:00,-0.27059298949786953,-0.4364413995916246,1.5765738113650555e-07,1.1613891889039675e-06
2020-07-29 05:00:00,-0.9285387808201436,-0.40323478766211585,1.6806392067812877e-06,9.970557976535304e-07
2020-07-29 05:30:00,-0.3964234883013845,-0.6730980908373199,2.805169014501971e-07,1.4315090735333402e-06
2020-07-29 06:00:00,-0.7299070060132765,-0.474973938269691,7.654709277335504e-07,8.254383323952617e-07
2020-07-29 06:30:00,-0.8516099989597246,-0.5774469220989118,1.2606466631088209e-06,1.186086908158345e-06
2020-07-29 07:00:00,-0.7798865554695941,-0.6583372691995573,8.577344969142801e-07,1.1032357651210996e-06
2020-07-29 07:30:00,-1.0559094575575594,-0.6651185971727392,1.9651416121146944e-06,1.3946741661376757e-06
2020-07-29 08:00:00,0.28866565950531436,-0.7762681325025551,1.2592019911872986e-07,1.4378410142332144e-06
2020-07-29 08:30:00,-0.3853162737478865,-0.23743080105465575,1.905205625924108e-07,5.200634617722625e-07
2020-07-29 09:00:00,-1.8705732984645866,-0.4601872247717584,1.3175518785328969e-05,2.1111940306297914e-06
2020-07-29 09:30:00,-1.2398856549455266,-1.0731063188925323,2.8469606737502823e-06,2.7787028073239946e-06
2020-07-29 10:00:00,-0.9285600275139103,-0.8793531479379866,8.527868212067198e-06,1.1098810934061898e-05
2020-07-29 10:30:00,-1.8333307758187158,-0.7610462834057177,2.4490843660068127e-05,6.762594406655771e-06
2020-07-29 11:00:00,-2.31719297157962,-1.2409907642307292,3.0631682062605456e-05,1.0776283232074324e-05
2020-07-29 11:30:00,-1.6979775348116302,-1.5549854545981487,1.856121684805703e-05,1.781283371658004e-05
2020-07-29 12:00:00,-2.0914107787785046,-1.323412516141032,1.7091489492378647e-05,8.207049485496631e-06
2020-07-29 12:30:00,-1.0817769901358925,-1.5323663811962,3.840472641660549e-06,8.851111943247387e-06
2020-07-29 13:00:00,-1.3138699753324614,-1.1814879061967236,3.987628801060807e-06,4.030503108352049e-06
2020-07-29 13:30:00,-1.0711141545253673,-1.2365489740697972,2.7643790660908517e-06,4.524922244485849e-06
2020-07-29 14:00:00,-1.4474458345610157,-1.0748865593763486,4.828360551285909e-06,3.466764598219224e-06
2020-07-29 14:30:00,0.8073933493780537,-1.2023463047154044,2.330903032668809e-06,6.4166219186469415e-06
2020-07-29 15:00:00,-0.45385683291188045,-0.18538702470095392,7.340228969513304e-07,1.3657649933411735e-06
2020-07-29 15:30:00,0.30224540194002825,-0.6030382247254169,4.813685397009582e-07,3.7547184811218586e-06
2020-07-29 16:00:00,-0.5098266318738646,-0.2173047326401344,2.20487786342518e-06,3.3602290365992126e-06
2020-07-29 16:30:00,-0.22289677665057314,-0.4731186324827503,1.0257481145599671e-07,1.1824761497339391e-06
2020-07-29 17:00:00,-0.507560224374974,-0.2876637117289993,1.9016572407330375e-07,3.1863265164024057e-07
2020-07-29 17:30:00,-1.4231235746609792,-0.4784401347394221,4.2748927633623264e-06,1.2196129932277298e-06
2020-07-29 18:00:00,-0.9785008588314054,-0.8783736042379011,7.982842252373305e-07,9.341663153253891e-07
2020-07-29 18:30:00,-1.7714037677294039,-0.8037418354185573,9.18584461664001e-06,2.9124887584649586e-06
2020-07-29 19:00:00,-1.3286095779556344,-1.1818052252092288,1.3519857426453621e-06,1.3369442121461644e-06
2020-07-29 19:30:00,0.3708382623058698,-1.0957725020939608,1.1533784486209244e-07,1.2996533316986885e-06
2020-07-29 20:00:00,-0.990103099800435,-0.41295606531947426,8.617502988792241e-07,4.5661561811065983e-07
2020-07-29 20:30:00,-0.8144864634834474,-0.8806758287578601,1.3036325659788562e-06,2.209751427170387e-06
2020-07-29 21:00:00,-0.9021830146285139,-0.8118061313268552,1.0217202215224218e-06,1.2652407351576418e-06
2020-07-29 21:30:00,-1.480051851817527,-0.7899048372145597,4.613660616460142e-06,2.0489811918974795e-06
2020-07-29 22:00:00,-0.7429259737543106,-1.0086708318182107,9.550187527940451e-07,2.3641366010125882e-06
2020-07-29 22:30:00,-1.0512842678909946,-0.8103789814119784,1.3683769890632977e-06,1.2450799192414855e-06
2020-07-29 23:00:00,-1.1287036425462387,-0.9271818700457387,1.540210487911302e-06,1.4611373606526561e-06
2020-07-29 23:30:00,-0.7085412380195248,-0.9726618678805147,4.705601931068772e-07,1.2137950092797666e-06
2020-07-30 00:00:00,-0.931372247516842,-0.798555710641309,7.563053063019537e-07,8.601778670432279e-07
2020-07-30 00:30:00,-0.22492979801750349,-0.8394799432869373,3.755015485567833e-08,7.819966410093616e-07
2020-07-30 01:00:00,-0.8171612784389348,-0.5384852299748111,6.092517449973055e-07,5.828971532358289e-07
2020-07-30 01:30:00,-0.6064527906035792,-0.7371723347576066,3.522110999509949e-07,8.545385428064716e-07
2020-07-30 02:00:00,-0.6651123419050137,-0.6218345635267369,6.078880765093708e-07,1.010795000849965e-06
2020-07-30 02:30:00,-0.9262625776179829,-0.637641611725879,1.851631318689007e-06,1.630473595239101e-06
2020-07-30 03:00:00,-0.7401473037003574,-0.7301920477476586,7.988490591147141e-07,1.2862846851751538e-06
2020-07-30 03:30:00,0.18284208482154074,-0.7042229780834156,1.005491640268659e-07,2.5409492707986224e-06
2020-07-30 04:00:00,0.34884368071392646,-0.29867751753276195,2.9209823824454634e-07,1.0515978311552117e-06
2020-07-30 04:30:00,-0.050013592828658665,-0.17350833389146644,5.347650920995667e-09,8.102764695248806e-07
2020-07-30 05:00:00,-0.16428854500600754,-0.2744713921512131,5.251239320012621e-08,8.253807419274012e-07
2020-07-30 05:30:00,0.7929803401109369,-0.26435788033900365,1.1339928277906807e-06,7.552274175989333e-07
2020-07-30 06:00:00,0.3680880161172549,0.192884367705626,1.6411671941188605e-07,4.6768706600788834e-07
2020-07-30 06:30:00,0.06499087065768791,0.06142751372689498,7.063502026084977e-09,5.897789469184958e-07
2020-07-30 07:00:00,1.0225529636132276,-0.06036860472689859,1.0945700152163062e-06,3.690515018810646e-07
2020-07-30 07:30:00,0.29243394619955676,0.37510120406093006,1.3845241149390487e-07,7.926620937336468e-07
2020-07-30 08:00:00,0.20854688246795758,0.1501008433244243,6.156238669978781e-08,5.257587847436625e-07
2020-07-30 08:30:00,-0.28717108945306513,0.08294884274600245,9.955215123844876e-08,4.294895803765334e-07
2020-07-30 09:00:00,0.5161538073361787,-0.13614403058098762,9.41446239794054e-07,1.2984320617998107e-06
2020-07-30 09:30:00,-0.10102113161276598,0.19538791926115784,1.6767428325489868e-08,6.359747833483785e-07
2020-07-30 10:00:00,0.18056242573369347,-0.09692818821899668,2.9971677954678063e-07,3.293808795674225e-06
2020-07-30 10:30:00,0.5067084233496021,0.00684568622073678,1.7738075615989409e-06,2.4107425772335416e-06
2020-07-30 11:00:00,0.18947442000873585,0.15209586555464583,1.9087924468698995e-07,1.978064198833091e-06
2020-07-30 11:30:00,0.17731323114948025,0.07463506614795112,1.9119336443395357e-07,2.155617792929799e-06
2020-07-30 12:00:00,-0.507798897858004,0.0558277689105785,9.870216926721466e-07,1.3474348637259078e-06
2020-07-30 12:30:00,0.9724520329622395,-0.2183644361185311,3.0760677717305847e-06,1.2900150484030067e-06
2020-07-30 13:00:00,-0.43500398941661655,0.3836361643170131,3.941624241521392e-07,1.033328670977341e-06
2020-07-30 13:30:00,-0.08777434503644391,-0.1905036187215451,1.8086641531238143e-08,9.042754503895893e-07
2020-07-30 14:00:00,0.005481387785455322,-0.07740090282289319,6.57212670672866e-11,7.762846510201745e-07
2020-07-30 14:30:00,-0.02657776047794149,-0.05203093571707845,2.6811990722816065e-09,1.3346007108278097e-06
2020-07-30 15:00:00,-0.2418383555551745,-0.029335596655054974,2.069279159767121e-07,1.237487614474922e-06
2020-07-30 15:30:00,-0.08449509116369522,-0.1839797945176585,3.8725655641332966e-08,2.0761109743150498e-06
2020-07-30 16:00:00,-0.46919589812058804,-0.09943167389182217,1.8472007823397703e-06,3.0105318411440117e-06
2020-07-30 16:30:00,1.2487972554585496,-0.2679902091677884,3.2339393551170026e-06,8.724507815189189e-07
2020-07-30 17:00:00,1.3452327174978338,0.44513264410519804,1.318729377336198e-06,3.9864211627042207e-07
2020-07-30 17:30:00,-1.4740654810901181,0.580238132790879,4.595917842731345e-06,1.4500906365629383e-06
2020-07-30 18:00:00,0.3077406709425401,-0.5327698423772229,7.89759271607769e-08,5.276591607945355e-07
2020-07-30 18:30:00,-0.2587988065124752,0.13831625611598075,1.9602255374747312e-07,1.077128658451977e-06
2020-07-30 19:00:00,0.7202390600944047,-0.05706230869328266,3.8402679226829354e-07,2.6070219137557325e-07
2020-07-30 19:30:00,-0.2141551083536468,0.2686252869440593,3.8315238550854833e-08,3.5177035649388225e-07
2020-07-30 20:00:00,0.2058223852830375,-0.1775182004621059,3.6487206937623763e-08,3.276510810832802e-07
2020-07-30 20:30:00,0.6597945670300999,0.08535496274025778,8.219890417941982e-07,6.725522276102068e-07
2020-07-30 21:00:00,0.5999609821369034,0.27571043788737915,4.3815715583393396e-07,5.172354527646007e-07
2020-07-30 21:30:00,-0.014954405701265251,0.31554508638734413,4.61521083862599e-10,9.255211932331237e-07
2020-07-30 22:00:00,-0.5611003313345627,0.04277390834154876,5.430945667229876e-07,6.050177487107024e-07
2020-07-30 22:30:00,0.10111422845988897,-0.18094014033323286,1.219100309560055e-08,4.5506056491888155e-07
2020-07-30 23:00:00,0.4798512650813241,0.0521415792129587,2.7058264988394977e-07,4.1319965614689435e-07
2020-07-30 23:30:00,-0.6072048036478799,0.1786290692731317,3.384822133971004e-07,3.4960134021608043e-07
2020-07-31 00:00:00,0.5297297025705813,-0.29804554734781064,2.4012203278238694e-07,3.7456900488714513e-07
2020-07-31 00:30:00,1.1351866068640286,0.153884016875368,9.641650673237045e-07,2.7876481424805067e-07
2020-07-31 01:00:00,0.09714245132943224,0.4946523351167138,8.491670508739001e-09,5.341407537726065e-07
2020-07-31 01:30:00,0.33130489752619147,0.11407959855758487,1.0144036225556263e-07,3.344736333589258e-07
2020-07-31 02:00:00,-0.507741689356396,0.1940352162525747,3.3998232130344405e-07,5.097733751462424e-07
2020-07-31 02:30:00,-0.2971309521804431,-0.10609037342817218,1.777006621305402e-07,7.249101022467195e-07
2020-07-31 03:00:00,0.36024947355852216,-0.08469255217397653,1.886190592149797e-07,5.175102529272497e-07
2020-07-31 03:30:00,0.6069287798267621,0.10618168564459618,1.1382180625983242e-06,1.1129208471186074e-06
2020-07-31 04:00:00,-0.500203472085192,0.2349129661277094,6.050060373767765e-07,9.771003710138711e-07
2020-07-31 04:30:00,-0.2776132121690254,-0.22316553719804094,1.6277203891974385e-07,8.420735258198523e-07
2020-07-31 05:00:00,0.4360342899703992,-0.1254696968161398,3.741338695804677e-07,7.175537294248117e-07
2020-07-31 05:30:00,-0.05793483878117968,0.17887180558072158,6.575908846541193e-09,7.462472919720308e-07
2020-07-31 06:00:00,0.1866655670481022,-0.03448639054842573,4.341361947604275e-08,4.361920035042463e-07
2020-07-31 06:30:00,-0.531631958510355,0.036221631186030834,4.800965452313578e-07,5.948928266480699e-07
2020-07-31 07:00:00,0.4355433585587147,-0.2309742512344957,2.1794346443105896e-07,4.621439370101172e-07
2020-07-31 07:30:00,-0.47312769747140165,0.17063515860019074,3.7495931604669166e-07,6.331974856824279e-07
2020-07-31 08:00:00,-0.6579647308152575,-0.22415862885714824,6.401243926362991e-07,5.901918929026736e-07
2020-07-31 08:30:00,-0.3611962880391839,-0.3324566288796909,1.5176175309570748e-07,5.344334789005517e-07
2020-07-31 09:00:00,-1.1869322060547842,-0.2638401983255476,3.4771912792671997e-06,1.0329644546121828e-06
2020-07-31 09:30:00,-0.3915091069801496,-0.6162057613113262,2.4714120714733493e-07,1.1747809492105372e-06
2020-07-31 10:00:00,0.019413409987828343,-0.3868486773796194,3.5708874957076174e-09,4.723716111373656e-06
2020-07-31 10:30:00,0.3652687230139986,-0.20478129528757583,9.61646303596646e-07,2.816990686215483e-06
2020-07-31 11:00:00,0.43591838451626524,-0.006467120463382547,9.87827133371663e-07,1.8139482455446942e-06
2020-07-31 11:30:00,-0.1464186921071192,0.07506955353931205,1.274406583367206e-07,2.1075402462989855e-06
2020-07-31 12:00:00,0.25532173216181114,-0.07098689244676554,2.481602730401045e-07,1.3473690003549542e-06
2020-07-31 12:30:00,0.478788072960791,0.12260167748311979,7.893442712482408e-07,1.2531420477431773e-06
2020-07-31 13:00:00,1.1664054904277603,0.234048806054715,2.812460352796332e-06,8.344962673194098e-07
2020-07-31 13:30:00,0.6093423073907179,0.5378497138653137,8.924934165001646e-07,1.5340087019957723e-06
2020-07-31 14:00:00,0.0800366220298934,0.351481906404421,1.42427953188917e-08,1.050424663010959e-06
2020-07-31 14:30:00,0.02724457470205919,0.17369896867143453,2.8925894611955075e-09,1.4772325143068388e-06
2020-07-31 15:00:00,0.05343780693959824,0.1424601316222459,1.0142763579587822e-08,1.31134191902029e-06
2020-07-31 15:30:00,0.18839395415739224,0.12666404218320315,1.9640757286639154e-07,2.019535539339725e-06
2020-07-31 16:00:00,0.5140841997962565,0.11076738462131785,2.1747651380911427e-06,2.9720496192665335e-06
2020-07-31 16:30:00,-0.09165657831356637,0.2230499229481685,1.9671625796375075e-08,9.334847957694791e-07
2020-07-31 17:00:00,-0.1622221012058695,-0.005475042518912732,2.4889796257882007e-08,3.300204581018106e-07
2020-07-31 17:30:00,-0.552675193938347,-0.04248098350563306,6.448207922935818e-07,7.403581667775334e-07
2020-07-31 18:00:00,-0.20192265402572535,-0.2289781274854859,3.329203259750334e-08,3.276981771480651e-07
2020-07-31 18:30:00,-1.6141221625806619,-0.12729382325888694,7.848454856316988e-06,1.0998383188296717e-06
2020-07-31 19:00:00,0.33792456103937357,-0.7891279099249844,8.921143469402757e-08,7.590653935835857e-07
2020-07-31 19:30:00,-1.0679853423564463,-0.04842531443975073,9.596152700280556e-07,2.9551396356866823e-07
2020-07-31 20:00:00,0.053088684780463094,-0.6250615785755232,2.532648212562245e-09,6.64614186502863e-07
2020-08-02 18:30:00,0.3351886534148479,-0.17625332184371093,3.343771106718135e-07,1.1308446931916188e-06
2020-08-02 19:00:00,-0.12033545115613846,-0.032573940651169864,1.1801206023447689e-08,2.8520702462555813e-07
2020-08-02 19:30:00,0.9411710224819809,-0.09784232176712704,7.378414516794389e-07,2.98595873908425e-07
2020-08-02 20:00:00,0.9658393853136652,0.3389291233095745,8.245381105749309e-07,4.099277259017565e-07
2020-08-02 20:30:00,0.543044017163018,0.4900471618729919,5.853180799665613e-07,1.1691547757424726e-06
2020-08-02 21:00:00,0.4209999653648958,0.3719115148923352,2.2645108195632981e-07,6.224932992406668e-07
2020-08-02 21:30:00,-0.32328876943718665,0.3344132053147787,2.1990774558009572e-07,9.6941295982116e-07
2020-08-02 22:00:00,-0.22057381601486864,0.04915850374432584,8.199648660955713e-08,5.920893193174428e-07
2020-08-02 22:30:00,0.15041513021597688,0.01096413643961286,2.7253904188758622e-08,4.2043371964091156e-07
2020-08-02 23:00:00,-0.6333522459814376,0.09257240833601521,4.875079882567905e-07,4.3444173261332655e-07
2020-08-02 23:30:00,-0.7492506052066954,-0.27267353134950184,5.017225099796835e-07,3.7827556165621534e-07
2020-08-03 00:00:00,-0.47594435252419054,-0.3995392791153743,2.054449884077942e-07,4.612135447883578e-07
2020-08-03 00:30:00,-0.18797532328431987,-0.31496906088976034,2.8819160624798603e-08,3.654777402668548e-07
2020-08-03 01:00:00,-0.6908029207457104,-0.20791033610918616,4.416162171666941e-07,3.628810169654367e-07
2020-08-03 01:30:00,-0.3166887782234534,-0.448454792702401,9.611972142855366e-08,5.271326280235501e-07
2020-08-03 02:00:00,-1.2065346637816383,-0.2931832582033388,1.9108875539257234e-06,5.708242893752407e-07
2020-08-03 02:30:00,-0.5468865518053072,-0.6527522974149765,5.980549290779348e-07,1.549675533304559e-06
2020-08-03 03:00:00,-0.7411709969159135,-0.4230635878781721,8.123163959381182e-07,7.805967648644329e-07
2020-08-03 03:30:00,0.09726873522503424,-0.5345772999916922,3.1236142866112955e-08,2.0953738375834763e-06
2020-08-03 04:00:00,-0.45069203290030807,-0.17734007033313734,4.898023253952105e-07,9.171600097107344e-07
2020-08-03 04:30:00,-0.1045172464149857,-0.38482493341196544,2.2564376957015547e-08,1.026587993654035e-06
2020-08-03 05:00:00,-0.5140682834178681,-0.1864277643990726,5.417770943738913e-07,7.865410682883011e-07
2020-08-03 05:30:00,-0.293425754557799,-0.32722235066325045,1.6828476712624672e-07,8.91230116196031e-07
2020-08-03 06:00:00,-0.46836569498132996,-0.2210259986171807,2.7714906653431316e-07,5.025245703118423e-07
2020-08-03 06:30:00,-0.34850192065879326,-0.3172577457031961,2.0215694793975518e-07,7.482723767579036e-07
2020-08-03 07:00:00,0.47798383978914155,-0.2685446710978667,2.7120304094235847e-07,4.997675355253125e-07
2020-08-03 07:30:00,-1.3624528661794568,0.07214759431505785,3.121126897742696e-06,5.95390794990191e-07
2020-08-03 08:00:00,-0.765882770268712,-0.6565987921578893,8.52274527924015e-07,1.1333454933765997e-06
2020-08-03 08:30:00,-0.14785198443573344,-0.4815388874110126,2.5696612916956752e-08,6.827060744203751e-07
2020-08-03 09:00:00,-1.8015751522677572,-0.2416144863919821,7.924396223499544e-06,9.94381415661297e-07
2020-08-03 09:30:00,-0.6652990992087608,-0.9488469806473802,7.035047042923438e-07,1.9854966205404916e-06
2020-08-03 10:00:00,-1.0264048208663312,-0.6176021238638407,1.041584456772211e-05,7.2206832812850715e-06
2020-08-03 10:30:00,-0.39519516606743693,-0.7295254443984729,1.197038681833999e-06,6.753272621644726e-06
2020-08-03 11:00:00,-0.47440393594834435,-0.47730976579617573,1.2160175518923364e-06,3.1161082775537787e-06
2020-08-03 11:30:00,-1.5664010985834964,-0.5299615895671256,1.504506654029198e-05,3.861565868404739e-06
2020-08-03 12:00:00,-0.9409612852930682,-0.9153360517098836,3.5487163621409427e-06,4.756459127246701e-06
2020-08-03 12:30:00,-0.8601251102661249,-0.7082247231327223,2.7361257064657176e-06,3.145419530385893e-06
2020-08-03 13:00:00,-0.6845624135932686,-0.6699931725543183,1.1124971711465997e-06,1.8939234821965758e-06
2020-08-03 13:30:00,-1.2933785259562036,-0.6284299344829298,4.348783247025993e-06,1.933692293800083e-06
2020-08-03 14:00:00,-1.686473608866394,-0.9061270223323732,6.5949280701599526e-06,2.7128429689948454e-06
2020-08-03 14:30:00,-1.3418455257866742,-1.0645486967747706,7.332011847933236e-06,6.035519469511849e-06
2020-08-03 15:00:00,-2.1190955813619707,-0.9675462794204385,1.6678541753075592e-05,4.772829728771461e-06
2020-08-03 15:30:00,-1.1050138814632748,-1.340909032908666,7.1343375043566256e-06,1.2544047781961878e-05
2020-08-03 16:00:00,-0.050422076934373984,-1.0035454565630961,2.260644314709314e-08,1.205735120437562e-05
2020-08-03 16:30:00,-0.2991064668010529,-0.5413409402144687,2.168022144920788e-07,1.555657615596019e-06
2020-08-03 17:00:00,0.06694280426879717,-0.5402963426954319,4.306176901130405e-09,6.157733873094947e-07
2020-08-03 17:30:00,-1.090718732587358,-0.3144454330063958,2.55384544843114e-06,9.612377403745259e-07
2020-08-03 18:00:00,-0.7752243151408179,-0.6703074022421565,4.956750926525326e-07,6.583565277794599e-07
2020-08-03 18:30:00,-0.453194130946953,-0.5387392087807528,6.446967314570689e-07,2.0062431660977544e-06
2020-08-03 19:00:00,-1.4292826687395448,-0.4493561748941319,1.7191446816079852e-06,4.635402538904387e-07
2020-08-03 19:30:00,-0.836259672827038,-0.8838261522964543,6.417887401239443e-07,1.0370682281681281e-06
2020-08-03 20:00:00,-0.5127650626376746,-0.7370630342119986,2.4390369958239675e-07,8.276099771357849e-07
2020-08-03 20:30:00,-0.5646538389678631,-0.5785560807668721,6.748368573074452e-07,1.4469521682349362e-06
2020-08-03 21:00:00,-1.0013645129061683,-0.5833112438026665,1.324931548721516e-06,9.105938746774264e-07
2020-08-03 21:30:00,0.037043153572054545,-0.7824380127739574,2.762761001593153e-09,1.93508761628171e-06
2020-08-03 22:00:00,-1.0670815049482958,-0.30147302716549407,1.8921079795769642e-06,7.307909123497706e-07
2020-08-03 22:30:00,-0.9923089927628816,-0.7193066202201521,1.1496761562835128e-06,1.011466519489842e-06
2020-08-03 23:00:00,-1.1735739593390813,-0.7246761533813886,1.646019334787489e-06,1.0446084637314365e-06
2020-08-03 23:30:00,-0.9283563919637849,-0.8359198756606425,7.438691089129972e-07,9.042503712621838e-07
2020-08-04 00:00:00,-1.024300132442464,-0.7457880851879415,8.620358489855296e-07,7.436487739521742e-07
2020-08-04 00:30:00,-1.3013315935936496,-0.8483339526496967,1.3681600381256016e-06,8.633055880603161e-07
2020-08-04 01:00:00,-0.5129658345977781,-0.9666227002248935,2.3122901274730422e-07,1.1276654194724096e-06
2020-08-04 01:30:00,-0.6343032560498668,-0.6495247073899957,3.729308742179695e-07,7.144417051110352e-07
2020-08-04 02:00:00,-1.1431778347648873,-0.6580891017055308,1.6338657823697308e-06,9.776551878009454e-07
2020-08-04 02:30:00,-0.3733260302842757,-0.8565924911534704,2.609613983468074e-07,2.0271622018730833e-06
2020-08-04 03:00:00,0.3535177913758907,-0.5288543850954361,1.7895001234475545e-07,9.000678794049469e-07
2020-08-04 03:30:00,-0.46690234403593134,-0.14817443380792011,7.01670057512687e-07,1.193677368250139e-06
2020-08-04 04:00:00,-0.21978456708510213,-0.4337155530911652,1.1313963410349701e-07,1.2577749131206673e-06
2020-08-04 04:30:00,0.2368864920891231,-0.31271766283039837,1.154335842739373e-07,9.188848542752879e-07
2020-08-04 05:00:00,0.175423184886396,-0.05496670836533901,6.272365468716539e-08,7.173056437544652e-07
2020-08-04 05:30:00,-0.8446775539706577,-0.039939135982948015,1.408543259806334e-06,6.919449685465717e-07
2020-08-04 06:00:00,0.4208702182274843,-0.49453139133615287,2.222030643819699e-07,7.444693300184181e-07
2020-08-04 06:30:00,-0.7410759739519348,0.03137559156546832,8.990054580185956e-07,5.727469129920303e-07
2020-08-04 07:00:00,-0.17773619878152647,-0.4241418482138748,3.922969771849282e-08,6.566779717487971e-07
2020-08-04 07:30:00,-0.1625739292169772,-0.2459082923398209,4.387605330134669e-08,6.795850270112791e-07
2020-08-04 08:00:00,-0.276329979980362,-0.25680111297600455,1.099993608927343e-07,5.976170623723899e-07
2020-08-04 08:30:00,-0.5859297924395527,-0.25789693808743575,4.1170821123512464e-07,4.98169645931372e-07
2020-08-04 09:00:00,-0.5292296535933736,-0.4370059709116901,6.766392016188814e-07,1.3042541692746712e-06
2020-08-04 09:30:00,-1.087057728640617,-0.4036322916902681,1.8706688708261975e-06,8.102312809646862e-07
2020-08-04 10:00:00,-1.1226692683345156,-0.6672217137295289,1.2465494483143226e-05,7.853681736796034e-06
2020-08-04 10:30:00,-1.2271474700716691,-0.7500651493798302,1.1321786626033626e-05,6.852949566353453e-06
2020-08-04 11:00:00,-1.4714279526917076,-0.8516345817272966,1.1675017175267269e-05,5.7923873197448936e-06
2020-08-04 11:30:00,-0.9022142820899138,-1.0020133616388385,4.990550071319966e-06,8.294781105469765e-06
2020-08-04 12:00:00,-1.2917570978868675,-0.8203504782460169,6.640537448441592e-06,4.0666771059665085e-06
2020-08-04 12:30:00,-0.9387788064436821,-0.9772950355856149,3.244122481742087e-06,4.800102214328687e-06
2020-08-04 13:00:00,-1.0657924476006986,-0.838428872907037,2.7306427980038317e-06,2.5285946263656053e-06
2020-08-04 13:30:00,-0.9673970702531658,-0.8749070114647396,2.4170923964823985e-06,2.8781307649671166e-06
2020-08-04 14:00:00,-1.2394076219822754,-0.8096923353151455,3.5178252095431475e-06,2.3003665540672003e-06
2020-08-04 14:30:00,-1.1413043829466276,-0.9351148020539742,5.174484912711635e-06,4.8597238183915884e-06
2020-08-04 15:00:00,-0.5510005907520406,-0.890416167840737,1.1046449947197668e-06,4.154192061662001e-06
2020-08-04 15:30:00,-1.2258969857712423,-0.6523566063785571,8.579038691036866e-06,4.4211512177819246e-06
2020-08-04 16:00:00,-0.8215544505214505,-0.9171901670553562,6.1361081296289446e-06,1.0819767425929199e-05
2020-08-04 16:30:00,-1.0324340690840588,-0.764467774452743,2.5969839523041938e-06,2.2739005471672495e-06
2020-08-04 17:00:00,-0.315084903804934,-0.832097269189606,9.839117941614058e-08,1.0319802324749436e-06
2020-08-04 17:30:00,-0.9009182009884268,-0.5211667987957822,1.7318071770139525e-06,1.3239808480548692e-06
2020-08-04 18:00:00,-0.7961944749449292,-0.7632483126304359,5.291395644494517e-07,7.774831870022808e-07
2020-08-04 18:30:00,-1.4288482568263985,-0.6976988950325893,6.592401858186734e-06,2.6984473413675873e-06
2020-08-04 19:00:00,-1.838024006157748,-0.9779061841678163,2.8458062085893227e-06,1.099462802217574e-06
2020-08-04 19:30:00,-2.108298508354419,-1.185907599036927,4.067596080625454e-06,1.6062734968564712e-06
2020-08-04 20:00:00,-1.7305000501107093,-1.4138014118356181,2.8260441435205465e-06,2.2155669055987643e-06
2020-08-04 20:30:00,-1.0742489919784006,-1.3405611936941928,2.370863843797268e-06,4.408872133934682e-06
2020-08-04 21:00:00,-0.5885776029664768,-1.1255310388851436,4.448662597797214e-07,2.074858170056131e-06
2020-08-04 21:30:00,-1.7692507345175965,-0.89485315624608,6.127472971599649e-06,2.2504702006098233e-06
2020-08-04 22:00:00,-0.6918682561710146,-1.3251915837204362,7.213880216885223e-07,3.1723506356424466e-06
2020-08-04 22:30:00,-1.0765226014054667,-0.8405555591412026,1.27140289547874e-06,1.157892530602199e-06
2020-08-04 23:00:00,-1.2279565192602315,-0.938031049703787,1.6566291617224072e-06,1.3500246137798893e-06
2020-08-04 23:30:00,-1.4568381406173097,-1.0044011492612173,1.7779602294703674e-06,1.137392907569759e-06
2020-08-05 00:00:00,-0.3099199279531393,-1.1459468621882976,7.733950185923974e-08,1.3383147741431663e-06
2020-08-05 00:30:00,-1.859321699736584,-0.6321760106693598,2.6723481908001064e-06,5.78633209853128e-07
2020-08-05 01:00:00,-1.0404739182495917,-1.2747980366602025,9.138873962443619e-07,1.6664023703298492e-06
2020-08-05 01:30:00,-0.9691807489811313,-0.9779679632474264,8.518179815040888e-07,1.1837364647763058e-06
2020-08-05 02:00:00,-0.6838358433510835,-0.9368639680664652,5.620695210448009e-07,1.4743297556194412e-06
2020-08-05 02:30:00,-1.1308006641793058,-0.7827699754062158,2.333083656249804e-06,1.7545516002733897e-06
2020-08-05 03:00:00,-0.17353019576935833,-0.9988291369722951,4.43677266278209e-08,1.984006043983414e-06
2020-08-05 03:30:00,-0.6967473577381005,-0.5371943299396422,1.5435208575355026e-06,2.026877841916765e-06
2020-08-05 04:00:00,-0.5123128657093853,-0.7056429200172532,6.173251424177603e-07,1.9917792106801834e-06
2020-08-05 04:30:00,-0.6911648191299403,-0.6058976320967621,9.523284425811797e-07,1.4273957468722727e-06
2020-08-05 05:00:00,-0.5672689304168624,-0.6716957386213875,6.768897850075035e-07,1.6829503945328425e-06
2020-08-05 05:30:00,-0.5049804694835045,-0.5879696386158475,4.822151277539613e-07,1.3135066585997233e-06
2020-08-05 06:00:00,-0.6102514680334485,-0.5883959853759306,4.765690813394887e-07,8.895334340261289e-07
2020-08-05 06:30:00,-1.1701001703410214,-0.6194084679100004,2.0703391887643724e-06,1.1077539111727454e-06
2020-08-05 07:00:00,-0.7205630116937696,-0.8680321570067305,6.370359560293344e-07,1.3525448635209972e-06
2020-08-05 07:30:00,-1.1775574608671933,-0.7024550275025916,2.294742225159876e-06,1.3939886176841377e-06
2020-08-05 08:00:00,-1.2036525871649657,-0.9058202452312646,2.04245960271642e-06,1.6486120603600082e-06
2020-08-05 08:30:00,0.811422986688825,-0.9562710176338405,7.798006807186215e-07,1.4962856143988014e-06
2020-08-05 09:00:00,-0.9901588562938218,-0.1198725995774329,2.376187591472409e-06,8.804426457152742e-07
2020-08-05 09:30:00,-0.7771555942793186,-0.7611379535561872,9.473630006108038e-07,1.4559853606550635e-06
2020-08-05 10:00:00,-1.4070277223589303,-0.6894048305001783,1.9138747661446787e-05,7.967651079880163e-06
2020-08-05 10:30:00,-1.7184812457011138,-0.932779593490403,2.1823769685287687e-05,9.008164938176662e-06
2020-08-05 11:00:00,-1.1495750648945244,-1.0873089449731363,6.955438137657872e-06,8.058704436872229e-06
2020-08-05 11:30:00,-1.4903402204531155,-1.0115454988654995,1.366337355196047e-05,8.440746922201495e-06
2020-08-05 12:00:00,-1.0057903576045328,-1.1708183860559016,3.939901882814328e-06,6.697726143716926e-06
2020-08-05 12:30:00,-1.5693372803630152,-1.0087671122472928,9.013742205913963e-06,5.001336057178989e-06
2020-08-05 13:00:00,-1.050916207923224,-1.2312536638236002,2.601391793259248e-06,4.392603649840782e-06
2020-08-05 13:30:00,-1.5025495839551088,-0.9970501368487277,5.580746014371143e-06,3.319814990382912e-06
2020-08-05 14:00:00,-1.8830771931996213,-1.186668891066014,8.041587081394791e-06,3.98472237568738e-06
2020-08-05 14:30:00,-1.8813482202301162,-1.3558292292716199,1.4037054626270842e-05,8.67403034629333e-06
2020-08-05 15:00:00,-1.8541113316794515,-1.4201405318598694,1.2424555671790118e-05,8.550055815188779e-06
2020-08-05 15:30:00,-1.5754047386070025,-1.4344438531224324,1.3428382891267458e-05,1.3020592204700103e-05
2020-08-05 16:00:00,-0.6688882165488323,-1.3760764167395307,4.023774725989402e-06,2.0167709045438437e-05
2020-08-05 16:30:00,-0.8704937964237501,-0.9938314582299593,1.8360141131650686e-06,3.2385213235344697e-06
2020-08-05 17:00:00,-1.0952902992648998,-1.0021235075903412,1.1933444481325242e-06,1.3460280089976825e-06
2020-08-05 17:30:00,-1.3484948153484804,-1.0347880514071912,3.9255393177112715e-06,3.064738896370319e-06
2020-08-05 18:00:00,-1.4097005869510106,-1.0980646219744568,1.6485041339845412e-06,1.2896387015608002e-06
2020-08-05 18:30:00,-1.795589957578976,-1.1157256082749805,7.302434269077857e-06,3.6097079424090828e-06
2020-08-05 19:00:00,-1.640045613945722,-1.3364592086611595,2.172579862624526e-06,1.7245139333427561e-06
2020-08-05 19:30:00,-0.5005888278293443,-1.3345420940790458,2.100312233620283e-07,1.785177937532886e-06
2020-08-05 20:00:00,-1.2691044640018898,-0.8822451951482115,1.4102053970771485e-06,9.869855799281818e-07
2020-08-05 20:30:00,-0.44050882553672566,-1.156553731130439,3.857986191883659e-07,3.3530676068136448e-06
2020-08-05 21:00:00,-0.9847479773086244,-0.7894229343151252,1.2316805081267418e-06,1.2346793122452568e-06
2020-08-05 21:30:00,-1.0309055246715861,-0.9433606186339744,2.036649323774429e-06,2.3740526084860558e-06
2020-08-05 22:00:00,-0.9689753688023562,-0.9220012164008561,1.3412789549963042e-06,1.7128061339914375e-06
2020-08-05 22:30:00,-0.5340078126420498,-0.9306313040634261,2.945945241510372e-07,1.255154029694807e-06
2020-08-05 23:00:00,0.09404784143022697,-0.7204731292755979,9.546414701210871e-09,9.368145614600316e-07
2020-08-05 23:30:00,-1.067419335842715,-0.4485699676341332,9.404121398599874e-07,4.5404867265068935e-07
2020-08-06 00:00:00,-0.9875959967791194,-0.8727854237662203,7.731249451654321e-07,8.803804463788319e-07
2020-08-06 00:30:00,0.0706914478307013,-0.8387566820943211,3.759922999650462e-09,7.918296028342803e-07
2020-08-06 01:00:00,-0.7813586735661898,-0.38124248187661736,4.774829863891079e-07,3.865457901396762e-07
2020-08-06 01:30:00,-0.23251516142150175,-0.7017489760988271,4.645413157346833e-08,7.229360188537736e-07
2020-08-06 02:00:00,-0.5321183779243165,-0.5200441060424656,3.2000602793011534e-07,6.999638539508993e-07
2020-08-06 02:30:00,-0.4172102464958717,-0.5871813829760893,3.0266213724517407e-07,1.2061719366143577e-06
2020-08-06 03:00:00,-0.0701580295188233,-0.5000736591824726,6.527021361574441e-09,7.942710713852671e-07
2020-08-06 03:30:00,-0.4407005219114827,-0.3734676455151194,5.508876135657893e-07,1.3852653184561872e-06
2020-08-06 04:00:00,-0.759668767544433,-0.47751369623940126,1.3318800025524747e-06,1.3314731809844094e-06
2020-08-06 04:30:00,-0.4834600594357638,-0.6224729235920433,4.518722036605227e-07,1.4236152092422214e-06
2020-08-06 05:00:00,-0.28061359236916933,-0.517176186840584,1.2780129665819045e-07,1.000370610949615e-06
2020-08-06 05:30:00,-0.7036035442760126,-0.4306803157390318,8.990084879312821e-07,9.704279306560513e-07
2020-08-06 06:00:00,-0.5822793363618101,-0.6215464679652307,4.075008912312334e-07,8.836570276300236e-07
2020-08-06 06:30:00,-0.6208102153266879,-0.5823520642280418,5.379217353219599e-07,9.603109681347978e-07
2020-08-06 07:00:00,0.6044540346118523,-0.583608275992058,4.293470127907471e-07,8.102442089562971e-07
2020-08-06 07:30:00,-0.4908684519874296,-0.05570688239116678,3.929129068132711e-07,5.740027973278313e-07
2020-08-06 08:00:00,1.015076320504891,-0.4600603465695813,1.4169056013153627e-06,7.708377217954618e-07
2020-08-06 08:30:00,0.4725928204316785,0.2070536037540145,2.8283204141327007e-07,4.961214619499339e-07
2020-08-06 09:00:00,0.07560141073700118,0.09049806085984213,1.372078525793708e-08,8.572312397882519e-07
2020-08-06 09:30:00,-0.776972925035351,-0.004106720434469302,9.204382727844945e-07,5.319932786677221e-07
2020-08-06 10:00:00,-0.6328925336701411,-0.401021235124055,3.78049229434072e-06,4.810822010586848e-06
2020-08-06 10:30:00,-1.453531651517159,-0.35596465792235665,1.528919351793557e-05,3.441820970690573e-06
2020-08-06 11:00:00,-0.34248100297909373,-0.8177142178888186,6.062318048972888e-07,5.2592611373316e-06
2020-08-06 11:30:00,-1.0425097631964786,-0.46802733218014025,6.107174949906119e-06,3.1914693257742604e-06
2020-08-06 12:00:00,-0.5508078374033095,-0.8001942585248267,1.1411774003148188e-06,3.7208508798471185e-06
2020-08-06 12:30:00,-1.4331366424020135,-0.6055585027228478,7.329524785945192e-06,2.553713919973507e-06
2020-08-06 13:00:00,-1.0485789424025935,-0.9795595232104313,2.5014208065108123e-06,2.9767174047057566e-06
2020-08-06 13:30:00,-1.5438767242465123,-0.8199242732348427,5.467652839554292e-06,2.3424840998474718e-06
2020-08-06 14:00:00,-0.7284485774997052,-1.0819247125750207,1.1151838201090444e-06,3.193291295924498e-06
2020-08-06 14:30:00,-0.986334130491313,-0.7690306160070794,3.5911456955650117e-06,3.4710074917824006e-06
2020-08-06 15:00:00,-1.43962029354393,-0.8929880243034566,7.024428913024118e-06,3.885297210859769e-06
2020-08-06 15:30:00,-0.7439511627350015,-1.062749012427018,2.905263787103378e-06,7.760148206096775e-06
2020-08-06 16:00:00,-0.7214754290094865,-0.7951379252411959,4.656181459283727e-06,8.776475769035241e-06
2020-08-06 16:30:00,-1.5819780264008703,-0.7347535197760034,6.0498960403714726e-06,2.1484901128255848e-06
2020-08-06 17:00:00,-1.7306893527533156,-1.1061913900261067,2.925535574969056e-06,1.5359408162305762e-06
2020-08-06 17:30:00,-2.032971705971651,-1.2164559110464983,9.015375323418328e-06,3.9889219354315824e-06
2020-08-06 18:00:00,-0.9259181357300132,-1.376011194876392,7.041279721166748e-07,1.841626907967421e-06
2020-08-06 18:30:00,-1.649500730459917,-0.9894698200985591,5.7408207593394355e-06,2.801890738683163e-06
2020-08-06 19:00:00,-1.619228422657769,-1.3184078546985334,1.970807266301545e-06,1.5688132157257805e-06
2020-08-06 19:30:00,-1.4982883721611457,-1.3170048680756676,1.807517849088873e-06,1.6775096665504623e-06
2020-08-06 20:00:00,-2.1160224487669628,-1.270812669912695,3.744912867788765e-06,1.6425288240149157e-06
2020-08-06 20:30:00,-0.009606161766269633,-1.5091218699534625,1.7818489562017392e-10,5.071351027632164e-06
2020-08-06 21:00:00,-0.689439018868484,-0.6944028595794502,5.982534820831707e-07,1.0460318299127838e-06
2020-08-06 21:30:00,0.0021115164105717406,-0.8829614809001628,8.120732216096209e-12,2.0554944146702944e-06
2020-08-06 22:00:00,-0.6056697393324909,-0.5273830011707598,5.084067864041987e-07,8.690216228221715e-07
2020-08-06 22:30:00,0.2681572854215085,-0.6879793041259801,7.468629189310141e-08,8.539804206437812e-07
2020-08-06 23:00:00,-0.728611805051561,-0.21122093187777163,5.69559765226514e-07,4.2219057529576005e-07
2020-08-06 23:30:00,0.5696648799218212,-0.6144464196062167,2.59549887880053e-07,5.810118003882469e-07
2020-08-07 00:00:00,0.4321643345907688,-0.057482654984157444,1.4368264191735915e-07,2.7095822064516984e-07
2020-08-07 00:30:00,-0.03531965278463376,-0.06964167533934301,9.485106058489563e-10,2.6897196210035093e-07
2020-08-07 01:00:00,-0.5213533195615838,-0.1971951835443386,2.0642129970799804e-07,2.9449873772117224e-07
2020-08-07 01:30:00,-0.4256846711127015,-0.41878131194196055,1.5178393038020563e-07,4.3914918855443683e-07
2020-08-07 02:00:00,0.2639905307798443,-0.3601070657589093,7.295527718585607e-08,5.009943904257748e-07
2020-08-07 02:30:00,0.019903212689609612,-0.12047603088119263,6.677660525806813e-10,6.126062500195581e-07
2020-08-07 03:00:00,-0.3804310143130186,-0.23024392318785472,1.9514681933723725e-07,5.419285376458001e-07
2020-08-07 03:30:00,0.14042833785585188,-0.393562914397087,5.60181628457214e-08,1.4311043685799562e-06
2020-08-07 04:00:00,-0.040351715753418366,-0.15284614031617116,3.6087454983089845e-09,8.250534561601406e-07
2020-08-07 04:30:00,-0.13416108562159182,-0.18821865772198965,3.4767444349241483e-08,7.423707815689676e-07
2020-08-07 05:00:00,-0.8220497034128609,-0.24393075210137966,1.0848340021392425e-06,6.556262272663825e-07
2020-08-07 05:30:00,-0.08033701181661905,-0.5430210981607625,1.1609753448628552e-08,1.158042160397488e-06
2020-08-07 06:00:00,-0.4733081327214872,-0.24662040495855472,2.637612449455277e-07,4.824063661106331e-07
2020-08-07 06:30:00,-0.6054567720978332,-0.4197285252271804,5.067962976604891e-07,7.259168775034e-07
2020-08-07 07:00:00,-0.752231475449788,-0.5024823195194584,7.058208385608814e-07,7.501486370874907e-07
2020-08-07 07:30:00,-0.656983923826779,-0.5909285056150619,6.929697400142421e-07,1.1207813293238718e-06
2020-08-07 08:00:00,-1.5045041943865922,-0.5410462303465654,3.4707639347937293e-06,9.838396552492602e-07
2020-08-07 08:30:00,-0.05584244557062272,-0.940835395008955,4.090715062726852e-09,1.618866237119592e-06
2020-08-07 09:00:00,0.9958739157803121,-0.3790946238952514,2.4712411967562917e-06,1.227475874273053e-06
2020-08-07 09:30:00,-0.3066953730615285,0.11338838164505538,1.4461439651892858e-07,5.561797527142301e-07
2020-08-07 10:00:00,-0.7381972150968227,-0.3241835919996333,5.079865017193988e-06,4.232134158213463e-06
2020-08-07 10:30:00,-0.8394372201295468,-0.4877005605437968,4.794081926585148e-06,3.991942069657685e-06
2020-08-07 11:00:00,-1.089613485573804,-0.4810883076393134,5.466433157213795e-06,2.6720639066983418e-06
2020-08-07 11:30:00,-0.6930149123311513,-0.6461426800303307,2.2869622539164075e-06,3.649472738409761e-06
2020-08-07 12:00:00,-0.5539342214812762,-0.6133933431768737,1.0145504788591412e-06,2.3976543354962e-06
2020-08-07 12:30:00,-0.38099303850548183,-0.5839541873436755,4.6314051773109767e-07,2.2012382989728364e-06
2020-08-07 13:00:00,-0.14388082795392507,-0.5020831738486512,4.333598098553419e-08,1.258082063281563e-06
2020-08-07 13:30:00,0.6747087230197885,-0.3705911835856072,9.276526077131135e-07,9.908373804653177e-07
2020-08-07 14:00:00,0.44333463057501005,0.048589176604809936,3.843812008308288e-07,6.869575825698685e-07
2020-08-07 14:30:00,0.460886211892567,0.04590645726928777,7.655641642658047e-07,1.2650617309081712e-06
2020-08-07 15:00:00,0.35592818831454054,0.12035698468061884,4.187748074864797e-07,1.2012266828865814e-06
2020-08-07 15:30:00,0.2579547982802687,0.13471550038747238,3.303566508924429e-07,1.8223014965808076e-06
2020-08-07 16:00:00,-0.523847715163275,0.13014855547982396,2.2817162742379617e-06,3.041881834941742e-06
2020-08-07 16:30:00,-1.4442763521874211,-0.233773580031467,4.8320736210055716e-06,9.348275395478863e-07
2020-08-07 17:00:00,-2.135744774034616,-0.697927767770349,4.3620191899878945e-06,7.994610825112838e-07
2020-08-07 17:30:00,-2.142052996409398,-1.1291019773186144,9.93198093434489e-06,3.5147997335780233e-06
2020-08-07 18:00:00,-1.2284737225906701,-1.3031983260774362,1.2343037796964752e-06,1.6743887521221145e-06
2020-08-07 18:30:00,-0.04928396455029689,-1.0762823623766966,4.2690654790600694e-09,2.649212832241145e-06
2020-08-07 19:00:00,-0.11904585393849888,-0.6160413343073442,9.758631156305943e-09,5.015740233361657e-07
2020-08-07 19:30:00,-0.8099208112828876,-0.5516304953207977,5.085651180797406e-07,5.064141014741134e-07
2020-08-07 20:00:00,-1.160357536105781,-0.715745610034004,1.066772080064264e-06,6.823204409054664e-07
2020-08-09 18:30:00,0.9356515203166222,-0.781903375679343,1.5381416412850847e-06,1.6871869566332217e-06
2020-08-09 19:00:00,-0.12419842708280497,0.13127258938041808,9.010467089400987e-09,2.13872334801315e-07
2020-08-09 19:30:00,-0.8983340026132407,-0.25607287760572933,6.111306902399949e-07,3.138745316998968e-07
2020-08-09 20:00:00,-0.533089164132081,-0.596735068373772,2.1426166040029319e-07,5.315327619947017e-07
2020-08-09 20:30:00,-0.9937561698460036,-0.4471534150220013,1.9242117213334538e-06,1.0694109828066156e-06
2020-08-09 21:00:00,-0.9065198477564763,-0.6039002327479489,8.987250963260213e-07,7.804138363739732e-07
2020-08-09 21:30:00,-0.7334342763882752,-0.6944834378650997,9.026514197296157e-07,1.394785822914242e-06
2020-08-09 22:00:00,-0.5742854349205605,-0.6694176940596563,4.3532857125145044e-07,1.0520378784455815e-06
2020-08-09 22:30:00,-0.6347063658178076,-0.5899423600137756,4.1588657759364015e-07,7.194825045541814e-07
2020-08-09 23:00:00,-0.4552251299531779,-0.6180148292757988,2.0767034704398488e-07,7.323966315413926e-07
2020-08-09 23:30:00,-0.7482090529240029,-0.5171511578026823,4.2853322810737445e-07,4.7180595209527386e-07
2020-08-10 00:00:00,-1.1434723530556072,-0.6154602590460772,1.0285101116304177e-06,5.724071442316119e-07
2020-08-10 00:30:00,-0.8073688065253665,-0.794188150701566,4.6374902812713194e-07,6.969534157584195e-07
2020-08-10 01:00:00,-1.4270612536435234,-0.6941982749861018,1.416625199408091e-06,5.77926540547594e-07
2020-08-10 01:30:00,-0.7287901473013931,-0.9795050730706272,3.9786889950798994e-07,9.80060108596855e-07
2020-08-10 02:00:00,-0.8530237795412894,-0.7500756961341574,7.304203389239823e-07,9.149854809018144e-07
2020-08-10 02:30:00,-0.7218035460711623,-0.8068068364433229,8.347520649311484e-07,1.6019510816404187e-06
2020-08-10 03:00:00,-1.1067363266303238,-0.7317201367485984,1.5877251156596328e-06,1.1462891148109928e-06
2020-08-10 03:30:00,-0.4518989266532929,-0.8877553497174506,5.754400487006913e-07,3.203922301923813e-06
2020-08-10 04:00:00,-0.8067528259464009,-0.5772067752850382,1.4450207793851548e-06,1.5143324128160376e-06
2020-08-10 04:30:00,0.0366678126740821,-0.7027294610008548,2.4322705194215263e-09,1.524509665736816e-06
2020-08-10 05:00:00,-0.39210637431572826,-0.3324966597911636,2.3452518146308767e-07,7.008494159679477e-07
2020-08-10 05:30:00,-0.45484670298921576,-0.46726602435338277,3.422986356005204e-07,9.385141386321368e-07
2020-08-10 06:00:00,-0.6565555402410861,-0.44855962155359536,4.870208593205156e-07,6.215149918803806e-07
2020-08-10 06:30:00,-1.2123834747532465,-0.5332806336440105,2.0276085946718304e-06,8.735871450993032e-07
2020-08-10 07:00:00,-0.8496618792585215,-0.7606495699021114,8.898751030237818e-07,1.1432611958893688e-06
2020-08-10 07:30:00,-1.2405358462100284,-0.6955858262292172,2.419006218893548e-06,1.308965278250717e-06
2020-08-10 08:00:00,-1.425611339771528,-0.8975304706103243,3.028087300200227e-06,1.7200685036859252e-06
2020-08-10 08:30:00,-2.149592781482227,-1.0313226987988129,5.8204953656306936e-06,1.7792807585240471e-06
2020-08-10 09:00:00,-2.003139790288042,-1.3996125628694183,9.863863228479588e-06,5.673169684834999e-06
2020-08-10 09:30:00,-1.299764447504269,-1.405189945307058,2.2376043714255085e-06,3.0774369247556327e-06
2020-08-10 10:00:00,-1.2499602230729996,-1.1825614381452412,1.346797447828167e-05,1.5062270629029897e-05
2020-08-10 10:30:00,-1.0640243018569653,-1.1680636644845235,6.981501067639876e-06,1.0565072388717397e-05
2020-08-10 11:00:00,0.430328660171006,-1.079786687695176,8.149644878870105e-07,6.666609228369884e-06
2020-08-10 11:30:00,-0.49907065139435214,-0.36513133472049125,1.167829928336261e-06,2.261010035695242e-06
2020-08-10 12:00:00,-0.5976521265653857,-0.603964649198832,1.1502520155909392e-06,2.2982440303324326e-06
2020-08-10 12:30:00,-0.5919743956405074,-0.5925053762155418,1.104814685826059e-06,2.206780217760535e-06
2020-08-10 13:00:00,-0.10688944598566566,-0.5443155161216514,2.3557727054572285e-08,1.3302856555271304e-06
2020-08-10 13:30:00,-0.33668259473966405,-0.3031979695934483,2.476825079864106e-07,9.632193276508248e-07
2020-08-10 14:00:00,-0.12466579602688255,-0.4299984481965696,3.150823475508834e-08,1.0822005926593883e-06
2020-08-10 14:30:00,-0.9499640534280928,-0.32572430123370955,3.45955457954441e-06,1.7442740226312413e-06
2020-08-10 15:00:00,-1.0170206089611593,-0.6478684014564211,3.6127422109035705e-06,2.6847097436442297e-06
2020-08-10 15:30:00,-0.8447650844419962,-0.7019521437420566,3.6732214711310643e-06,4.33211980852256e-06
2020-08-10 16:00:00,-1.218320641479568,-0.6870082478918924,1.2372484126410726e-05,6.842488836779966e-06
2020-08-10 16:30:00,-1.0682214316421235,-0.8842751613038011,2.6147914155843217e-06,2.5912959640684456e-06
2020-08-10 17:00:00,-1.8271406035177855,-0.892945396561593,3.0864573967298214e-06,1.059733467898666e-06
2020-08-10 17:30:00,-1.9800583629990498,-1.2354315070527577,8.510406093741628e-06,4.070427766022839e-06
2020-08-10 18:00:00,-0.6996969919709797,-1.3633592430742265,3.806240063976821e-07,1.7163516727130709e-06
2020-08-10 18:30:00,-2.218392793008917,-0.8923614798301097,9.936266824419833e-06,2.3122325047779513e-06
2020-08-10 19:00:00,-0.6769447286101685,-1.5161379971066131,2.582025103571704e-07,1.4917717746509081e-06
2020-08-10 19:30:00,-1.2138253490744826,-0.9309035876147035,1.1125724211515392e-06,9.178349748607611e-07
2020-08-10 20:00:00,-0.24298617871884312,-1.0886795373671323,4.488303939450782e-08,1.166217698577573e-06
2020-08-10 20:30:00,-1.4514574062332144,-0.6195346076326451,4.0055773545096835e-06,1.3931473233953277e-06
2020-08-10 21:00:00,0.06883677896345651,-1.1074975507846017,5.091594216272327e-09,1.692847514376777e-06
2020-08-10 21:30:00,-1.0731447662850535,-0.3986160527411068,1.9071206121276586e-06,8.409121594387932e-07
2020-08-10 22:00:00,-1.6706051041202914,-0.8329652587954602,3.6182421257908287e-06,1.3518321907210597e-06
2020-08-10 22:30:00,-1.0191712143963727,-1.0811284396212704,1.0514266117461834e-06,1.5363210160855264e-06
2020-08-10 23:00:00,-0.9329536825284399,-0.8956041081921153,8.695203124147275e-07,1.149841061643112e-06
2020-08-10 23:30:00,-0.9410991057928133,-0.8294277724251015,6.530047091504632e-07,7.644729731963818e-07
2020-08-11 00:00:00,-1.8674079323574777,-0.9057458232542697,2.746159223942679e-06,9.207983828063507e-07
2020-08-11 00:30:00,-0.9667135267988389,-1.299726386288278,6.659443082259053e-07,1.4524022913905608e-06
2020-08-11 01:00:00,-0.7806366383648975,-0.9312054827694395,4.1236227934708607e-07,8.228688150797206e-07
2020-08-11 01:30:00,-0.6645883089776137,-0.8488237156545749,3.13413517497315e-07,7.588459469811427e-07
2020-08-11 02:00:00,-0.675940712382658,-0.7919563855236105,4.569494081437712e-07,9.762103760474633e-07
2020-08-11 02:30:00,-0.02487472490141094,-0.7795574529401752,9.561497782660186e-10,1.4782390153823217e-06
2020-08-11 03:00:00,-0.5604358541771601,-0.42337974612237944,3.991563908708933e-07,6.711965779523089e-07
2020-08-11 03:30:00,0.011767625195387627,-0.5878011449667455,3.825021821755238e-10,1.9181077089209534e-06
2020-08-11 04:00:00,-0.6689577535042931,-0.32291398158332996,9.72797857247615e-07,9.85123454887744e-07
2020-08-11 04:30:00,-0.46416032047587136,-0.5678163455514958,3.900177727019829e-07,1.2152780524166198e-06
2020-08-11 05:00:00,-0.6296903334327536,-0.4758733987287206,5.836771459340333e-07,8.469459158525478e-07
2020-08-11 05:30:00,-0.1998105719120713,-0.5716530066142751,6.487450543117325e-08,1.0979522780772797e-06
2020-08-11 06:00:00,-0.28341885906301467,-0.3828745870909969,8.860951291993592e-08,5.465894472218319e-07
2020-08-11 06:30:00,-0.9668121336858612,-0.42156610622502655,1.2489184833656993e-06,7.036333971169462e-07
2020-08-11 07:00:00,-0.20961276929968067,-0.6890140293174354,5.193013084487731e-08,9.734689310557828e-07
2020-08-11 07:30:00,-0.2232050100825996,-0.3872152544397124,7.475321005728942e-08,7.48480266862578e-07
2020-08-11 08:00:00,-0.4235745312392626,-0.36186250834132994,2.6343121816747805e-07,7.045454192157039e-07
2020-08-11 08:30:00,-0.6150516355415442,-0.44356322586635183,4.7109049226281823e-07,6.795084164259452e-07
2020-08-11 09:00:00,-0.3330890683657232,-0.5346516093961139,2.7057282193607976e-07,1.5479909983175073e-06
2020-08-11 09:30:00,-0.17808919558761985,-0.38617955606883625,4.1763054003427524e-08,6.558092900811077e-07
2020-08-11 10:00:00,-0.25382881812051394,-0.32897340438169886,5.319257386589091e-07,3.7740155060128486e-06
2020-08-11 10:30:00,-0.41633153416581004,-0.3542765905946629,1.049632763634544e-06,2.8728654519064635e-06
2020-08-11 11:00:00,-0.4199092806911853,-0.4057152508946803,7.967423589577777e-07,2.3203441098563675e-06
2020-08-11 11:30:00,-1.6083896859521158,-0.39189745366727446,1.224014840507239e-05,2.3775350119175147e-06
2020-08-11 12:00:00,-0.5618132315065066,-0.9082719238796534,1.0135055450163422e-06,3.7692774579265434e-06
2020-08-11 12:30:00,-0.5958468621344513,-0.554716756194447,1.1154727572523175e-06,2.062995497384429e-06
2020-08-11 13:00:00,-0.8890678100295963,-0.5836520567287256,1.6512605219457201e-06,1.440496025514391e-06
2020-08-11 13:30:00,-0.11233413496194201,-0.7206918123806378,2.7126435835053996e-08,1.8665425976126397e-06
2020-08-11 14:00:00,-0.7525016421687587,-0.416319822192075,1.1462535948087974e-06,1.0571144046442227e-06
2020-08-11 14:30:00,-0.2711090603149322,-0.592443938135834,2.5470348908229695e-07,2.4253652351859113e-06
2020-08-11 15:00:00,0.3915623852656467,-0.3981627110870638,4.883018204915646e-07,1.616093448845957e-06
2020-08-11 15:30:00,1.1345718058132424,-0.09170979398773232,5.819405044845221e-06,1.6153322811633754e-06
2020-08-11 16:00:00,0.9601950393213935,0.3190013990544184,6.213544703954473e-06,3.0371926676972937e-06
2020-08-11 16:30:00,1.0687110235204924,0.3317178803026838,2.3724347612870613e-06,9.532954400241649e-07
2020-08-11 17:00:00,1.0435069803471904,0.4996373932205669,8.973284370055767e-07,4.932338187668046e-07
2020-08-11 17:30:00,-0.6061810646490964,0.5852143220413601,7.932428762756912e-07,1.492506642654106e-06
2020-08-11 18:00:00,0.3547527195878194,-0.07636099786635586,9.623976395123753e-08,2.7127107722693104e-07
2020-08-11 18:30:00,-0.30510519722803564,0.22400448304692755,1.8784500481617044e-07,8.053030790600977e-07
2020-08-11 19:00:00,0.5685799721580695,-0.09699793237502069,1.8606372105801327e-07,2.0622298491729616e-07
2020-08-11 19:30:00,-1.1095692901816603,0.19577660459856183,9.375276116277943e-07,2.948788738271691e-07
2020-08-11 20:00:00,0.09535402343774044,-0.5559718255052903,7.078965346802247e-09,5.122965119196486e-07
2020-08-11 20:30:00,0.39661789357991484,-0.07230382993559681,2.7409622052425733e-07,6.170491825615978e-07
2020-08-11 21:00:00,1.2886981499615235,0.0455798250461702,1.6545634368777893e-06,3.4967259138222675e-07
2020-08-11 21:30:00,0.2847202165969852,0.48301021012226064,1.1965494945701842e-07,8.59342280829927e-07
2020-08-11 22:00:00,0.14616369336825363,0.10407858455388452,2.542151900015557e-08,4.2805859697068406e-07
2020-08-11 22:30:00,1.0633107934003885,0.13758701586726052,1.0045294832875706e-06,3.268066088081369e-07
2020-08-11 23:00:00,0.5349787545915897,0.5407141561470649,2.6603512067558135e-07,5.960857554710973e-07
2020-08-11 23:30:00,0.8286205579480003,0.3651185025189574,4.792182651093057e-07,3.365584253248249e-07
2020-08-12 00:00:00,0.21177809810693235,0.449899012466065,3.3305066382363954e-08,4.093965772998911e-07
2020-08-12 00:30:00,-0.009971726952213468,0.23262231888221307,6.894583755848024e-11,2.794393859150355e-07
2020-08-12 01:00:00,0.007898481194754236,0.1456488180307064,4.0428369314484387e-11,2.398475448290106e-07
2020-08-12 01:30:00,-0.021226893655026766,0.08710778872697755,3.1391806274995014e-10,2.483643779689767e-07
2020-08-12 02:00:00,-0.08643458993534238,0.04502324869166635,7.325835173801812e-09,3.441122774115466e-07
2020-08-12 02:30:00,0.9954113988555864,-0.03865147711011796,1.3730649822787379e-06,4.855609295917927e-07
2020-08-12 03:00:00,0.20596827448183488,0.4128882267666457,5.264466286137786e-08,6.445208977761068e-07
2020-08-12 03:30:00,0.16858874815417527,0.14386753752729609,7.791893666044597e-08,1.0132497766448341e-06
2020-08-12 04:00:00,-0.07261134414090854,0.13942212723097214,1.0407697596632959e-08,7.27099891856091e-07
2020-08-12 04:30:00,-0.29283484465636983,0.042156900027243316,1.4371010073739655e-07,5.876931153510551e-07
2020-08-12 05:00:00,-0.507660137345628,-0.057208616948146995,3.6887421481501334e-07,5.040681857124924e-07
2020-08-12 05:30:00,-0.47408014837593976,-0.23971328415269355,3.5654622067177034e-07,6.446544428651589e-07
2020-08-12 06:00:00,-0.26891606686620007,-0.27802602626118433,7.780154981783489e-08,4.585299276505809e-07
2020-08-12 06:30:00,-0.48759989657882175,-0.22867328182676333,3.002042042202041e-07,5.065733851211992e-07
2020-08-12 07:00:00,-1.1634367163191923,-0.33833081202655746,1.5864121653592497e-06,5.430718124258558e-07
2020-08-12 07:30:00,-0.4070993559832788,-0.6447364732458695,2.2392294459491655e-07,1.0330567840264118e-06
2020-08-12 08:00:00,-0.2534444270411539,-0.37032363880452224,8.970310642603414e-08,6.787573823472302e-07
2020-08-12 08:30:00,0.008817840641891402,-0.29544929144686594,9.090936020781105e-11,5.099893713619322e-07
2020-08-12 09:00:00,0.18309065961557808,-0.18185820462971183,6.717005421282829e-08,7.653788996785219e-07
2020-08-12 09:30:00,0.03846988598207668,-0.07720602100902485,1.563466140976775e-09,3.7489179560133827e-07
2020-08-12 10:00:00,-0.10023041648807197,-0.05777466623644639,6.37704052433456e-08,2.235926268034135e-06
2020-08-12 10:30:00,-0.41004567636468875,-0.08915389984988653,8.134570375721487e-07,1.7264546671581657e-06
2020-08-12 11:00:00,0.19232485872561522,-0.21400190521949652,1.3377599468584932e-07,1.427486807318362e-06
2020-08-12 11:30:00,-0.2887398781498029,0.012250438925282991,2.762257731161335e-07,1.1564841323011985e-06
2020-08-12 12:00:00,-0.48732952530962365,-0.19580976215831586,6.788944871331842e-07,1.106980176480098e-06
2020-08-12 12:30:00,-1.2458431764133,-0.30836201729507773,4.5168737441258246e-06,1.2920597288946941e-06
2020-08-12 13:00:00,-0.8221272375992354,-0.6651192318321768,1.2216576073455854e-06,1.4302243155623434e-06
2020-08-12 13:30:00,-0.1888553480990142,-0.5431259919688319,6.948474230044131e-08,1.2544127177405968e-06
2020-08-12 14:00:00,-0.5429039727359083,-0.33971063489010467,5.23079430950184e-07,8.239945781160746e-07
2020-08-12 14:30:00,-1.148510570868554,-0.4866133885202519,4.1642053012352375e-06,1.8489817912236676e-06
2020-08-12 15:00:00,-0.5758328459500247,-0.7539062310355913,9.656046719066527e-07,2.6711996551726567e-06
2020-08-12 15:30:00,-1.1458221881256816,-0.5113762604865767,6.517453289554262e-06,3.030140543543857e-06
2020-08-12 16:00:00,-0.335543980376849,-0.7450711706480683,7.945049165041867e-07,6.379424879688987e-06
2020-08-12 16:30:00,-0.14631499272972825,-0.4640529670329538,4.891373369013095e-08,1.2892044292892996e-06
2020-08-12 17:00:00,-1.4322683963965763,-0.36964178427618466,1.8645950202535975e-06,4.4132365938057854e-07
2020-08-12 17:30:00,-1.058536853919906,-0.8595562738175293,6.340243950763619e-07,6.15486187933397e-07
2020-08-12 18:00:00,-0.9152741847666568,-0.7586285597947826,4.495525033317807e-07,4.960740844449263e-07
2020-08-12 18:30:00,-1.2528420381177692,-0.6946388696112671,2.9231888826603273e-06,1.5484133268482418e-06
2020-08-12 19:00:00,-1.1668787522642439,-0.8818262489598627,8.068391496584644e-07,6.675347103662917e-07
2020-08-12 19:30:00,-0.8251345595931378,-0.9217736947848924,5.155111108355776e-07,9.075092767452948e-07
2020-08-12 20:00:00,-1.1275699622136557,-0.7575231481157241,1.0071450004829384e-06,7.30946279280756e-07
2020-08-12 20:30:00,-0.5414427143774153,-0.8756037840573065,5.093514765959058e-07,1.938270723764172e-06
2020-08-12 21:00:00,0.8228931641762889,-0.6408474714449042,7.794226159397016e-07,8.743057601703986e-07
2020-08-12 21:30:00,-0.08638938247093884,-0.006563168151146437,1.1214149114724248e-08,5.243260760017479e-07
2020-08-12 22:00:00,0.17616954380418645,-0.2658174988160007,3.769350553053034e-08,5.095642144183022e-07
2020-08-12 22:30:00,-0.10147355330422553,-0.10390595814435882,1.0045282371198068e-08,3.5090843572189415e-07
2020-08-12 23:00:00,-0.22018438187440567,-0.1363492955349797,4.688010586198871e-08,3.553559937017763e-07
2020-08-12 23:30:00,-0.3041691594112027,-0.15543789959311982,6.763677571931555e-08,2.727303841821699e-07
2020-08-13 00:00:00,-0.516369964228266,-0.2598459829214031,2.0180821259344203e-07,3.1517334384233926e-07
2020-08-13 00:30:00,-1.9529519878897172,-0.3648234220678546,2.6642741851449162e-06,3.3669778917694975e-07
2020-08-13 01:00:00,-1.2282087812633542,-1.0306726605421472,9.920444150850951e-07,9.280499215270647e-07
2020-08-13 01:30:00,-0.23189557710004993,-0.8416277968942778,3.773252351433548e-08,7.418290587154315e-07
2020-08-13 02:00:00,-0.6929558407604242,-0.47961367548167866,4.603966088800969e-07,5.550693982385762e-07
2020-08-13 02:30:00,-0.247017236394431,-0.6744147270402983,9.182809482836421e-08,1.2095800542415843e-06
2020-08-13 03:00:00,-1.221838025576503,-0.49375729200620644,1.9006846285421822e-06,7.545981471226598e-07
2020-08-13 03:30:00,-0.7847147768737183,-0.8000486157065686,1.7306568315302903e-06,2.7795487166781743e-06
2020-08-13 04:00:00,-0.9191888552232204,-0.6149710552307894,1.6687854852050573e-06,1.4360826749083638e-06
2020-08-13 04:30:00,0.2973136011220956,-0.7074539143370525,1.435979431003849e-07,1.3798340842801744e-06
2020-08-13 05:00:00,-0.6774352808513279,-0.1996377948842241,6.413977974431212e-07,5.433369768553136e-07
2020-08-13 05:30:00,-1.0378774949330398,-0.5823597823707636,1.662728766704662e-06,1.0620510688146078e-06
2020-08-13 06:00:00,-0.567507694357074,-0.6986676502316957,3.453110979931782e-07,8.974534940400555e-07
2020-08-13 06:30:00,-1.028498954386093,-0.5117079829119358,1.1171723972409713e-06,6.45020005661823e-07
2020-08-13 07:00:00,-1.1260235169329686,-0.6858170261236198,1.3648086953867022e-06,8.818428591402767e-07
2020-08-13 07:30:00,-0.4479740394970401,-0.812729148738585,2.3834326093233832e-07,1.1988732289024024e-06
2020-08-13 08:00:00,-0.9727134908738364,-0.5475958513154212,1.2363300071262143e-06,8.477154574940341e-07
2020-08-13 08:30:00,-0.8458694474411905,-0.7326784149463463,7.940954058985951e-07,9.83018783470113e-07
2020-08-13 09:00:00,0.3736102344663926,-0.7035139047839479,2.8424085752325693e-07,1.7183253701025128e-06
2020-08-13 09:30:00,0.3661396713899693,-0.16446835432116402,1.3068729075090617e-07,3.6649738197936706e-07
2020-08-13 10:00:00,-0.21468136563175397,-0.07169428165614672,2.7962738964471275e-07,2.148051525839097e-06
2020-08-13 10:30:00,-1.2954272297275924,-0.2662365505499316,7.872705394744337e-06,1.9693492174696455e-06
2020-08-13 11:00:00,-1.2075465674202084,-0.686709367675306,5.3597584066107565e-06,3.0157862853681986e-06
2020-08-13 11:30:00,-1.2706526128670248,-0.6840295877481155,4.49710697395049e-06,2.2750657666619047e-06
2020-08-13 12:00:00,-1.1302214516502012,-0.8202719996557335,2.974901290371905e-06,2.3795175838517338e-06
2020-08-13 12:30:00,-1.422497035696953,-0.8707672056671794,5.038281731028846e-06,2.7566453760282658e-06
2020-08-13 13:00:00,-1.1919077080567047,-1.0590995171566837,2.162821738448468e-06,2.2388650174635925e-06
2020-08-13 13:30:00,-0.1684664240630544,-0.9652259405239434,5.1359915012900154e-08,2.317385270553238e-06
2020-08-13 14:00:00,0.22365908732689807,-0.5213051351302521,8.475251490151719e-08,1.0515581846611056e-06
2020-08-13 14:30:00,0.756640883542095,-0.27907371313551993,1.6244356932078778e-06,1.210961123384264e-06
2020-08-13 15:00:00,1.3485810567182743,0.046300958392560765,4.871868887748552e-06,9.403814215212063e-07
2020-08-13 15:30:00,-0.1612840206646516,0.4506640164492589,1.1882719127250248e-07,2.5215727895213056e-06
2020-08-13 16:00:00,-0.7605637549124514,-0.023478138598514386,3.996649614142728e-06,2.4144191852716898e-06
2020-08-13 16:30:00,-0.8385138569586064,-0.27886025690413885,1.6460304470072686e-06,9.988573131753353e-07
2020-08-13 17:00:00,-0.6329446683761027,-0.37558950377271083,3.584538007865509e-07,4.3839931319950644e-07
2020-08-13 17:30:00,-0.930009545804775,-0.39636064761324175,4.705173789721126e-07,2.752667611288938e-07
2020-08-13 18:00:00,-1.3085090808864928,-0.6527831879840811,8.987894038632398e-07,4.068377570235608e-07
2020-08-13 18:30:00,-0.7159346551293356,-0.866727857101683,9.239053178936918e-07,1.982987837294305e-06
2020-08-13 19:00:00,-0.8852492705278182,-0.6500043686954387,4.620528207666288e-07,4.548245349066741e-07
2020-08-13 19:30:00,-0.6951283593677011,-0.7139997596501748,3.6803513265984166e-07,6.540320835039683e-07
2020-08-13 20:00:00,-0.9918268537375188,-0.646958999828525,7.60964916362072e-07,5.936725238896247e-07
2020-08-13 20:30:00,-0.30641371526827016,-0.7620473495232911,1.4622720508719726e-07,1.4478245160544804e-06
2020-08-13 21:00:00,-0.8406430451920038,-0.4456543577039192,8.184052839930848e-07,6.340686937525343e-07
2020-08-13 21:30:00,0.06562903907389403,-0.64704210551804,6.339289217516138e-09,1.1297006175933525e-06
2020-08-13 22:00:00,-0.7464757074218425,-0.2587149715319772,6.712407307327538e-07,5.009189127034218e-07
2020-08-13 22:30:00,-0.8638651273175444,-0.5625500198703756,6.609509142402439e-07,5.892998530782025e-07
2020-08-13 23:00:00,-0.7679729862873537,-0.6006209202065836,5.237095431720146e-07,6.301452675153609e-07
2020-08-13 23:30:00,-0.4043745882624017,-0.5930095570964877,1.1310190842656436e-07,4.845609430151908e-07
2020-08-14 00:00:00,-1.6008466954653178,-0.4290488543261279,1.8851720978043237e-06,3.92071837670494e-07
2020-08-14 00:30:00,-1.0046286711176047,-0.9731706596828741,6.661566109800583e-07,8.553769211217105e-07
2020-08-14 01:00:00,-0.9608704361527987,-0.773914793883715,5.829509216573544e-07,5.984663256107515e-07
2020-08-14 01:30:00,-1.018105066281291,-0.7623665469530516,7.242903770324961e-07,6.499185450872724e-07
2020-08-14 02:00:00,-0.7389700250342476,-0.7989565210193706,4.640558377078768e-07,8.389499719289097e-07
2020-08-14 02:30:00,-0.7677661416677337,-0.7214299919814503,8.699313664699585e-07,1.2830035687047183e-06
2020-08-14 03:00:00,0.22765700982329992,-0.683501050360124,6.179342192058523e-08,9.729938943267482e-07
2020-08-14 03:30:00,-0.6773367763496132,-0.24535633265502416,1.1882001368671294e-06,1.059523452288221e-06
2020-08-14 04:00:00,0.6925557185180032,-0.5652978272583087,9.06317879620131e-07,1.263130626023992e-06
2020-08-14 04:30:00,0.6881142278748081,0.04655395874058571,7.825388319985298e-07,5.801982883756e-07
2020-08-14 05:00:00,-0.1206956068570059,0.14607132509298748,1.954516987152219e-08,4.967494059326157e-07
2020-08-14 05:30:00,-0.05955768261556732,-0.10138361765871773,5.046876391845054e-09,5.110446354990936e-07
2020-08-14 06:00:00,-0.17131768161220656,-0.095279639544744,2.955684279565968e-08,3.6050517974116365e-07
2020-08-14 06:30:00,0.08026995350266745,-0.100557036097422,6.490325727651521e-09,3.6163490580462597e-07
2020-08-14 07:00:00,-0.0525027829475563,-0.042604171294496285,2.791481495662931e-09,3.551614886812062e-07
2020-08-14 07:30:00,-0.8756694841914939,-0.13623804760099772,8.83582281863733e-07,4.234272568207967e-07
2020-08-14 08:00:00,-0.4053262109138329,-0.4851117296201359,2.0498394386810182e-07,7.289497793345999e-07
2020-08-14 08:30:00,-0.18118574613410937,-0.3353243917252766,3.5845224739904554e-08,5.037413916690552e-07
2020-08-14 09:00:00,0.14913429927545735,-0.2512020164246422,4.611154823935945e-08,8.541920373733363e-07
2020-08-14 09:30:00,0.17847508514137014,-0.12433758416329055,3.021108420343965e-08,3.455754188606574e-07
2020-08-14 10:00:00,0.08338595051370967,-0.09391012389201864,4.063134572393065e-08,2.0903491693548175e-06
2020-08-14 10:30:00,-0.021292318248905196,-0.06524605058940902,1.934331899163729e-09,1.5067952517748858e-06
2020-08-14 11:00:00,-0.47589277371651706,-0.07475388661739701,8.015032980837823e-07,1.2545560597212697e-06
2020-08-14 11:30:00,-0.5901481391553058,-0.2572763633543015,9.18215667733867e-07,1.0943774744489504e-06
2020-08-14 12:00:00,-0.2927729263428132,-0.3474251179879092,1.9423437865476837e-07,1.064136188049446e-06
2020-08-14 12:30:00,-0.9589373892721921,-0.27033539435936194,2.1575000699116525e-06,9.900668187542578e-07
2020-08-14 13:00:00,-0.7083399938682694,-0.5765130401782148,7.439947729359134e-07,1.0101934551685794e-06
2020-08-14 13:30:00,-1.1650517093307666,-0.5304505608175255,2.4540557687755006e-06,1.1395325770536176e-06
2020-08-14 14:00:00,-0.922531088976318,-0.7429226546582739,1.395176426597838e-06,1.4767684643149478e-06
2020-08-14 14:30:00,-1.0334724117293723,-0.6780578301030957,3.2358935544929985e-06,2.4499897515747034e-06
2020-08-14 15:00:00,-0.8699254368631227,-0.7689881399966954,2.1665440051324478e-06,2.691807069370571e-06
2020-08-14 15:30:00,-0.7249548074859811,-0.7055099772620275,2.419655498258598e-06,3.897922514209523e-06
2020-08-14 16:00:00,-0.3679735073841556,-0.6598888572196857,9.219377194513768e-07,5.340486001833823e-06
2020-08-14 16:30:00,-0.22504966659591885,-0.47791944431233774,1.042318705328735e-07,1.1880955810475705e-06
2020-08-14 17:00:00,-1.4902569278651956,-0.3859198154281882,1.940357252174402e-06,4.3495561790322766e-07
2020-08-14 17:30:00,-0.38801642241746864,-0.8872831399752772,7.935894693918147e-08,5.988801498865625e-07
2020-08-14 18:00:00,0.5664483729877918,-0.45928846734177653,1.6465192666183616e-07,2.872866530186443e-07
2020-08-14 18:30:00,-1.8995517272314029,-0.026714112230758535,6.5618801786221725e-06,6.357929419729076e-07
2020-08-14 19:00:00,-0.524816775035452,-1.0286629642570502,1.5341075502124126e-07,7.836993141409642e-07
2020-08-14 19:30:00,-1.8239003506629614,-0.5544952872951546,2.5119085283986637e-06,4.956187412432317e-07
2020-08-14 20:00:00,-0.9879046715376089,-1.056201246903548,7.498705528755341e-07,1.1252120121795274e-06
2020-08-16 18:30:00,-0.051135281790832356,-0.7940851420117686,4.600075907106181e-09,1.7231211982299602e-06
2020-08-16 19:00:00,-0.18969170095213964,-0.4934541545622396,1.9898043572129378e-08,3.275875027496748e-07
2020-08-16 19:30:00,-1.557888951903267,-0.4324319271677759,1.7787609128658065e-06,3.927598147554152e-07
2020-08-16 20:00:00,-0.5581077763540656,-1.002905552271408,2.1881769895363904e-07,9.516911427065241e-07
2020-08-16 20:30:00,-1.3055980578859603,-0.5637240515269645,2.664842899285624e-06,1.0422546723300812e-06
2020-08-16 21:00:00,-0.983111639234533,-0.8626155122377489,1.1234626920750491e-06,1.2705031485677375e-06
2020-08-16 21:30:00,-1.3267057428554478,-0.8125081468705683,2.6291396448911585e-06,1.5072522987169943e-06
2020-08-16 22:00:00,-0.8912288879270898,-1.0162461775551748,9.26945479144671e-07,1.612412011075504e-06
2020-08-16 22:30:00,-0.41326765086642764,-0.8181679427446787,1.4889258123957744e-07,8.877402288339806e-07
2020-08-16 23:00:00,-1.3262283923138942,-0.6369641400885941,1.5274652280630147e-06,6.553382302952515e-07
2020-08-16 23:30:00,-1.0016496746427426,-0.9708934009559189,6.899267002568381e-07,8.881318264894688e-07
2020-08-17 00:00:00,-1.152994391566203,-0.8576314133970959,9.720004159599936e-07,7.92893131148707e-07
2020-08-17 00:30:00,-1.0376285954016342,-0.901845456190562,7.020166118140725e-07,7.57799316552293e-07
2020-08-17 01:00:00,-0.8721949263941182,-0.8707762023454204,4.7027166456606946e-07,6.844300007792242e-07
2020-08-17 01:30:00,-0.6772873982353773,-0.8394330038472415,3.1290405272574443e-07,7.186540128767512e-07
2020-08-17 02:00:00,-0.964394510700425,-0.7257608353451926,7.922247452505708e-07,7.458637299847403e-07
2020-08-17 02:30:00,-0.6021046447262269,-0.8290909578311734,5.282226434455255e-07,1.509925642684466e-06
2020-08-17 03:00:00,-0.957747501023159,-0.6637679497524491,1.1173726510919927e-06,9.617053316091005e-07
2020-08-17 03:30:00,-0.0383413202790168,-0.7906404377582947,3.732903097565085e-09,2.4733039515704184e-06
2020-08-17 04:00:00,-0.7651986837260912,-0.3962527496741918,1.155327607285384e-06,9.982429024296772e-07
2020-08-17 04:30:00,-0.23970413135421745,-0.6660784517082925,1.0178404322233145e-07,1.4039823623978183e-06
2020-08-17 05:00:00,-0.21388417598169124,-0.4333543504344719,6.287314917991425e-08,7.376274878861069e-07
2020-08-17 05:30:00,-1.5812601157783481,-0.39002300729058326,3.5255865615654106e-06,7.064459275683685e-07
2020-08-17 06:00:00,-0.7975563262083704,-0.9301528879386758,6.478744689411183e-07,1.2365662353608409e-06
2020-08-17 06:30:00,-1.1945909116964541,-0.6905211046873805,1.448611845875454e-06,8.381980553034905e-07
2020-08-17 07:00:00,-1.342554385062259,-0.8630890564627431,1.8838001328785344e-06,1.1431899506338194e-06
2020-08-17 07:30:00,-1.1457618162661434,-0.9948384822868865,1.4962702704971132e-06,1.525715937657856e-06
2020-08-17 08:00:00,-0.8580293147795371,-0.989101660823536,9.246655601653107e-07,1.6669569021063319e-06
2020-08-17 08:30:00,-1.3016344948491223,-0.8345883598461155,1.7605667848441394e-06,1.08635809351186e-06
2020-08-17 09:00:00,-1.7716018337125945,-1.0315174605926436,6.736424910569545e-06,3.032617685729752e-06
2020-08-17 09:30:00,-1.5972333465931898,-1.2423050663010695,2.385303463949183e-06,1.7692092361559623e-06
2020-08-17 10:00:00,-1.8699003422280411,-1.2015315619905698,2.0775955754154767e-05,1.0651295283230383e-05
2020-08-17 10:30:00,-1.538564931650078,-1.3516061623459708,9.874386691150587e-06,9.075812561637439e-06
2020-08-17 11:00:00,-1.8153615202058353,-1.2810947412672116,1.151153979184327e-05,6.951573328908733e-06
2020-08-17 11:30:00,-1.7534899985863002,-1.4233775444443368,7.977488993270922e-06,6.161774609304727e-06
2020-08-17 12:00:00,-1.1136344580455375,-1.4034916492243092,2.815127496706401e-06,5.263267066753256e-06
2020-08-17 12:30:00,-1.9474670187623602,-1.1423467300966235,8.952323938517046e-06,3.9038537896539924e-06
2020-08-17 13:00:00,-1.9468229391968048,-1.454035574312614,5.57788334799937e-06,3.62495127836665e-06
2020-08-17 13:30:00,-1.9694868767064102,-1.4849584385792751,6.69211907178737e-06,4.406348184123385e-06
2020-08-17 14:00:00,-2.1549564635497647,-1.5096467379727871,7.465779149445489e-06,4.224863109648177e-06
2020-08-17 14:30:00,-2.4065695750993057,-1.6124304028214864,1.7470291513062645e-05,8.89515380916623e-06
2020-08-17 15:00:00,-2.4474593281491277,-1.796451690705604,1.7175726111516607e-05,1.0254125214323257e-05
2020-08-17 15:30:00,-2.120728349194172,-1.8556385895015763,2.0437733420542076e-05,1.7233156392804044e-05
2020-08-17 16:00:00,-2.185243681387423,-1.7558247781408338,3.278243529887356e-05,2.355950603334266e-05
2020-08-17 16:30:00,-0.8678338675748263,-1.8056379031405059,1.500872536329777e-06,7.19258647757569e-06
2020-08-17 17:00:00,-1.8209823727549639,-1.24678804663465,2.800281386666235e-06,1.6073706207913653e-06
2020-08-17 17:30:00,-2.442214008311657,-1.5633340367686976,3.1213811971141184e-06,1.4616284584664278e-06
2020-08-17 18:00:00,-1.508237297622064,-1.8006783143692795,1.178504805904567e-06,1.8605825434079206e-06
2020-08-17 18:30:00,-2.301445861559001,-1.4238183774788487,9.483222101156333e-06,4.254318896703272e-06
2020-08-17 19:00:00,-1.5073382260045554,-1.7272497035900123,1.2590063862237984e-06,1.8465013607498123e-06
2020-08-17 19:30:00,-0.1522997887027821,-1.484098332882501,1.590443638292925e-08,1.7494702252656274e-06
2020-08-17 20:00:00,-0.8040872795027048,-0.879499164557705,4.407881620677772e-07,7.652068750683165e-07
2020-08-17 20:30:00,-0.49491666278052976,-1.0069534589510885,3.746038201761715e-07,2.084289865152369e-06
2020-08-17 21:00:00,-0.4562788060127347,-0.8271165548189736,2.400555637606049e-07,1.1911353179209897e-06
2020-08-17 21:30:00,-0.8720987486282298,-0.6886298669595198,9.133766786641812e-07,9.885020897101533e-07
2020-08-17 22:00:00,-0.7182540009835667,-0.7940299883143704,5.144995104701677e-07,9.767471514152384e-07
2020-08-17 22:30:00,-0.5011418442668424,-0.7716586606701206,2.1546584652467077e-07,8.102029602236284e-07
2020-08-17 23:00:00,-0.2417687800440047,-0.6667080564612369,4.849545138164689e-08,6.5825342591424e-07
2020-08-17 23:30:00,-0.565527231808745,-0.5486861407288847,2.1256076849118546e-07,4.3197740932115387e-07
2020-08-18 00:00:00,-0.8992271570165146,-0.6654031319875092,5.759506568563471e-07,5.638796823086683e-07
2020-08-18 00:30:00,-1.291775512440915,-0.782753093812616,1.0626026842590837e-06,6.12340269658382e-07
2020-08-18 01:00:00,-1.0220881658805898,-0.9627661530584495,6.351093835698613e-07,7.756416343180738e-07
2020-08-18 01:30:00,-0.709166609224839,-0.8939549920086357,3.129493460162233e-07,7.143988968005346e-07
2020-08-18 02:00:00,-0.6227840934404152,-0.8042664473490604,3.281673749053486e-07,8.424977588546224e-07
2020-08-18 02:30:00,-0.1879637603508246,-0.7701856762511132,4.921988071698066e-08,1.3124516769382675e-06
2020-08-18 03:00:00,-0.8230965983904406,-0.557243123835305,8.19801711205732e-07,7.979394468993241e-07
2020-08-18 03:30:00,-0.44774819129882776,-0.7495046685163822,5.045236799213735e-07,2.2917609520282253e-06
2020-08-18 04:00:00,-0.9908073527999817,-0.568096340239392,1.9277061573523373e-06,1.3188499261743364e-06
2020-08-18 04:30:00,-0.8657246714393472,-0.7773395726363486,1.3141849697749833e-06,1.6713281714866276e-06
2020-08-18 05:00:00,-0.7941117741876934,-0.7411455346645373,8.373760437628224e-07,1.1926945030980497e-06
2020-08-18 05:30:00,-0.8434913069297696,-0.7540844372517113,9.324683429743813e-07,1.2025411587891702e-06
2020-08-18 06:00:00,-1.1251448163386797,-0.7683078990350733,1.2485635013847112e-06,9.262985301201792e-07
2020-08-18 06:30:00,-1.745122867113336,-0.9072201873506677,2.904613128781526e-06,1.1177512799380594e-06
2020-08-18 07:00:00,-0.640833147782124,-1.181505632483012,4.2065697042753133e-07,1.7873017981609369e-06
2020-08-18 07:30:00,-1.104270907280967,-0.7595855009911227,1.3193976583651294e-06,1.0017861130069328e-06
2020-08-18 08:00:00,-1.6792045069381576,-0.9450627185805167,3.4633310085967815e-06,1.5255414107621043e-06
2020-08-18 08:30:00,-1.3268840454239788,-1.215785299530732,1.782422103051547e-06,1.8496581250886641e-06
2020-08-18 09:00:00,-1.8264145890203192,-1.1046233446581613,6.915722099320094e-06,3.2530272044410857e-06
2020-08-18 09:30:00,-0.3156353579303418,-1.298677538679847,8.953353404328292e-08,1.829270536034315e-06
2020-08-18 10:00:00,-0.21263979399474014,-0.7307398083083119,2.451745766857866e-07,4.787280376020935e-06
2020-08-18 10:30:00,0.40769730369778684,-0.6326077933214309,6.723041849841751e-07,3.0298857557448555e-06
2020-08-18 11:00:00,-0.30193570394123376,-0.26622174517445807,3.101787561692692e-07,1.4282351903833568e-06
2020-08-18 11:30:00,-0.8254297822878452,-0.4545535067881668,1.7194543287793755e-06,1.4019418967651513e-06
2020-08-18 12:00:00,-1.2203348264726754,-0.5819575165553584,3.3517085175687643e-06,1.5474929463667556e-06
2020-08-18 12:30:00,-1.4857765691355727,-0.7875446108637247,5.078088460654411e-06,2.2293291250571545e-06
2020-08-18 13:00:00,-1.521024807297964,-0.9687948414857437,3.3337419678615797e-06,1.855216691496163e-06
2020-08-18 13:30:00,-1.2979345757540044,-1.107928125505122,2.8578480708778913e-06,2.674247186978695e-06
2020-08-18 14:00:00,-1.2579853490526067,-1.0935300627766131,2.4309080556626847e-06,2.3728159445100318e-06
2020-08-18 14:30:00,-1.2203926258979718,-1.1100809143611887,4.430299751755979e-06,4.703438371922028e-06
2020-08-18 15:00:00,-1.8601909337591715,-1.1004179727387147,9.880684816082748e-06,4.453963891473039e-06
2020-08-18 15:30:00,-0.8537457184561923,-1.3656746629407848,3.2680228312284357e-06,9.926574498445384e-06
2020-08-18 16:00:00,-0.7814054314414332,-0.959982188462178,4.086072594178714e-06,8.501911096695566e-06
2020-08-18 16:30:00,-1.3221549996861317,-0.9021158017690876,3.4909699290985813e-06,2.321957405136142e-06
2020-08-18 17:00:00,-1.3067734097196222,-1.105325920693102,1.3795377402539678e-06,1.2688533717913598e-06
2020-08-18 17:30:00,-1.3294853736250785,-1.109621592997354,8.964534490464815e-07,8.014233366721518e-07
2020-08-18 18:00:00,-1.2222519780100582,-1.087333683966329,7.291942360920559e-07,7.473987967888048e-07
2020-08-18 18:30:00,-2.055995123260349,-1.0755567280397673,7.429945873222022e-06,2.646589972470269e-06
2020-08-18 19:00:00,-2.2496613924856987,-1.4660276397508927,2.762479328816152e-06,1.3635817020825043e-06
2020-08-18 19:30:00,-1.066896742960893,-1.6009892777264214,7.491588849741583e-07,1.9165962022095246e-06
2020-08-18 20:00:00,-1.7812633493420755,-1.1615414916772346,2.052372720573218e-06,1.0983936959824636e-06
2020-08-18 20:30:00,-0.6361132924377428,-1.4529427036081721,6.079112597645941e-07,3.6956972255631986e-06
2020-08-18 21:00:00,-0.7816261039910973,-0.9964394714287479,7.128343646064877e-07,1.5655823894626744e-06
2020-08-18 21:30:00,-0.3572098754336223,-0.963980763708613,1.5270298988428392e-07,1.5296280195318757e-06
2020-08-18 22:00:00,-1.5846551838819798,-0.6809665937247589,2.3964182462406132e-06,7.754944981210323e-07
2020-08-18 22:30:00,-1.2534432550295427,-1.1658191122594719,1.3459017568698297e-06,1.4631903566653389e-06
2020-08-18 23:00:00,-1.512180055036441,-1.0187283759171026,1.917427956885981e-06,1.162779142884147e-06
2020-08-18 23:30:00,-0.7037875580608751,-1.180344131161406,3.2635733525828087e-07,1.1478538762657147e-06
2020-08-19 00:00:00,-1.0873928947572904,-0.88587337055096,8.379792346289825e-07,8.034298232612264e-07
2020-08-19 00:30:00,-0.9966882594824817,-1.0734284036509216,6.286400526017063e-07,9.499643972108696e-07
2020-08-19 01:00:00,-0.7094165578505497,-1.0019535402022228,2.9467199299774007e-07,7.920883819585689e-07
2020-08-19 01:30:00,-0.97988710699856,-0.858521794611846,5.974458897718966e-07,6.757103970721195e-07
2020-08-19 02:00:00,-0.16655644738132408,-0.9189445210467869,1.9949369587591435e-08,8.581787947671561e-07
2020-08-19 02:30:00,-1.017463866509967,-0.5837009122695325,1.4476397789124309e-06,9.643277750452134e-07
2020-08-19 03:00:00,-1.9206110366840023,-0.8848978584859508,4.3828074499474445e-06,1.3449278078682564e-06
2020-08-19 03:30:00,-0.40062513401163297,-1.2751548595037572,3.9965662236007947e-07,4.917680913581137e-06
2020-08-19 04:00:00,-0.5594937083403825,-0.6987662057659022,6.076345714764318e-07,1.625056397475467e-06
2020-08-19 04:30:00,-1.2639916376948415,-0.7270768386327884,2.7768963516670122e-06,1.5252430753172379e-06
2020-08-19 05:00:00,-0.979285431176847,-1.0556853308533263,1.2621408536772746e-06,1.925946157779278e-06
2020-08-19 05:30:00,-1.9029418895903838,-0.949455632195996,4.785841722375408e-06,1.6525126487554297e-06
2020-08-19 06:00:00,-0.9197532936496804,-1.2847963454605709,8.327572342315425e-07,1.96842748879945e-06
2020-08-19 06:30:00,-1.0756604827267493,-0.9623294189533514,1.0852320533993501e-06,1.1958458397322454e-06
2020-08-19 07:00:00,-1.8146475823816977,-1.0528140607657535,3.351180946851638e-06,1.4830908693844412e-06
2020-08-19 07:30:00,-1.6447561968099282,-1.3535162926981932,2.8912840521084638e-06,2.330906868486417e-06
2020-08-19 08:00:00,-1.909443168771767,-1.3333479896807718,4.211164773176604e-06,2.4563974969218896e-06
2020-08-19 08:30:00,-0.5369980162539069,-1.4337440476445389,2.8728337705866787e-07,2.3954884159970804e-06
2020-08-19 09:00:00,-1.603567731951857,-0.9071892544947948,5.282929923320132e-06,2.4076221624837864e-06
2020-08-19 09:30:00,-0.575908519419857,-1.332294853109164,2.9062028999309534e-07,1.861037651719829e-06
2020-08-19 10:00:00,-0.7999953171598393,-0.8809745484559927,3.4321590527803906e-06,6.0332548897598144e-06
2020-08-19 10:30:00,-1.1676447356865638,-0.9082847602701287,5.264619259066431e-06,4.532836438317537e-06
2020-08-19 11:00:00,-1.6865326210858793,-0.9911344488909307,9.376494136548282e-06,4.388439702903679e-06
2020-08-19 11:30:00,-0.8072560877521983,-1.2552083081268233,1.574531746790124e-06,4.649809434004513e-06
2020-08-19 12:00:00,-1.858155070707965,-0.8828784055526477,7.2358719020953695e-06,2.364724416396974e-06
2020-08-19 12:30:00,-1.9609227448285285,-1.3511365180458639,8.369544455856509e-06,4.7329776895082e-06
2020-08-19 13:00:00,-1.202712359510775,-1.4689102307055684,1.974829226127188e-06,3.422084573189826e-06
2020-08-19 13:30:00,-2.0451064653683866,-1.1996534635366825,6.854393994220315e-06,2.9303642524107172e-06
2020-08-19 14:00:00,-1.4921516570571132,-1.534112533315308,3.3942847822344476e-06,4.1197640867062166e-06
2020-08-19 14:30:00,0.7970547747289523,-1.382246476703941,1.8732111225467062e-06,6.6622965424238655e-06
2020-08-19 15:00:00,0.5066329921143345,-0.3782922932155577,7.27707575017228e-07,1.3948915394629913e-06
2020-08-19 15:30:00,-0.7783319048071234,-0.31336242900963934,2.5697366423834953e-06,1.896534511900623e-06
2020-08-19 16:00:00,-0.271939155053301,-0.7430894326791982,4.7055355889817656e-07,5.7336389403958344e-06
2020-08-19 16:30:00,-0.28018450163537095,-0.4447294857187172,1.5509944763229692e-07,1.0800888135969658e-06
2020-08-19 17:00:00,-0.15528212080258233,-0.3671426117602886,1.8995365243488594e-08,3.8104485011633637e-07
2020-08-19 17:30:00,-0.7550449678534856,-0.37752512128549265,2.828675661983038e-07,2.4383490200791306e-07
2020-08-19 18:00:00,0.7120439453121677,-0.6739905446826057,2.3829842644186357e-07,3.774956643238901e-07
2020-08-19 18:30:00,-1.7446122271405962,-0.03442872214498205,3.959120375369672e-06,4.5538223545087945e-07
2020-08-19 19:00:00,-0.5859780281748067,-1.0200032297547452,1.484054886868248e-07,6.004622613032742e-07
2020-08-19 19:30:00,-0.08169029577283443,-0.6204245100788169,3.3305899465640176e-09,3.6624716778293625e-07
2020-08-19 20:00:00,0.5099757826109953,-0.4248254390640901,1.417652576806924e-07,2.8856013793476873e-07
2020-08-19 20:30:00,-0.9964827689154134,-0.11635423567193431,1.4754593887560247e-06,5.38546249126738e-07
2020-08-19 21:00:00,0.25071535760339164,-0.7650639351282287,6.894298659396254e-08,1.0246585580874127e-06
2020-08-19 21:30:00,0.5330896581865173,-0.18107450429906555,3.3725647149074897e-07,4.5296999095788545e-07
2020-08-19 22:00:00,0.21239887577633307,0.006201298377912723,4.2590725380913233e-08,3.294281670107146e-07
2020-08-19 22:30:00,-0.33279035822052944,-0.08466736457368329,9.108711154437196e-08,2.9285345423091777e-07
2020-08-19 23:00:00,0.7796082328823735,-0.33265652704968235,5.100891451563251e-07,3.8568858880399946e-07
2020-08-19 23:30:00,0.40073921022806175,0.19524065101956645,1.0423710852884142e-07,2.512071672370727e-07
2020-08-20 00:00:00,0.47415892019412614,0.08169377425375446,1.6030354877390828e-07,2.535282680062681e-07
2020-08-20 00:30:00,-0.7145410332839479,0.11308172281651196,3.184100498317587e-07,2.2556261989049737e-07
2020-08-20 01:00:00,0.26539084220760273,-0.36787031401705766,3.6601288403234876e-08,2.516377781664812e-07
2020-08-20 01:30:00,0.41609221259875473,0.03696161199446191,9.889609355312128e-08,2.0007803983182392e-07
2020-08-20 02:00:00,0.011968042818251947,0.07840135593059727,1.0380663139619838e-10,2.573153306065942e-07
2020-08-20 02:30:00,0.19148403241005452,-0.07976266989484126,5.059681907547545e-08,4.902393932216885e-07
2020-08-20 03:00:00,0.48865801252881713,-0.023353062434648075,2.761280345334246e-07,4.0409271540350184e-07
2020-08-20 03:30:00,-0.09048156530512945,0.16257065086961153,2.0322504580067366e-08,9.316881824059174e-07
2020-08-20 04:00:00,-0.3240675152993112,-0.07013100706380326,1.8148541231862105e-07,6.114378989450391e-07
2020-08-20 04:30:00,-0.16628307284261074,-0.1981977237113414,4.6790310208973004e-08,6.568962276643488e-07
2020-08-20 05:00:00,0.42601095694432645,-0.15035228703056863,2.1859871731854282e-07,4.474792364107069e-07
2020-08-20 05:30:00,-1.1834761911318392,0.08486728544353062,1.6683665210865377e-06,4.2417849235732044e-07
2020-08-20 06:00:00,-0.3930401567534821,-0.6069740285137148,1.400104206931268e-07,6.501275135888206e-07
2020-08-20 06:30:00,-0.5254038775181409,-0.33850372567173687,2.4115852875953215e-07,4.0490441864159e-07
2020-08-20 07:00:00,-0.5393785342730749,-0.4039367231550888,2.8051768181888655e-07,4.93740539340992e-07
2020-08-20 07:30:00,-1.0101494449387747,-0.42663553849665636,9.87568246912258e-07,5.138354425861373e-07
2020-08-20 08:00:00,-0.38649767192354795,-0.6905472289473735,1.6832969652096746e-07,9.305055783645183e-07
2020-08-20 08:30:00,0.45241104385457603,-0.4138577721245919,1.897698635395631e-07,4.822962724151997e-07
2020-08-20 09:00:00,0.0047023681518201495,-0.055164404288536306,4.477592730403209e-11,7.126644209591642e-07
2020-08-20 09:30:00,0.47165179058104256,-0.17444063546748464,1.9338219847698565e-07,3.29754977243751e-07
2020-08-20 10:00:00,-0.4012262868294757,0.06240767889416948,8.450625714929971e-07,1.8519679033379032e-06
2020-08-20 10:30:00,-0.572394763011854,-0.21749102414981966,1.2395689367167884e-06,1.498985926253732e-06
2020-08-20 11:00:00,-0.6895775669208041,-0.2950384252325241,1.49985098515292e-06,1.3750460888870204e-06
2020-08-20 11:30:00,-0.6906440799647653,-0.4133632924114257,1.0858509474085431e-06,1.1832405399660035e-06
2020-08-20 12:00:00,-0.5810811604743574,-0.4667715991804733,7.028425370254183e-07,1.1797676419040763e-06
2020-08-20 12:30:00,-0.6343857908045281,-0.5003109638837762,8.421020354715083e-07,1.2538292378702658e-06
2020-08-20 13:00:00,-0.7221573078192753,-0.5400885779363775,7.048801650540551e-07,8.658374558662008e-07
2020-08-20 13:30:00,-0.79734848494367,-0.5816287355924845,1.0168994189225353e-06,1.099158673381894e-06
2020-08-20 14:00:00,-0.6697325864378852,-0.6216804495495787,6.604666294139949e-07,1.0828400977867834e-06
2020-08-20 14:30:00,-1.243383174216296,-0.5801419057533505,5.057682901860952e-06,2.242473553296523e-06
2020-08-20 15:00:00,-1.3033703857314107,-0.8364238810206783,5.082750721770506e-06,3.1371407811631564e-06
2020-08-20 15:30:00,-0.6573018409273242,-0.9091373998315309,1.8348363743284008e-06,4.991891027504668e-06
2020-08-20 16:00:00,-0.7112272532237808,-0.6778978035021956,3.2869229603684946e-06,5.253200919778962e-06
2020-08-20 16:30:00,-0.9887293563939014,-0.6949565085234112,1.8629293430326144e-06,1.5852387542814528e-06
2020-08-20 17:00:00,-0.59360846523826,-0.8193757006509788,2.6815776217244243e-07,7.764411446671527e-07
2020-08-20 17:30:00,-0.7176221737906293,-0.6375614725149381,2.5702665457856777e-07,3.7701202530895844e-07
2020-08-20 18:00:00,-0.7548285951483322,-0.6500296953988753,2.912431742286753e-07,3.943310880571728e-07
2020-08-20 18:30:00,-1.473916901974568,-0.6678146509296852,2.817709309634833e-06,1.0309802840654195e-06
2020-08-20 19:00:00,-0.3480501834073658,-0.9820166297379774,5.263167557615734e-08,5.705758899006848e-07
2020-08-20 19:30:00,-0.5564409221292836,-0.5338529599839407,1.4564510318781442e-07,2.9818001115472367e-07
2020-08-20 20:00:00,-0.684986026943408,-0.6062749693766114,2.567897161022571e-07,3.921140804383991e-07
2020-08-20 20:30:00,-0.587319323717793,-0.6484900089603431,4.937640763485544e-07,1.1014019790506609e-06
2020-08-20 21:00:00,-0.8914370483314038,-0.6028917038644152,8.953678787412573e-07,8.026598273621315e-07
2020-08-20 21:30:00,-0.22798722568383784,-0.6805940882294654,6.21374280929404e-08,9.708379717190362e-07
2020-08-20 22:00:00,0.014136952566689318,-0.4348151785865276,1.8899589967159e-10,5.087389877965679e-07
2020-08-20 22:30:00,-0.1651072253329732,-0.31188449412309116,2.190731228899815e-08,3.5855864480379494e-07
2020-08-20 23:00:00,-0.8384404906607548,-0.3397991646345466,6.113002981632426e-07,4.038026237146953e-07
2020-08-20 23:30:00,-0.6086975451855315,-0.599382682144858,2.4464426784023447e-07,4.6758839491923257e-07
2020-08-21 00:00:00,-1.261486534626835,-0.49660478742729564,1.192239303104617e-06,4.4616203608084315e-07
2020-08-21 00:30:00,-0.8015124773861342,-0.8026005001009373,3.9726703473127573e-07,6.141029755939942e-07
2020-08-21 01:00:00,-0.875576609595,-0.6916379798812399,4.1045723521719604e-07,4.429184850463795e-07
2020-08-21 01:30:00,-0.545087236595772,-0.7668904149828527,1.7841078886330249e-07,5.626506798018093e-07
2020-08-21 02:00:00,-0.7374468557405527,-0.6282188292803262,3.963986494450799e-07,5.419842766741787e-07
2020-08-21 02:30:00,-0.6747556429353685,-0.7053786473786826,5.993276568847428e-07,1.1142374322464945e-06
2020-08-21 03:00:00,-0.9189416912390853,-0.6441881963575216,9.233833347841059e-07,8.352778341228437e-07
2020-08-21 03:30:00,-0.19453668754652,-0.7374650212343132,9.318556358534748e-08,2.198255810201164e-06
2020-08-21 04:00:00,-0.6421173693109683,-0.4253409470610592,7.064990351717362e-07,9.078367706347127e-07
2020-08-21 04:30:00,-0.027227699155741636,-0.5919969129104682,1.2400370377890633e-09,1.1698075361559555e-06
2020-08-21 05:00:00,0.18322823000106747,-0.319664814047827,4.1543573211955434e-08,5.581861116371271e-07
2020-08-21 05:30:00,-0.5983321589154073,-0.18061772595024758,4.1855641150260867e-07,4.4605759386896736e-07
2020-08-21 06:00:00,-0.5215199548877969,-0.4399881286270179,2.4278182582037895e-07,4.842465311254259e-07
2020-08-21 06:30:00,-0.13331434042374873,-0.4322100422303056,1.4882776249865893e-08,4.4859783673434095e-07
2020-08-21 07:00:00,0.24748320500173582,-0.25557925963948736,5.88495341994763e-08,3.980013159900892e-07
2020-08-21 07:30:00,-0.3685077717066173,-0.0901176710073821,1.2739684285859942e-07,3.349350654334617e-07
2020-08-21 08:00:00,0.5140466882189392,-0.34685420162851244,2.855569431845651e-07,5.070535253855246e-07
2020-08-21 08:30:00,0.6439405743689551,0.05046016349287469,3.9752941648759636e-07,3.3692858078212055e-07
2020-08-21 09:00:00,-0.546345770800918,0.18171207088045382,5.949726113917757e-07,7.612627094611707e-07
2020-08-21 09:30:00,0.7622154269727012,-0.2719546068096323,5.123906511939212e-07,3.7294319209884106e-07
2020-08-21 10:00:00,-0.06443282028148065,0.24417661150220504,2.211132156103152e-08,2.1757911031448397e-06
2020-08-21 10:30:00,-0.2500323059918611,-0.03182731945605127,2.263762229398155e-07,1.267067901994278e-06
2020-08-21 11:00:00,-0.5495506745403924,-0.14804764084272987,9.208065790686865e-07,1.1306158290120378e-06
2020-08-21 11:30:00,-0.2663920176105444,-0.33528768194678327,1.5425343438311902e-07,1.0027522386292556e-06
2020-08-21 12:00:00,-0.09095217715369036,-0.21172494594312233,1.6034607176065448e-08,7.631834821615723e-07
2020-08-21 12:30:00,-0.3014252130695105,-0.20096988666008234,1.7196969351109817e-07,7.368276785547343e-07
2020-08-21 13:00:00,-0.5642003393339168,-0.2858180923976631,3.974484360409356e-07,5.376270188595609e-07
2020-08-21 13:30:00,-0.32558228833317043,-0.3989552215555107,1.55786748713111e-07,7.466711331322036e-07
2020-08-21 14:00:00,-0.6712827718648272,-0.29443110125093075,5.373705551297174e-07,5.194472697878259e-07
2020-08-21 14:30:00,-2.3391841637031825,-0.4458706799049922,1.4449806203400007e-05,1.4463629150441676e-06
2020-08-21 15:00:00,-1.189930336435477,-1.2022499320816116,3.57092963443554e-06,4.525168048046003e-06
2020-08-21 15:30:00,-1.107830541823478,-0.8486879292082821,4.8116873779491846e-06,4.191779278387459e-06
2020-08-21 16:00:00,-1.378353073454034,-0.8557557918314609,1.0940846263906526e-05,6.226494798327304e-06
2020-08-21 16:30:00,-1.052515923900886,-1.0280314846392768,1.9928935391073356e-06,2.528918123315623e-06
2020-08-21 17:00:00,-0.15686909275665675,-0.9383281731694051,1.8097453880072922e-08,9.04111653992909e-07
2020-08-21 17:30:00,-0.15301125375283242,-0.4737714095454968,1.144176766474784e-08,2.8020382374976374e-07
2020-08-21 18:00:00,-1.088216349393005,-0.4050748779026248,5.791984084005703e-07,2.509013298959254e-07
2020-08-21 18:30:00,-1.9045955097600895,-0.7440290662937094,4.4578399782390105e-06,1.1090641966265384e-06
2020-08-21 19:00:00,-1.3730323006798706,-1.080806730218118,8.064287950535274e-07,6.489373316357166e-07
2020-08-21 19:30:00,-0.22787786419780653,-0.9165336296333637,2.3802332771071516e-08,5.449709182282083e-07
2020-08-21 20:00:00,-0.2058309399464389,-0.5100621191915733,2.2658585338379532e-08,3.2574269964608783e-07
2020-08-23 18:30:00,0.9358345138799711,-0.5029362529620846,1.0624672779514833e-06,7.30134312981783e-07
2020-08-23 19:00:00,-0.7481208561358638,0.044076019924823295,2.3676925924600283e-07,1.4842105296491016e-07
2020-08-23 19:30:00,-0.8162071754872166,-0.49483436060813984,2.7704086679084456e-07,2.4691954992314055e-07
2020-08-23 20:00:00,0.14173082403740953,-0.483573903779882,1.0852561230264632e-08,3.148342647458108e-07
2020-08-23 20:30:00,-0.17446058186518354,-0.1156630297146577,4.29682383275883e-08,5.11441586033181e-07
2020-08-23 21:00:00,-0.3104081779805299,-0.22636090281330004,1.0670505025197058e-07,4.43129792025835e-07
2020-08-23 21:30:00,-0.5619377876387723,-0.3562649915693207,3.865860052282739e-07,5.825290913709283e-07
2020-08-23 22:00:00,-0.2947176029059585,-0.43388396972564114,7.812830254820881e-08,4.831666341806015e-07
2020-08-23 22:30:00,-1.518227189114852,-0.3035433537127785,1.8178194475709124e-06,3.4782020098615656e-07
2020-08-23 23:00:00,-1.2263032276951955,-0.860654311538912,1.2733687776383836e-06,9.226484600720802e-07
2020-08-23 23:30:00,-0.9761410837152433,-0.8285039915969397,5.73694756026511e-07,6.233475503224814e-07
2020-08-24 00:00:00,-0.8572069948119577,-0.7828157199766725,4.3954126669604526e-07,5.752657649703486e-07
2020-08-24 00:30:00,-1.251083085225334,-0.7618139564388826,7.98010693895652e-07,4.7377743022275404e-07
2020-08-24 01:00:00,-1.1125481567230482,-0.9682709141359983,5.289557522078168e-07,5.497617016742357e-07
2020-08-24 01:30:00,-1.3606238478229176,-0.8846767443042144,1.013603461908835e-06,6.195369342611367e-07
2020-08-24 02:00:00,-0.7350018176688106,-0.9838531580763978,3.5267421340701503e-07,8.596846007484884e-07
2020-08-24 02:30:00,-0.7958194222478344,-0.7392917454643623,7.714972501882524e-07,1.0908078738458398e-06
2020-08-24 03:00:00,-1.3941389802051014,-0.7534724725982453,1.898161250585233e-06,8.95181595044186e-07
2020-08-24 03:30:00,-0.20161920678097692,-0.9824562207836574,9.753747629567997e-08,3.1531392576385493e-06
2020-08-24 04:00:00,-0.6193596597664721,-0.4942869022055476,6.120138511257344e-07,9.464368151221247e-07
2020-08-24 04:30:00,-0.8170751797607836,-0.59900072624273,1.0552292788566067e-06,1.118597317168847e-06
2020-08-24 05:00:00,-0.1685934890021866,-0.6746424572923413,3.450204090121501e-08,9.75984054633927e-07
2020-08-24 05:30:00,-1.1378227188156287,-0.39102366045189046,1.4990433029729896e-06,5.810267093374935e-07
2020-08-24 06:00:00,-0.4509471857068531,-0.7234833911262316,1.7876740522485238e-07,7.668623385664217e-07
2020-08-24 06:30:00,-0.816924580673858,-0.4929467613577338,5.049042075053191e-07,4.4780774300409874e-07
2020-08-24 07:00:00,-0.8184299860550946,-0.6423243412474313,6.245087596430602e-07,7.099616298770682e-07
2020-08-24 07:30:00,-1.3676372006970756,-0.6510874167325978,1.4830305226447138e-06,6.127513872077193e-07
2020-08-24 08:00:00,-1.4259978996898404,-0.9308729441607335,2.086242035431806e-06,1.2469678410537118e-06
2020-08-24 08:30:00,-1.2071392935171612,-0.9751371800223034,1.4287354559221975e-06,1.2744166215634498e-06
2020-08-24 09:00:00,-2.153653919575954,-0.9540746969246822,9.157745351251522e-06,2.486093731142737e-06
2020-08-24 09:30:00,-1.0523024103626668,-1.3934169750620946,1.0535344268035712e-06,2.179215371865977e-06
2020-08-24 10:00:00,-0.5482439149046009,-1.0169037310368614,1.4862121022258947e-06,6.838384590063739e-06
2020-08-24 10:30:00,-0.23680643233631563,-0.7830295649864545,1.980639623210256e-07,3.3978949430891753e-06
2020-08-24 11:00:00,0.49132702050947374,-0.5935459865738023,6.800168362548622e-07,1.975235836901887e-06
2020-08-24 11:30:00,-0.7174406533532622,-0.20912877198814162,1.0992990863275568e-06,8.385594977860203e-07
2020-08-24 12:00:00,0.1747573274331605,-0.5506727689661338,5.0324288017153245e-08,1.0746046344110633e-06
2020-08-24 12:30:00,-0.7277706952914875,-0.1434702047553214,9.284929280269992e-07,6.477180046416436e-07
2020-08-24 13:00:00,-0.48395830151912056,-0.4810993184008988,2.7056277045633005e-07,6.704213183263924e-07
2020-08-24 13:30:00,-0.5835944589163393,-0.40502638856179196,4.430171756954051e-07,6.672231163325514e-07
2020-08-24 14:00:00,-0.28386361439335267,-0.5088672821509846,8.366463005066102e-08,6.311268775394979e-07
2020-08-24 14:30:00,-1.4862523442028768,-0.367703441248757,5.5489340386555005e-06,1.2160899177928589e-06
2020-08-24 15:00:00,-0.6983740211382388,-0.9145418459191611,1.1436840929848364e-06,2.7794172672685947e-06
2020-08-24 15:30:00,-0.9329594096885705,-0.6289527122851934,3.2549223771242747e-06,2.7840027402585404e-06
2020-08-24 16:00:00,-0.2707856732405926,-0.7417063738171146,3.8832687348460705e-07,4.761238796536741e-06
2020-08-24 16:30:00,-0.32310844087404716,-0.4831925968690116,1.7821565025311696e-07,9.941519978922583e-07
2020-08-24 17:00:00,-1.1332427429964615,-0.5030190131100853,9.482909679931364e-07,4.444686192012063e-07
2020-08-24 17:30:00,-0.8623773944841169,-0.7747196076203168,3.4278006727163244e-07,4.3745050007526084e-07
2020-08-24 18:00:00,-2.184451409853756,-0.6926679745668727,2.1715131947038586e-06,3.771114942267489e-07
2020-08-24 18:30:00,-2.0657580039002736,-1.2574257893607972,5.5347193959187545e-06,2.50321800899468e-06
2020-08-24 19:00:00,-0.590319678310278,-1.341490659969978,1.2440206358040298e-07,7.669871043468689e-07
2020-08-24 19:30:00,-1.2162569779748753,-0.8254228338516301,5.788861245394964e-07,4.031568706738953e-07
2020-08-24 20:00:00,0.22954871566585905,-1.0593725157445615,2.7320079541290146e-08,7.627732032746863e-07
2020-08-24 20:30:00,-0.07798027310302276,-0.457256718872407,7.879429712224904e-09,7.230154930331905e-07
2020-08-24 21:00:00,-0.035305041129214156,-0.4238065068502615,1.3259807729504578e-09,5.622370323491849e-07
2020-08-24 21:30:00,-0.6101663846462607,-0.2707022357650467,4.2017348741951285e-07,4.7646444659694144e-07
2020-08-24 22:00:00,-0.025541837632264825,-0.4720039361619413,5.329635972631297e-10,4.670387463163771e-07
2020-08-24 22:30:00,-0.7384953289445549,-0.17877154376915258,4.026634720058261e-07,2.8119813169304257e-07
2020-08-24 23:00:00,-0.6930420865012998,-0.5003033371458024,3.2387924965626566e-07,4.040535671090334e-07
2020-08-24 23:30:00,-1.2152281614980185,-0.5263934790905422,8.396543858226347e-07,3.5592056984409705e-07
2020-08-25 00:00:00,-0.594306116523617,-0.8009617756352143,1.95537946566413e-07,5.483264198420669e-07
2020-08-25 00:30:00,-0.824668629934422,-0.5751182851054893,3.3529321352519774e-07,3.350879811663221e-07
2020-08-25 01:00:00,-1.0143790112224709,-0.7156019633910234,4.190457403783439e-07,3.5063689968465673e-07
2020-08-25 01:30:00,-0.5836571876866793,-0.8038398486937515,1.8036961420515294e-07,5.268618658771781e-07
2020-08-25 02:00:00,-1.2803079552978953,-0.641632478288257,9.957824112549348e-07,4.6204900687561367e-07
2020-08-25 02:30:00,-0.6033619581792895,-0.901298496343929,4.244152944519859e-07,1.3538082880328484e-06
2020-08-25 03:00:00,-0.28775841293679777,-0.6592916285008745,7.799196419522312e-08,7.380225814710226e-07
2020-08-25 03:30:00,-0.6153715206791837,-0.5033050771226518,9.035118401157235e-07,1.436852198015002e-06
2020-08-25 04:00:00,-0.5549628899867841,-0.5943003963412811,4.741786426397894e-07,1.0809593457049249e-06
2020-08-25 04:30:00,-0.6694429017825682,-0.5684641825079972,7.001256305201645e-07,1.049910149651335e-06
2020-08-25 05:00:00,-0.5374620953533945,-0.5718399872452127,3.4328162229381354e-07,8.032275683867373e-07
2020-08-25 05:30:00,-0.2745800208372124,-0.5205202849102664,8.12347198012175e-08,6.678594875235793e-07
2020-08-25 06:00:00,-1.2627012075822748,-0.4199745767335856,1.3948854333330792e-06,4.5954489537792627e-07
2020-08-25 06:30:00,-0.6171456783737255,-0.8213378502403427,2.74766457669494e-07,7.383713903597582e-07
2020-08-25 07:00:00,-0.9144102847537368,-0.5841575008131971,7.682056896130792e-07,6.340640867612344e-07
2020-08-25 07:30:00,-0.4226234497744795,-0.7007723390089952,1.369603938511123e-07,6.441073598941863e-07
2020-08-25 08:00:00,-0.8703029737857437,-0.5149674267702836,7.630776517102339e-07,6.186735954529365e-07
2020-08-25 08:30:00,0.013588298091436808,-0.7139765527029647,1.7682688764807773e-10,8.223206562038985e-07
2020-08-25 09:00:00,-1.727316328752213,-0.31199209995858884,5.644989760314431e-06,8.442829105341205e-07
2020-08-25 09:30:00,-0.10848118613240933,-1.0227108730604337,1.1043145575267273e-08,1.3089042945269574e-06
2020-08-25 10:00:00,-0.18425123938266608,-0.3853966182543309,1.619672138736583e-07,2.373228934310134e-06
2020-08-25 10:30:00,-0.06567767082588523,-0.39486808502254583,1.5166514305869834e-08,1.7749594130069779e-06
2020-08-25 11:00:00,0.09347732105912672,-0.29975208916649965,2.5933066744312904e-08,1.3021494021070705e-06
2020-08-25 11:30:00,0.1000792263239405,-0.23241638764158098,2.0885303745655642e-08,8.401755297570314e-07
2020-08-25 12:00:00,0.45402766728770666,-0.10537188169686279,3.292800114312147e-07,5.750536686687217e-07
2020-08-25 12:30:00,-0.1705865182692369,0.06914998177789694,4.9889185639862956e-08,6.063604776136112e-07
2020-08-25 13:00:00,-0.6319727673969167,-0.1521557360687516,4.554554186084839e-07,4.242806795803717e-07
2020-08-25 13:30:00,-0.5581561617340848,-0.35459906264102636,4.081716251221127e-07,6.218664068810373e-07
2020-08-25 14:00:00,-0.6290083868018026,-0.3678269990831403,4.155559586317986e-07,5.085567164649448e-07
2020-08-25 14:30:00,-0.7687559753244768,-0.4413493679081331,1.4795585952809844e-06,1.361152367743889e-06
2020-08-25 15:00:00,-1.5387855515034392,-0.5691697975061178,5.534489796503677e-06,1.5726897754299855e-06
2020-08-25 15:30:00,-1.795044580442701,-0.9426729548117789,1.2013683130413069e-05,4.614053230064946e-06
2020-08-25 16:00:00,-1.9978077511008048,-1.1201004560902441,2.1457483580299046e-05,8.620797124377399e-06
2020-08-25 16:30:00,-2.024842589699169,-1.2967198070248083,7.116552464680394e-06,3.524237370151602e-06
2020-08-25 17:00:00,-1.4598555644264681,-1.4068588437623486,1.5838526879584152e-06,1.730240583592948e-06
2020-08-25 17:30:00,0.16466817608720108,-1.2532787593902386,1.2409402169244503e-08,8.785049534944597e-07
2020-08-25 18:00:00,-0.8133624664335483,-0.5500655916998027,2.880538042614526e-07,2.836624873070824e-07
2020-08-25 18:30:00,-1.587923822380547,-0.8430587921242743,3.215482504661084e-06,1.3512911134073461e-06
2020-08-25 19:00:00,-0.7609411434303398,-1.0994884930027768,1.807231968924357e-07,4.862020322039419e-07
2020-08-25 19:30:00,-0.9956884120133725,-0.7190462754773823,3.7937666517538476e-07,3.31364349650217e-07
2020-08-25 20:00:00,-1.2035032989720331,-0.7754745701395018,7.295884867969548e-07,4.786595102224725e-07
2020-08-25 20:30:00,-0.7632557388764554,-0.9450243041575229,7.366415929827227e-07,1.5704635957187348e-06
2020-08-25 21:00:00,-1.1812884898666693,-0.7830356528887852,1.5095651471923813e-06,1.0407242961736725e-06
2020-08-25 21:30:00,-0.5040583496191698,-0.9158980982075482,2.840423638469272e-07,1.3278651567897698e-06
2020-08-25 22:00:00,-0.579695215578865,-0.6473082052096817,2.7553534982221235e-07,6.296331989304671e-07
2020-08-25 22:30:00,-0.929855225296977,-0.6513538680791783,6.243400691937735e-07,5.582921731283299e-07
2020-08-25 23:00:00,-0.8231577826002079,-0.765073785519759,4.5585716812155495e-07,6.28522126931479e-07
2020-08-25 23:30:00,-1.2986508669781884,-0.7348831313239741,8.47942199741324e-07,4.4695195384013085e-07
2020-08-26 00:00:00,-0.9557628545960943,-0.9228245737160093,4.6379450819725544e-07,6.095224737048746e-07
2020-08-26 00:30:00,-1.5627509502104735,-0.8343977917204701,1.1063672546890002e-06,4.734631932258232e-07
2020-08-26 01:00:00,-1.2797234859733608,-1.130642034296378,6.521538061202001e-07,6.47996536490549e-07
2020-08-26 01:30:00,-1.3762931402829681,-1.0577901424426794,9.48833696495259e-07,7.352606287534566e-07
2020-08-26 02:00:00,-0.8766337766916908,-1.133646818885894,4.4783159333429914e-07,9.522375484801938e-07
2020-08-26 02:30:00,-0.8684513897472218,-0.9272107558120565,8.828196254861677e-07,1.4147217186702182e-06
2020-08-26 03:00:00,-0.687531064887542,-0.9199835034906392,4.463847839815131e-07,1.1287324138320452e-06
2020-08-26 03:30:00,-0.5061577808393601,-0.7950587927811946,5.947364566990023e-07,2.277353106629285e-06
2020-08-26 04:00:00,-1.2866551238986899,-0.6725494406874108,2.4641147977894394e-06,1.192588071461742e-06
2020-08-26 04:30:00,-0.8061747054832623,-0.947087421485174,9.926251318867465e-07,1.902837132127232e-06
2020-08-26 05:00:00,-0.8087614965468086,-0.7614440567461418,7.873272339639916e-07,1.117863791733196e-06
2020-08-26 05:30:00,-1.5761281990819949,-0.7517764295889682,2.6759977129274507e-06,9.846492634978889e-07
2020-08-26 06:00:00,-0.8858574548780813,-1.090169762289368,6.106104523133885e-07,1.1962315998143297e-06
2020-08-26 06:30:00,-1.34464307789345,-0.8710370734734796,1.2098917990973997e-06,7.411703429821595e-07
2020-08-26 07:00:00,-2.080450069992771,-1.0442825938348137,3.967928684730109e-06,1.319589826982189e-06
2020-08-26 07:30:00,-1.6377973686254588,-1.3972521953805388,1.9358359364189917e-06,1.6607541830402874e-06
2020-08-26 08:00:00,-1.7527822018536097,-1.2957621286054959,2.881148077944182e-06,1.9017626699723938e-06
2020-08-26 08:30:00,-1.243089417915047,-1.3546000723970117,1.4881578529385805e-06,2.1031272621600243e-06
2020-08-26 09:00:00,-1.250737877074279,-1.1943337003806866,2.9231927343982558e-06,3.317454092997939e-06
2020-08-26 09:30:00,-0.3912454587159432,-1.1957650772172501,1.4594371419530234e-07,1.6959105681458084e-06
2020-08-26 10:00:00,-0.697905037700952,-0.7688422092441369,2.242573663689578e-06,4.3280359188623735e-06
2020-08-26 10:30:00,-1.2540699505510382,-0.8194690225303485,5.531477928130592e-06,3.5890631213090633e-06
2020-08-26 11:00:00,-1.7885119927657314,-0.9935070474114689,9.393063765177544e-06,3.922980325977804e-06
2020-08-26 11:30:00,-1.5107815271532012,-1.2292414633128093,4.6100094376352495e-06,3.756612433190331e-06
2020-08-26 12:00:00,-0.7303611783714677,-1.150343617598511,8.748352682211256e-07,2.7424386799257354e-06
2020-08-26 12:30:00,-0.23358532144540975,-0.8864287452335768,9.234079909986436e-08,1.9202912854553506e-06
2020-08-26 13:00:00,-0.296474874000723,-0.6717693843497211,9.836960010043151e-08,8.955094499934768e-07
2020-08-26 13:30:00,-0.047740449718572144,-0.624025377575995,2.898135599974208e-09,9.388229093791635e-07
2020-08-26 14:00:00,-0.564410152891446,-0.4122122776287317,3.312234698938918e-07,5.394462424361656e-07
2020-08-26 14:30:00,-0.6916409422812586,-0.5331459235337267,1.1999557218059287e-06,1.5882081936268165e-06
2020-08-26 15:00:00,0.48290951576801244,-0.5756509052358159,5.277711095105758e-07,1.5395670075449157e-06
2020-08-26 15:30:00,0.029248101031168313,-0.09370174040078932,3.0893237760309857e-09,1.291706986802489e-06
2020-08-26 16:00:00,-0.7518871888648375,-0.23194437062753986,2.871484295311462e-06,2.045417030212145e-06
2020-08-26 16:30:00,-0.22971953452726546,-0.5621732389131167,8.775624061949038e-08,1.1057691580611066e-06
2020-08-26 17:00:00,0.3869673677483919,-0.34461063245755896,1.1004001368849267e-07,3.4366070127286764e-07
2020-08-26 17:30:00,-1.4689153350393622,-0.04267714384832799,9.520993935849395e-07,1.54757686150717e-07
2020-08-26 18:00:00,-1.5301353326294134,-0.8472778961224074,9.647307870246462e-07,4.395635461448752e-07
2020-08-26 18:30:00,-0.8168434258219626,-0.9727190193297683,7.207385032361809e-07,1.3989358453312756e-06
2020-08-26 19:00:00,0.2807476115387878,-0.7179484073273131,2.2327589873662205e-08,2.448498366206143e-07
2020-08-26 19:30:00,-0.9120217345636386,-0.2765842696182679,2.353907159979953e-07,1.2038609507662946e-07
2020-08-26 20:00:00,0.5006843427340449,-0.7888752621231618,9.906392417315445e-08,3.838021950044264e-07
2020-08-26 20:30:00,-0.8408030610797201,-0.13439781842294068,8.985486988447198e-07,4.664190532738517e-07
2020-08-26 21:00:00,-0.34782198422797056,-0.5714131739601314,1.284316771354786e-07,7.17014909814914e-07
2020-08-26 21:30:00,-0.22833919638635292,-0.3566656836290754,5.7216310876687644e-08,5.224774306160322e-07
2020-08-26 22:00:00,-0.40574216327060425,-0.3406228864209734,1.265999588327244e-07,3.5753302875030737e-07
2020-08-26 22:30:00,-0.6487836639153767,-0.37087330979669075,2.9643963814379944e-07,3.4258861351889593e-07
2020-08-26 23:00:00,-1.2713995699342087,-0.5332696829799107,1.0761102357765811e-06,4.2158656259762084e-07
2020-08-26 23:30:00,-0.03753303731565487,-0.7874921671731808,6.821367703627469e-10,4.692323657308113e-07
2020-08-27 00:00:00,-0.6895368792897913,-0.30797757882153565,2.2557116193621326e-07,2.1052716410039466e-07
2020-08-27 00:30:00,-1.2617207853741583,-0.5699588090369241,6.98331013850996e-07,2.955535776542512e-07
2020-08-27 01:00:00,0.4126748826754459,-0.837106534210307,6.063350570098993e-08,3.737149285989293e-07
2020-08-27 01:30:00,-0.3869590661987897,-0.15603861575247785,7.076276776121779e-08,1.7638981594546156e-07
2020-08-27 02:00:00,-0.5235184313567073,-0.38939869584319986,1.4855167952638396e-07,2.712974980602783e-07
2020-08-27 02:30:00,-1.6971794281325876,-0.47309155646537465,3.2583725571233707e-06,6.478657678269218e-07
2020-08-27 03:00:00,-1.1189977379881368,-0.972566463040721,1.1512636240840361e-06,1.1904592870583471e-06
2020-08-27 03:30:00,-0.5425031318836544,-0.7561626586359548,6.873825614701829e-07,2.150325149700879e-06
2020-08-27 04:00:00,-1.1169034327564202,-0.6152136608166602,1.7757176008428906e-06,1.0354027308415457e-06
2020-08-27 04:30:00,-0.4407170357130205,-0.8779782043819804,2.873217987968511e-07,1.6564133215135297e-06
2020-08-27 05:00:00,-1.3425507976895628,-0.6258378724013534,2.148484277840945e-06,8.827530584811659e-07
2020-08-27 05:30:00,-1.2023472549051273,-0.9353244717084476,1.4865678215032237e-06,1.258379201308423e-06
2020-08-27 06:00:00,-0.49639700053119257,-0.8988282780561414,1.8715370442304668e-07,8.78609505201055e-07
2020-08-27 06:30:00,-1.6702066610618806,-0.6342407887214515,1.7875590600899254e-06,4.813420728330428e-07
2020-08-27 07:00:00,-1.3781298552708945,-1.0982765019338718,1.6905984548513567e-06,1.3842736234259618e-06
2020-08-27 07:30:00,-1.1872029267915662,-1.0580700802824563,9.838580795932887e-07,1.0250165009279827e-06
2020-08-27 08:00:00,-1.094134850392065,-0.9864122982633673,1.0116745128471366e-06,1.117123217014033e-06
2020-08-27 08:30:00,-0.7946428790909037,-0.9467393943783574,5.893303304978501e-07,1.162143272859702e-06
2020-08-27 09:00:00,-0.09177896353237587,-0.8630928996231448,1.5721264891696075e-08,2.0415084001666608e-06
2020-08-27 09:30:00,0.9690700485544501,-0.4983542902744116,9.004650244357586e-07,5.72688556913476e-07
2020-08-27 10:00:00,1.1371744442259175,0.04958456506848885,5.84945198700895e-06,1.5893256719022847e-06
2020-08-27 10:30:00,0.9780427780541605,0.2731841747304531,3.3567262849788707e-06,1.4862266630349893e-06
2020-08-27 11:00:00,0.3799966798422793,0.3597399359414297,4.242376129144767e-07,1.4052789034431974e-06
2020-08-27 11:30:00,0.23166202961287033,0.22557956604906992,1.0642879801389559e-07,7.928267587480105e-07
2020-08-27 12:00:00,0.44122604694051143,0.20120912363954346,3.222736226657381e-07,6.445891187408089e-07
2020-08-27 12:30:00,0.893985839872316,0.2463617645586199,1.3616679276293728e-06,6.978542629277502e-07
2020-08-27 13:00:00,1.2154161714634633,0.4043590221442065,1.6688318650941078e-06,5.788657175225453e-07
2020-08-27 13:30:00,1.4971595632844978,0.5517572573012097,2.8935875028287615e-06,8.434080957471253e-07
2020-08-27 14:00:00,1.2313466046851191,0.7357767692395338,1.5802330965035506e-06,9.27858006828516e-07
2020-08-27 14:30:00,0.04636644188508861,0.716189268647557,4.666042535989012e-09,1.8705176246822648e-06
2020-08-27 15:00:00,-0.13272380326996305,0.26320679398931934,4.110403411172266e-08,9.75773173417918e-07
2020-08-27 15:30:00,0.193418744167625,0.13953037981086347,1.2872383531325048e-07,1.267493740556204e-06
2020-08-27 16:00:00,0.26536288030109884,0.19900172905796365,3.481626786524338e-07,1.9208609812689134e-06
2020-08-27 16:30:00,-0.5980596890970967,0.14938218471857112,5.888910568085267e-07,6.111849701509805e-07
2020-08-27 17:00:00,-0.09153561692580807,-0.2808715023466107,6.424354064558132e-09,3.280044241486499e-07
2020-08-27 17:30:00,-0.9300761847500117,-0.1036173301086899,3.640976697358619e-07,1.51372130102022e-07
2020-08-27 18:00:00,-1.3856975498638984,-0.45898436509192736,7.69672207783976e-07,2.2429600014595477e-07
2020-08-27 18:30:00,-1.1424718459685186,-0.730054333209826,1.3108504797530206e-06,8.856697590106628e-07
2020-08-27 19:00:00,-0.20423588433923223,-0.73820632012272,1.2178065519958233e-08,2.609628326601614e-07
2020-08-27 19:30:00,-0.7757834878733757,-0.36327392666486474,1.6177192395361083e-07,1.2925544532894292e-07
2020-08-27 20:00:00,-0.19355764020540103,-0.613018860836799,1.4985697969074664e-08,2.898748240442728e-07
2020-08-27 20:30:00,-0.566271381881981,-0.34769256409125965,4.024072281508572e-07,5.89550996928535e-07
2020-08-27 21:00:00,0.29885665621051644,-0.4258073781631953,9.589041366953916e-08,5.692455730386146e-07
2020-08-27 21:30:00,-0.18384167333602766,-0.009768933366607002,3.7754863670166455e-08,3.8985760039603057e-07
2020-08-27 22:00:00,-0.583373293359531,-0.18359149310646242,2.5642833768366404e-07,2.882874209664024e-07
2020-08-27 22:30:00,-0.672084187581003,-0.32453397595864647,3.1665565912280936e-07,3.1842659981216973e-07
2020-08-27 23:00:00,1.0922203726377342,-0.39762952989388994,7.819803037863787e-07,3.3234720426868754e-07
2020-08-27 23:30:00,-0.2534372316705012,0.35452586911549666,3.111744631289816e-08,2.29922438162866e-07
2020-08-28 00:00:00,-0.19415946735492837,-0.17262266146483096,1.7686094065431327e-08,1.7766817909446216e-07
2020-08-28 00:30:00,-1.1442227160182057,-0.1540501202531538,5.436548638549363e-07,1.5473296396025988e-07
2020-08-28 01:00:00,-0.004359424628439388,-0.5456475099164538,6.8945751761953e-12,2.3458839127738145e-07
2020-08-28 01:30:00,1.8519141558802188,-0.09199394981571307,1.5862406974078661e-06,1.6528676815599096e-07
2020-08-28 02:00:00,1.0797714262729345,0.6380373577941891,6.094692499728256e-07,3.9518981274998773e-07
2020-08-28 02:30:00,0.18960746677002716,0.44419459266533545,3.950445555014339e-08,6.001982868653294e-07
2020-08-28 03:00:00,-0.4834032197707769,0.14007780002478198,2.1023076970119072e-07,3.315443198558974e-07
2020-08-28 03:30:00,0.047804919419640914,-0.0642810916017652,5.080030188115979e-09,7.847594023835436e-07
2020-08-28 04:00:00,1.1607670917959059,0.13398725144662316,1.7201092296993112e-06,4.683372011490987e-07
2020-08-28 04:30:00,0.039489374296734256,0.5000115550278651,2.2224658048861083e-09,8.535678006752358e-07
2020-08-28 05:00:00,-0.30889776553648207,0.023429270571691918,1.0734603788757142e-07,3.93134796515772e-07
2020-08-28 05:30:00,0.8418486955512351,-0.13400470912208073,5.984989226755253e-07,3.0980871425532806e-07
2020-08-28 06:00:00,0.5188520650511572,0.37892511067534085,1.871326486104126e-07,3.4233847577604614e-07
2020-08-28 06:30:00,0.8348955794577042,0.3026510416495255,3.886729898770928e-07,2.456205247664076e-07
2020-08-28 07:00:00,-0.5506665446744989,0.4107104994214833,2.2919582746624036e-07,3.912103073640487e-07
2020-08-28 07:30:00,0.3040099590706203,-0.12695343607432946,5.5475815790846324e-08,2.1910011410173516e-07
2020-08-28 08:00:00,-0.2083492803858324,0.22848197070796916,3.351398411149485e-08,3.096707406015977e-07
2020-08-28 08:30:00,-0.3332167798340803,-0.024260810529407928,1.0093762679512527e-07,3.177120189296031e-07
2020-08-28 09:00:00,-0.7340174522823094,-0.1260141791954973,8.919352999331738e-07,6.038823281638099e-07
2020-08-28 09:30:00,-0.17004342061323516,-0.3751166065723365,3.573504014699703e-08,6.051011718249974e-07
2020-08-28 10:00:00,0.32993905749187274,-0.1468873240277503,5.092382652211468e-07,1.7330645023576168e-06
2020-08-28 10:30:00,0.0490459948070172,0.04069581783324561,8.184428074373858e-09,1.1927244172872337e-06
2020-08-28 11:00:00,0.4373640156172923,-0.0398250950720313,5.416279124750889e-07,9.924004271533076e-07
2020-08-28 11:30:00,0.23083229514023498,0.15923454366193546,9.298391114589953e-08,6.531068252153511e-07
2020-08-28 12:00:00,-0.47913810421476993,0.14455386803137837,3.8313326551812376e-07,6.17151305832331e-07
2020-08-28 12:30:00,-0.9424921178607513,-0.13510048726171475,1.3164018623178057e-06,5.44101999204508e-07
2020-08-28 13:00:00,-0.5926079405046071,-0.39165534624034803,5.306985517754991e-07,7.590524307288646e-07
2020-08-28 13:30:00,0.33081710996073316,-0.303468309216625,1.6672156823828095e-07,6.71813284573643e-07
2020-08-28 14:00:00,0.029836290485918758,0.028228567311512298,9.88818177522459e-10,3.8843628612113246e-07
2020-08-28 14:30:00,-1.387308395496197,-0.10266410996299924,4.0403063168489165e-06,7.545635451354832e-07
2020-08-28 15:00:00,-0.7972882527241992,-0.6912773928933618,1.4599100966820942e-06,1.8987933839896144e-06
2020-08-28 15:30:00,-1.0379689293479208,-0.4716512828872346,3.6634528483640613e-06,1.9428025516993573e-06
2020-08-28 16:00:00,-1.292541486150112,-0.5912276028574882,8.360306108772295e-06,3.495177283191472e-06
2020-08-28 16:30:00,-0.706765991484828,-0.7979125752805476,6.547307037619048e-07,1.2918048696379414e-06
2020-08-28 17:00:00,-1.0354006595859455,-0.6431361896790924,5.800186463759019e-07,4.125525507320015e-07
2020-08-28 17:30:00,-0.3328920859467532,-0.7453779308912698,4.487951287336755e-08,3.663064984491568e-07
2020-08-28 18:00:00,-0.058926827358206556,-0.459065506761833,1.2123100478689418e-09,1.953880595997365e-07
2020-08-28 18:30:00,-0.9212528333586429,-0.2991759989016902,8.331208877473472e-07,4.3035627312107836e-07
2020-08-28 19:00:00,-1.1577396426491002,-0.5955226566340972,3.9829168223856875e-07,2.090611455556373e-07
2020-08-28 19:30:00,-0.4118231399787943,-0.7220664932313573,4.573411612979012e-08,2.3468121484420123e-07
2020-08-28 20:00:00,-0.6326901651422693,-0.40869047993260166,1.6336751782028026e-07,2.1055881779762525e-07
2020-08-30 18:30:00,1.0087246352161023,-0.5126766282356913,9.995854558481243e-07,6.009528326315424e-07
2020-08-30 19:00:00,-0.07234919528083088,0.16287920884265228,1.5388470810357483e-09,1.1037171805357375e-07
2020-08-30 19:30:00,-0.105838118875944,-0.17165719958169745,2.8361596637992716e-09,9.579877671661529e-08
2020-08-30 20:00:00,-0.3270652772406008,-0.10923028772897925,4.3499973556243175e-08,1.467322259264579e-07
2020-08-30 20:30:00,-0.43651384395609477,-0.1835566566765097,2.1110636640989914e-07,4.238805912786753e-07
2020-08-30 21:00:00,-0.8712283148367346,-0.21311881760217113,7.856811877335625e-07,4.081613962967535e-07
2020-08-30 21:30:00,-0.7656169013359673,-0.499454366606546,6.224538241651573e-07,6.35394637947249e-07
2020-08-30 22:00:00,-0.4262639013902759,-0.5124401025933235,1.3178613088502426e-07,4.435127813458255e-07
2020-08-30 22:30:00,-0.45828567378421003,-0.41333759739711257,1.371408537256835e-07,3.3938133242832585e-07
2020-08-30 23:00:00,-0.6682902580236936,-0.43322100112713563,2.939876508600425e-07,3.532112251467841e-07
2020-08-30 23:30:00,-0.7922138618875361,-0.5229096205184943,3.001543357856535e-07,2.9763522233166686e-07
2020-08-31 00:00:00,-0.6999210699058044,-0.5627964100076565,2.0369695868492048e-07,2.7677468463623186e-07
2020-08-31 00:30:00,-0.809245815227436,-0.5293080945879625,2.0002911189828797e-07,1.9214537669575323e-07
2020-08-31 01:00:00,-0.7199457065633397,-0.5988278416357742,1.7170039170560677e-07,2.3436657314134842e-07
2020-08-31 01:30:00,-0.3479513924985501,-0.5805181248478345,6.835452253516117e-08,3.872508430116332e-07
2020-08-31 02:00:00,-0.4741732433210428,-0.42145043445287367,1.2591175593747387e-07,2.9485486892291603e-07
2020-08-31 02:30:00,-0.6552463355796951,-0.4440221011696235,4.6819756578036746e-07,5.95466943459863e-07
2020-08-31 03:00:00,-0.9815087672123288,-0.5037840230833932,7.930500867087195e-07,4.961499949189494e-07
2020-08-31 03:30:00,-0.7457872808641451,-0.6357521473818276,1.143558114120955e-06,1.5483547179572216e-06
2020-08-31 04:00:00,-0.8006992412792576,-0.5512852373090812,9.021130974795907e-07,9.185720796698106e-07
2020-08-31 04:30:00,-0.7213158777971144,-0.6044033006178098,7.384692083763872e-07,1.0136870957996175e-06
2020-08-31 05:00:00,-1.3073091062524942,-0.5950694132722019,1.733231098118926e-06,7.129524439443215e-07
2020-08-31 05:30:00,-0.7790001525233814,-0.8550181601746005,5.15836098738085e-07,9.180009794054022e-07
2020-08-31 06:00:00,-1.1501849227998042,-0.6481143500125763,8.975204645744744e-07,5.216857237788816e-07
2020-08-31 06:30:00,-0.7653347943622079,-0.8136964402177878,3.350049423087404e-07,5.78230122294704e-07
2020-08-31 07:00:00,-0.6768901465205571,-0.6707493618874418,3.156083964465755e-07,5.5024149804398e-07
2020-08-31 07:30:00,-0.393144291500311,-0.6440817177622666,9.099668309898171e-08,4.496436392956362e-07
2020-08-31 08:00:00,-0.9651073686464099,-0.48253743394498705,7.12635646570841e-07,4.450899108406902e-07
2020-08-31 08:30:00,-0.20235180271193506,-0.7081111178795363,3.689735282552866e-08,7.662397309284201e-07
2020-08-31 09:00:00,-1.100305625051968,-0.36714913828467804,2.0067350235582492e-06,8.017500997683246e-07
2020-08-31 09:30:00,0.3966943639932556,-0.7206568808885594,1.9411234966881317e-07,1.0709879482376295e-06
2020-08-31 10:00:00,-0.22846638980161466,-0.09627226367736463,2.3594151264597735e-07,1.6190049555152162e-06
2020-08-31 10:30:00,0.21449893661987632,-0.31063302413187954,1.408712240271778e-07,1.363691941234073e-06
2020-08-31 11:00:00,-0.32395860490211,-0.06719189715563989,2.779891547597311e-07,9.361269630147177e-07
2020-08-31 11:30:00,0.8173657228717778,-0.27056090927728094,1.0677662164142713e-06,6.746259558857103e-07
2020-08-31 12:00:00,0.02214847447106735,0.2824902969085634,7.235036970377001e-10,6.322785157050224e-07
2020-08-31 12:30:00,0.2953805972141899,-0.027999137938098995,1.0757216528001025e-07,4.311346874034218e-07
2020-08-31 13:00:00,-0.04034236578874954,0.11248682802951038,1.9873642224207683e-09,4.414975474587532e-07
2020-08-31 13:30:00,-0.5039875405431493,-0.02154258275653964,3.577374122148436e-07,4.920444063053677e-07
2020-08-31 14:00:00,-0.2959129411086963,-0.20242253731466325,9.172940066981994e-08,4.084200436213435e-07
2020-08-31 14:30:00,-0.4263379081199622,-0.1998494951248495,3.499419299595649e-07,7.486174916549531e-07
2020-08-31 15:00:00,-0.8065397317067973,-0.2767532603674533,1.4057754413562486e-06,9.195116728855074e-07
2020-08-31 15:30:00,-0.010726079828285487,-0.48816424710172607,3.5970014582981155e-10,1.835898127465187e-06
2020-08-31 16:00:00,1.5923144214499656,-0.18962208794921398,1.111776263612942e-05,1.6875621369635646e-06
2020-08-31 16:30:00,0.7390386609540821,0.5483677336965646,6.751981826715366e-07,8.030608417735206e-07
2020-08-31 17:00:00,0.7817487617455968,0.3154352836777423,3.119406836785881e-07,2.2887779255038378e-07
2020-08-31 17:30:00,0.020759966396734688,0.4199931294030316,1.546200085982633e-10,1.884585666843513e-07
2020-08-31 18:00:00,0.46952953031171996,0.20525268736838653,7.324195181293506e-08,1.2991037267910554e-07
2020-08-31 18:30:00,0.8838357646177254,0.4090228374658046,8.567716281865569e-07,5.661617627226692e-07
2020-08-31 19:00:00,0.11136134012317257,0.5254194045859718,3.723094206650106e-09,1.8762552683075622e-07
2020-08-31 19:30:00,0.6853824688654624,0.20843905978999344,1.2005833647602498e-07,1.0027614791536482e-07
2020-08-31 20:00:00,0.717589557292944,0.42065905266805714,2.1435202916326312e-07,2.1889782459851015e-07
2020-08-31 20:30:00,0.35529400206965966,0.48627554548907836,1.2281235085254737e-07,5.694990433955873e-07
2020-08-31 21:00:00,-0.30064986617250805,0.3548755635145149,8.67234593256306e-08,4.5557486433071386e-07
2020-08-31 21:30:00,-0.07685752913328023,0.03716311258248933,5.968811540197553e-09,3.539427421948059e-07
2020-08-31 22:00:00,0.0032645981067364036,0.1115693541287297,7.261910403670174e-12,2.462169789761469e-07
2020-08-31 22:30:00,-0.47147712426312316,0.09271284388523404,1.341770280973829e-07,2.1578882922090486e-07
2020-08-31 23:00:00,-0.04241061672076222,-0.1621753679311368,1.156318492764253e-09,2.412088867898062e-07
2020-08-31 23:30:00,-0.3156970583573157,-0.034344159450194756,4.6639016954478895e-08,1.6382353955035094e-07
2020-09-01 00:00:00,0.096808563618394,-0.13575509315591267,3.729569375500856e-09,1.4618004834481292e-07
2020-09-01 00:30:00,-0.0502052871583686,0.022505402305053213,7.018571098157688e-10,9.729310141685708e-08
2020-09-01 01:00:00,-0.17727300827950637,-0.03569716195299566,9.934770394457371e-09,1.1070268115733613e-07
2020-09-01 01:30:00,-0.4916174871746845,-0.0661551235798577,1.32833313339854e-07,1.9416385199498287e-07
2020-09-01 02:00:00,-0.6190567805269364,-0.21482466222581517,2.1376375523831867e-07,2.203565180509147e-07
2020-09-01 02:30:00,-0.4343206754541849,-0.2842647475828917,2.0012928338673491e-07,4.5589260236289893e-07
2020-09-01 03:00:00,-0.3010426194823137,-0.2544540098406235,7.280973032310595e-08,3.3232594800993303e-07
2020-09-01 03:30:00,0.05306582578552452,-0.22207995031115033,5.4147138381588556e-09,7.65718798803099e-07
2020-09-01 04:00:00,-0.39104194633251643,-0.07289995715719638,2.082467252091148e-07,4.823907509738659e-07
2020-09-01 04:30:00,0.006857494033844032,-0.23102156499812415,6.399147362753046e-11,5.474078677184601e-07
2020-09-01 05:00:00,0.49144268102523836,-0.052620560596556454,2.334393472798318e-07,3.39909720330311e-07
2020-09-01 05:30:00,-0.038375842903489325,0.18573710309588765,1.1732470623178753e-09,3.054393173965517e-07
2020-09-01 06:00:00,0.07847014068419722,0.005548742861559208,4.000131034727638e-09,2.2667620479951062e-07
2020-09-01 06:30:00,0.1258514861020947,0.051320586319749006,8.33909904022478e-09,1.8508482092386853e-07
2020-09-01 07:00:00,0.11989097529203498,0.1027099205540436,8.776792626760763e-09,2.1948344809612312e-07
2020-09-01 07:30:00,-0.42370500620710333,0.10543408461436987,1.0539622240840085e-07,2.1135927966998965e-07
2020-09-01 08:00:00,-1.052947519085108,-0.15697832928363564,8.26971152819623e-07,2.7862352157964736e-07
2020-09-01 08:30:00,-1.0229004036335236,-0.4636291517634482,9.283226742938529e-07,5.002627560996707e-07
2020-09-01 09:00:00,-0.95784022875932,-0.5355548717272054,1.527539034128572e-06,1.0584542267057822e-06
2020-09-01 09:30:00,0.9072199519504907,-0.5908108644448312,1.0570846432452894e-06,8.964254645911601e-07
2020-09-01 10:00:00,0.34321024818352214,0.15004785682004007,5.327732720277e-07,1.6798938188040918e-06
2020-09-01 10:30:00,0.3522768028576882,-0.0023541267330569604,3.714725717698497e-07,1.0444022846769273e-06
2020-09-01 11:00:00,0.26225058437283555,0.09737723323105985,1.7719859319519147e-07,9.233687556176142e-07
2020-09-01 11:30:00,0.20431676605749155,0.15475882370200167,7.160134833188753e-08,6.395122691204882e-07
2020-09-01 12:00:00,0.06869088624762996,0.2110952455098306,6.94580562461099e-09,5.791985169506601e-07
2020-09-01 12:30:00,-0.16537807779205882,0.108124015407981,3.384584078197826e-08,4.4623673220518813e-07
2020-09-01 13:00:00,-0.41199958487332905,-0.0124331255771718,2.0706870161261707e-07,4.2580968218495577e-07
2020-09-01 13:30:00,-0.9337788316485874,-0.15440028941591305,1.2340415120243708e-06,5.275313608341785e-07
2020-09-01 14:00:00,-0.27690794987119377,-0.42917301432564275,8.166650513877226e-08,5.677721324115425e-07
2020-09-01 14:30:00,-1.3057797383099645,-0.22234721577174563,3.2991031985644787e-06,7.707423527764947e-07
2020-09-01 15:00:00,-0.7327121277856734,-0.6958796819534014,1.1741131311346812e-06,1.8220746114080988e-06
2020-09-01 15:30:00,-0.7419678174361155,-0.5268882365330111,1.7530640453496142e-06,1.9950657386051193e-06
