date,true_adj,pred_adj,naive_adj,true_raw,pred_raw,naive_raw
2017-04-18 11:30:00,1.2962088031146914,1.107176661491394,0.47486953858860165,2.014735052351692e-06,1.720916895250449e-06,7.381035388662424e-07
2017-04-18 12:00:00,1.795969846991761,1.3129658699035645,1.2962088031146914,2.4084274436316704e-06,1.7607105369414257e-06,1.7382390129363371e-06
2017-04-18 12:30:00,2.0132337645604603,1.8792424201965332,1.795969846991761,1.6522411579074947e-06,1.5422757788946053e-06,1.473934796741533e-06
2017-04-18 13:00:00,1.1600403727749606,1.7125741243362427,2.0132337645604603,1.1765509222759002e-06,1.7369487413905122e-06,2.041887591191705e-06
2017-04-18 13:30:00,0.8561158982349173,1.5139893293380737,1.1600403727749606,7.993366383739715e-07,1.4135786329190273e-06,1.0831042547671343e-06
2017-04-18 14:00:00,0.5844381769220377,1.4655601978302002,0.8561158982349173,6.829779031532021e-07,1.7126622975425255e-06,1.0004620918366225e-06
2017-04-18 14:30:00,0.8207535545726268,1.306644320487976,0.5844381769220377,9.657121176942387e-07,1.5374191762942103e-06,6.87659561572814e-07
2017-04-19 10:30:00,0.2997718266521178,1.1211717128753662,0.8207535545726268,6.244687511173235e-07,2.3355653769953902e-06,1.709750222104307e-06
2017-04-19 11:00:00,0.674824245021013,0.8080137372016907,0.2997718266521178,1.4696426801965198e-06,1.759704816681153e-06,6.528477214903662e-07
2017-04-19 11:30:00,0.4479304638374775,0.9712098836898804,0.674824245021013,7.879751914862905e-07,1.708500215675398e-06,1.1871145336588605e-06
2017-04-19 12:00:00,0.4616708095982514,0.7070862054824829,0.4479304638374775,6.381636960629766e-07,9.773993437413023e-07,6.191705311203863e-07
2017-04-19 12:30:00,1.9848563153293246,0.7154489159584045,0.4616708095982514,1.919860609054432e-06,6.920209694429876e-07,4.465530299864001e-07
2017-04-19 13:00:00,0.5357406637339657,1.9098411798477173,1.9848563153293246,5.748670833633864e-07,2.049321440516107e-06,2.129815110423223e-06
2017-04-19 13:30:00,1.107945801241169,1.0602985620498657,0.5357406637339657,1.0344646958321742e-06,9.899775135692348e-07,5.002093081932706e-07
2017-04-19 14:00:00,0.7733783198029138,1.390650987625122,1.107945801241169,8.888174778295399e-07,1.5982280233522815e-06,1.273324539123309e-06
2017-04-19 14:30:00,1.7156583545290474,1.7900679111480713,0.7733783198029138,2.0186718090484367e-06,2.1062233159519484e-06,9.099696380658147e-07
2017-04-20 10:30:00,1.3234586973840734,1.3843700885772705,1.7156583545290474,2.5016290394974814e-06,2.6167650126459298e-06,3.242972954146366e-06
2017-04-20 11:00:00,0.47762162237889816,1.2630943059921265,1.3234586973840734,9.840556161113458e-07,2.602384371333541e-06,2.7267546166891104e-06
2017-04-20 11:30:00,0.443634867325464,0.9895434975624084,0.47762162237889816,6.895545806341192e-07,1.5380762463385855e-06,7.423811827658947e-07
2017-04-20 12:00:00,0.9194000098139145,1.0174142122268677,0.443634867325464,1.2329317326902853e-06,1.3643705178973004e-06,5.94922231689029e-07
2017-04-20 12:30:00,0.7996186315571387,1.0364757776260376,0.9194000098139145,7.734344804388768e-07,1.0025355499716012e-06,8.892935217394444e-07
2017-04-20 13:00:00,0.6217960978705238,0.9865264892578125,0.7996186315571387,6.306459581808372e-07,1.0005674612939116e-06,8.109993932168528e-07
2017-04-20 13:30:00,0.9312797430786166,0.9771246314048767,0.6217960978705238,8.695154718572614e-07,9.12319838645562e-07,5.80557379731657e-07
2017-04-20 14:00:00,1.182524919989481,1.1258331537246704,0.9312797430786166,1.2498642916169672e-06,1.189944189228163e-06,9.843118539865869e-07
2017-04-20 14:30:00,0.6155633336952198,1.0644367933273315,1.182524919989481,7.242819324337556e-07,1.2524338202483434e-06,1.3913782503249587e-06
2017-04-21 10:30:00,0.568954877903043,0.9208096861839294,0.6155633336952198,1.0754502936429337e-06,1.7405335394005031e-06,1.163550562073152e-06
2017-04-21 11:00:00,0.6185110568861748,0.8077371716499329,0.568954877903043,1.181255974331911e-06,1.5426472155647098e-06,1.0866116962108508e-06
2017-04-21 11:30:00,0.6253678945053949,0.8333756923675537,0.6185110568861748,9.344065952379632e-07,1.245205822206673e-06,9.241613070641237e-07
2017-04-21 12:00:00,0.3645541847596059,0.8019917607307434,0.6253678945053949,4.888736326706453e-07,1.07548518665039e-06,8.386294469340596e-07
2017-04-21 12:30:00,1.1406951056266998,0.5939709544181824,0.3645541847596059,9.733685905143784e-07,5.068424225339936e-07,3.110783865339924e-07
2017-04-21 13:00:00,0.7342230592926697,0.9112555980682373,1.1406951056266998,6.89878577600513e-07,8.562189757857099e-07,1.071801146784646e-06
2017-04-21 13:30:00,3.9543420693095173,0.7543916702270508,0.7342230592926697,3.518593547584454e-06,6.712615187779784e-07,6.533153868921636e-07
2017-04-21 14:00:00,1.6622809272130974,1.139565110206604,3.9543420693095173,1.7569402034910812e-06,1.2044581176627195e-06,4.179523717193779e-06
2017-04-21 14:30:00,0.6774483532387325,1.0156974792480469,1.6622809272130974,7.119379600401646e-07,1.0674077041249623e-06,1.746909394164136e-06
2017-04-24 10:30:00,0.9091344918925462,1.1430127620697021,0.6774483532387325,1.71846484534996e-06,2.1605463954119784e-06,1.2805269076938519e-06
2017-04-24 11:00:00,0.4104535758643346,1.0693342685699463,0.9091344918925462,7.024167550643611e-07,1.8299714052346019e-06,1.5558185803778204e-06
2017-04-24 11:30:00,1.4769811635836005,0.9413604140281677,0.4104535758643346,2.051055991740858e-06,1.3072495202954845e-06,5.699891690327254e-07
2017-04-24 12:00:00,0.5488167351844253,0.9896275401115417,1.4769811635836005,7.359729834866032e-07,1.3271080973717888e-06,1.9806579570698656e-06
2017-04-24 12:30:00,0.8131034065897451,0.7969989776611328,0.5488167351844253,7.75114282095244e-07,7.597622705719994e-07,5.231753873452491e-07
2017-04-24 13:00:00,0.5076434606419697,0.9846547842025757,0.8131034065897451,4.7527732632592715e-07,9.218755474521759e-07,7.61261875848396e-07
2017-04-24 13:30:00,0.8545681871874304,0.6105637550354004,0.5076434606419697,7.60399089584498e-07,5.432827133317838e-07,4.5170371550586955e-07
2017-04-24 14:00:00,0.42841901969785057,0.6324438452720642,0.8545681871874304,4.528155183187621e-07,6.684586221366995e-07,9.032319267545877e-07
2017-04-24 14:30:00,0.965327496409114,0.5296770334243774,0.42841901969785057,1.0144733325848032e-06,5.56643447214032e-07,4.502302817150848e-07
2017-04-25 10:30:00,0.5543824245675664,0.6812708973884583,0.965327496409114,1.0479051405431003e-06,1.287752359813073e-06,1.8246820262813448e-06
2017-04-25 11:00:00,0.18767783028196575,0.6733761429786682,0.5543824245675664,3.211765234754607e-07,1.1523609808802516e-06,9.48724841559602e-07
2017-04-25 11:30:00,0.424123760128633,0.5404176115989685,0.18767783028196575,6.337134383509669e-07,8.074763429616196e-07,2.8042277823379225e-07
2017-04-25 12:00:00,0.4191053898922239,0.730486273765564,0.424123760128633,5.620277670480365e-07,9.795950593937186e-07,5.687574906121135e-07
2017-04-25 12:30:00,0.534742832174374,0.6915445923805237,0.4191053898922239,4.567514980514566e-07,5.906839877681393e-07,3.5797958038321257e-07
2017-04-25 13:00:00,0.5207732499343758,0.6328792572021484,0.534742832174374,4.4563602769441667e-07,5.415673678041228e-07,4.575900770599856e-07
2017-04-25 13:30:00,0.39070657962818833,0.7529255151748657,0.5207732499343758,3.373593947658661e-07,6.501208562827202e-07,4.496667257953666e-07
2017-04-25 14:00:00,0.6184492348498978,0.5978990793228149,0.39070657962818833,5.950701475877755e-07,5.752968446336196e-07,3.75936793032479e-07
2017-04-25 14:30:00,0.4601031227848542,0.5442832112312317,0.6184492348498978,4.570347297243114e-07,5.406534275031764e-07,6.143248434981816e-07
2017-04-26 10:30:00,0.34303805315092173,0.5240928530693054,0.4601031227848542,6.165577565621683e-07,9.419757101306555e-07,8.269640833306348e-07
2017-04-26 11:00:00,0.4686790230603892,0.5566121935844421,0.34303805315092173,6.789976694219828e-07,8.063906503598656e-07,4.969755998286233e-07
2017-04-26 11:30:00,1.0951398299166564,0.5851757526397705,0.4686790230603892,1.4138404470117818e-06,7.554698725144829e-07,6.050710067947895e-07
2017-04-26 12:00:00,2.744193364597431,0.7111790180206299,1.0951398299166564,3.496917675767275e-06,9.062533678693533e-07,1.395533521098693e-06
2017-04-26 12:30:00,1.3155231552715818,1.4702709913253784,2.744193364597431,1.018575877090395e-06,1.138393162103365e-06,2.124758619450849e-06
2017-04-26 13:00:00,1.923852518620029,0.9519880414009094,1.3155231552715818,1.435780901094068e-06,7.104735080700508e-07,9.817816090397478e-07
2017-04-26 13:30:00,1.1536544542375524,2.1035704612731934,1.923852518620029,9.586811709420424e-07,1.7480566954559013e-06,1.5987119700321193e-06
2017-04-26 14:00:00,6.640089866502125,1.3839483261108398,1.1536544542375524,6.105397109880551e-06,1.2725059871685465e-06,1.0607565126845446e-06
2017-04-26 14:30:00,2.1913554597520486,3.513471841812134,6.640089866502125,2.123314898055822e-06,3.4043801850674894e-06,6.433918183026663e-06
2017-04-27 10:30:00,0.58894289092401,2.3519773483276367,2.1913554597520486,1.0326511544931332e-06,4.123951849188058e-06,3.84231778715835e-06
2017-04-27 11:00:00,1.5841499363805867,1.6957918405532837,0.58894289092401,2.1700248684563542e-06,2.322955915482177e-06,8.067548974093066e-07
2017-04-27 11:30:00,0.7183840613784397,1.734813928604126,1.5841499363805867,9.082916183835194e-07,2.193418584179913e-06,2.002925992979799e-06
2017-04-27 12:00:00,0.7330397488110689,1.6434441804885864,0.7183840613784397,9.643658286605647e-07,2.1620674888978497e-06,9.450852314235376e-07
2017-04-27 12:30:00,0.6437937002480479,1.4512600898742676,0.7330397488110689,4.984729689231887e-07,1.123673508144977e-06,5.675738979548518e-07
2017-04-27 13:00:00,1.3566285097235518,1.2988651990890503,0.6437937002480479,1.1608939979278557e-06,1.1114647841560622e-06,5.509070737972484e-07
2017-04-27 13:30:00,0.46392655765817725,1.0119870901107788,1.3566285097235518,4.005818966660745e-07,8.738100918482999e-07,1.1713940763372716e-06
2017-04-27 14:00:00,0.5033287053457554,0.7820255160331726,0.46392655765817725,4.6279819772329447e-07,7.19052967871493e-07,4.2656890513067006e-07
2017-04-27 14:30:00,0.5034979059201072,0.7206437587738037,0.5033287053457554,4.878645315265462e-07,6.98268107251071e-07,4.877005845508595e-07
2017-04-28 10:30:00,0.6617892663600706,0.7989614605903625,0.5034979059201072,1.160379827092722e-06,1.4008972472351517e-06,8.828321079103749e-07
2017-04-28 11:00:00,0.4761277368545565,0.7651399374008179,0.6617892663600706,6.522166909887788e-07,1.0481158720382727e-06,9.065424507480594e-07
2017-04-28 11:30:00,0.6370432642953185,0.7403369545936584,0.4761277368545565,8.054480724375389e-07,9.360478423570738e-07,6.019939137222717e-07
2017-04-28 12:00:00,0.6552820663523963,0.8454104661941528,0.6370432642953185,7.852963778173756e-07,1.013148094478962e-06,7.63438820703263e-07
2017-04-28 12:30:00,0.4698869142657409,0.7038569450378418,0.6552820663523963,3.6382139980859483e-07,5.449784006196984e-07,5.073681164804024e-07
2017-04-28 13:00:00,0.38211984198505533,0.7930096387863159,0.4698869142657409,3.567892082791177e-07,7.404412178924339e-07,4.3873822215217014e-07
2017-04-28 13:30:00,0.576457646940857,0.944786548614502,0.38211984198505533,4.790334661629622e-07,7.851129698230559e-07,3.175397071530647e-07
2017-04-28 14:00:00,0.5021851617632497,0.7527773380279541,0.576457646940857,4.617467379051263e-07,6.921599972863824e-07,5.300384365814705e-07
2017-04-28 14:30:00,0.7472145685275325,0.8930270075798035,0.5021851617632497,7.24013905794354e-07,8.652989368392833e-07,4.865925474615298e-07
2017-05-01 10:30:00,0.8369228033979216,0.947659432888031,0.7472145685275325,1.4674585812463868e-06,1.661623940994985e-06,1.3101643618338611e-06
2017-05-01 11:00:00,0.6805509079896301,0.8207277059555054,0.8369228033979216,8.867387298376142e-07,1.069385162781405e-06,1.0904869201475173e-06
2017-05-01 11:30:00,0.3833517513149461,0.6730204820632935,0.6805509079896301,4.846922437893316e-07,8.509360044619604e-07,8.604571271029962e-07
2017-05-01 12:00:00,0.6023840717256915,0.7423447370529175,0.3833517513149461,7.219029084899019e-07,8.89633125997904e-07,4.594124533475013e-07
2017-05-01 12:30:00,0.5735106095370996,0.762711763381958,0.6023840717256915,4.440545723494325e-07,5.905481786776742e-07,4.664105544205424e-07
2017-05-01 13:00:00,3.658881275788197,0.6749104261398315,0.5735106095370996,2.730641670451744e-06,5.036890772146636e-07,4.280138793273155e-07
2017-05-01 13:30:00,0.6058842078624588,0.9964886903762817,3.658881275788197,5.034867933940896e-07,8.280771950486695e-07,3.040512324055277e-06
2017-05-01 14:00:00,0.8786117779680178,0.7511510252952576,0.6058842078624588,8.078616280443126e-07,6.906646432689528e-07,5.570954258115145e-07
2017-05-01 14:30:00,0.9415935585710646,1.0430911779403687,0.8786117779680178,9.123575191464187e-07,1.0107036849247575e-06,8.51331293362098e-07
2017-05-02 10:30:00,0.34221860579032415,0.8335716724395752,0.9415935585710646,6.00045341924343e-07,1.4615827156806022e-06,1.650988050464754e-06
2017-05-02 11:00:00,0.4064897950763457,0.7997208833694458,0.34221860579032415,5.108925792692211e-07,1.0051210872915996e-06,4.301139863875258e-07
2017-05-02 11:30:00,0.5625540038262254,0.7094976305961609,0.4064897950763457,7.11267292850306e-07,8.970560258490726e-07,5.139469173603801e-07
2017-05-02 12:00:00,0.3872502538577659,0.6035624742507935,0.5625540038262254,4.640844565702201e-07,7.233151174943762e-07,6.741701691769203e-07
2017-05-02 12:30:00,1.2519116313080898,0.6271306872367859,0.3872502538577659,9.693231037321076e-07,4.855712248338488e-07,2.998379507012338e-07
2017-05-02 13:00:00,0.384228790965056,0.8824284672737122,1.2519116313080898,3.587583555313688e-07,8.239324934449661e-07,1.1689227061579839e-06
2017-05-02 13:30:00,0.41455121322324195,0.6196828484535217,0.384228790965056,3.444900169617578e-07,5.149533957815361e-07,3.192922333710996e-07
2017-05-02 14:00:00,0.3086864339152831,0.6010335087776184,0.41455121322324195,2.730994212823397e-07,5.317431716597862e-07,3.667595462074304e-07
2017-05-02 14:30:00,0.4000906949899698,0.6045358180999756,0.3086864339152831,3.876680661118455e-07,5.857652638085854e-07,2.991018645757304e-07
2017-05-03 10:30:00,0.839666966850035,0.6335062384605408,0.4000906949899698,1.3454789614435131e-06,1.0151278416840576e-06,6.411037161528127e-07
2017-05-03 11:00:00,1.256810815259359,0.6976664662361145,0.839666966850035,1.5086820698255352e-06,8.374823605506287e-07,1.0079404808829732e-06
2017-05-03 11:30:00,0.5947157873090798,1.012325644493103,1.256810815259359,6.483591375698999e-07,1.1036373942135309e-06,1.3701751217285026e-06
2017-05-03 12:00:00,0.43531143566362335,0.8082413673400879,0.5947157873090798,4.6322653791908346e-07,8.600712495070839e-07,6.328529706117897e-07
2017-05-03 12:30:00,0.33367638671267186,0.7705841064453125,0.43531143566362335,2.583570778653824e-07,5.96643532232175e-07,3.370504925069278e-07
2017-05-03 13:00:00,0.5167654103730571,0.6002152562141418,0.33367638671267186,3.8566464912387354e-07,4.4794369270867856e-07,2.490243813136878e-07
2017-05-03 13:30:00,0.9340646362180678,0.9814915060997009,0.5167654103730571,7.490837915928454e-07,7.871183109791677e-07,4.1442591653358496e-07
2017-05-03 14:00:00,0.3577126732687021,1.1328001022338867,0.9340646362180678,3.019941884887193e-07,9.56351488662766e-07,7.885717026268044e-07
2017-05-03 14:30:00,1.377076175112933,1.2167773246765137,0.3577126732687021,1.322197861519464e-06,1.1682871330634435e-06,3.4345734838924287e-07
2017-05-04 10:30:00,0.8409072829257842,1.0557178258895874,1.377076175112933,1.241929941148962e-06,1.5591820929593272e-06,2.0337939364316128e-06
2017-05-04 11:00:00,1.022435350155589,0.6913514733314514,0.8409072829257842,1.2273365741344364e-06,8.299018110751895e-07,1.009429362583926e-06
2017-05-04 11:30:00,0.6138825966340267,1.147071123123169,1.022435350155589,6.138639943172199e-07,1.1470363637399429e-06,1.0224043675761798e-06
2017-05-04 12:00:00,1.3699507996704432,0.8790650963783264,0.6138825966340267,1.1984755694588033e-06,7.69033488083523e-07,5.370435892725493e-07
2017-05-04 12:30:00,4.13289648248006,1.0980428457260132,1.3699507996704432,3.061702830485436e-06,8.134442522345071e-07,1.0148771590958954e-06
2017-05-04 13:00:00,1.0598820771598998,1.9866622686386108,4.13289648248006,6.99800143962275e-07,1.3117181350241628e-06,2.7287956044796783e-06
2017-05-04 13:30:00,0.5017624930634482,1.1610032320022583,1.0598820771598998,4.0096296690329835e-07,9.277682308332255e-07,8.469613972759136e-07
2017-05-04 14:00:00,1.3237374952452805,1.151991605758667,0.5017624930634482,1.1175478548069247e-06,9.725536614286463e-07,4.2360634171031673e-07
2017-05-04 14:30:00,1.7271489300010259,1.4063830375671387,1.3237374952452805,1.6735217638526352e-06,1.3627155022933586e-06,1.2826360653909767e-06
2017-05-05 10:30:00,1.0688517632830394,1.6841671466827393,1.7271489300010259,1.5033066262545797e-06,2.368728497534402e-06,2.4291810335082876e-06
2017-05-05 11:00:00,0.7551749477957732,1.1501160860061646,1.0688517632830394,9.06515833161258e-07,1.3806051762988302e-06,1.283055071604995e-06
2017-05-05 11:30:00,0.6693067307872,1.0332754850387573,0.7551749477957732,6.166651585932041e-07,9.520074452298945e-07,6.957797636374838e-07
2017-05-05 12:00:00,0.387938420171367,1.0185943841934204,0.6693067307872,3.393805961073001e-07,8.910980488769495e-07,5.855303456998346e-07
2017-05-05 12:30:00,0.4927001220527059,0.8950362801551819,0.387938420171367,3.8148508215256404e-07,6.930036620287248e-07,3.003707802479061e-07
2017-05-05 13:00:00,0.6611462603106558,0.5958942174911499,0.4927001220527059,4.593904448972652e-07,4.1405075717487956e-07,3.42347437864017e-07
2017-05-05 13:30:00,0.3466476440988869,0.9566439986228943,0.6611462603106558,2.712879020428845e-07,7.486736108158493e-07,5.17415839849213e-07
2017-05-05 14:00:00,0.3053988837345614,0.6189878582954407,0.3466476440988869,2.701908773583195e-07,5.476276483458066e-07,3.066842614090187e-07
2017-05-05 14:30:00,0.6679125471327385,0.5494750142097473,0.3053988837345614,6.471741750586749e-07,5.32414072116353e-07,2.959163912898846e-07
2017-05-08 10:30:00,0.25925356940400573,0.5946995615959167,0.6679125471327385,3.6463204922644465e-07,8.364263617171893e-07,9.393981395316586e-07
2017-05-08 11:00:00,0.5689386673890733,0.549278199672699,0.25925356940400573,6.687741809252065e-07,6.456637580496365e-07,3.0474654557365734e-07
2017-05-08 11:30:00,0.39531949037087977,0.6281208395957947,0.5689386673890733,3.387373506018649e-07,5.382178067235803e-07,4.875063879737477e-07
2017-05-08 12:00:00,0.7247025935910685,0.6402152180671692,0.39531949037087977,5.635201980086657e-07,4.978238102690551e-07,3.073957778826259e-07
2017-05-08 12:30:00,0.6320671458978404,0.5928373336791992,0.7247025935910685,4.893933983092872e-07,4.5901875972647585e-07,5.611186522553585e-07
2017-05-08 13:00:00,0.308092484643225,0.5318182706832886,0.6320671458978404,2.034218426306087e-07,3.5113953750704506e-07,4.173300872096943e-07
2017-05-08 13:30:00,0.3038719511906284,0.5539805293083191,0.308092484643225,2.3189545067073986e-07,4.227621667725996e-07,2.3511628926155418e-07
2017-05-08 14:00:00,0.17341051723522552,0.420236736536026,0.3038719511906284,1.4711100066589233e-07,3.565034452006451e-07,2.577865952231291e-07
2017-05-08 14:30:00,0.30151541511035396,0.459818571805954,0.17341051723522552,2.8949962556818574e-07,4.414941913281647e-07,1.664998779276651e-07
2017-05-09 10:30:00,1.0144837926525527,0.47879329323768616,0.30151541511035396,1.3124421983224969e-06,6.194170147123794e-07,3.900718346626978e-07
2017-05-09 11:00:00,0.47746462132948275,0.730517566204071,1.0144837926525527,5.261363553089906e-07,8.049849823461067e-07,1.1178981255198125e-06
2017-05-09 11:30:00,0.8388235900408365,0.6504530906677246,0.47746462132948275,6.68300511349587e-07,5.182235433805541e-07,3.8040161766348984e-07
2017-05-09 12:00:00,0.24060340763164068,0.7801800966262817,0.8388235900408365,1.8115668650220786e-07,5.874182854308139e-07,6.315725268709826e-07
2017-05-09 12:30:00,0.42866104199484784,0.7090014219284058,0.24060340763164068,3.3190126306385424e-07,5.489616372810824e-07,1.862930545747349e-07
2017-05-09 13:00:00,0.5732219175270825,0.6661284565925598,0.42866104199484784,3.78476803271073e-07,4.398194854563187e-07,2.8302871174389816e-07
2017-05-09 13:30:00,1.379711120478691,0.7003697156906128,0.5732219175270825,1.0413251586662976e-06,5.285980481650116e-07,4.3263433581139105e-07
2017-05-09 14:00:00,0.75231493087675,0.7186930775642395,1.379711120478691,5.607904194305923e-07,5.357280254153849e-07,1.0284639400212246e-06
2017-05-09 14:30:00,0.34248759919412525,0.6586778163909912,0.75231493087675,3.288390137272333e-07,6.324286310385529e-07,7.22334182212416e-07
2017-05-10 10:30:00,0.6047736612112864,0.6828045845031738,0.34248759919412525,8.037203555013191e-07,9.074203765681121e-07,4.5515251842776283e-07
2017-05-10 11:00:00,0.979873830345548,0.7593146562576294,0.6047736612112864,9.88807263323831e-07,7.662372685175297e-07,6.102873353213059e-07
2017-05-10 11:30:00,0.7300759556784702,0.8883880972862244,0.979873830345548,5.472804447729022e-07,6.659545890152305e-07,7.34534237871838e-07
2017-05-10 12:00:00,0.6457041598518956,0.8329458832740784,0.7300759556784702,4.706782639985111e-07,6.071658612731776e-07,5.321800675476746e-07
2017-05-10 12:30:00,0.332431022439628,0.9279794096946716,0.6457041598518956,2.462691738491873e-07,6.874590731557449e-07,4.783459402516761e-07
2017-05-10 13:00:00,0.4536043852969481,0.6659748554229736,0.332431022439628,2.734130010885609e-07,4.0142068677646177e-07,2.0037496648242603e-07
2017-05-10 13:30:00,0.4812816879625842,0.7995672821998596,0.4536043852969481,3.672831055724629e-07,6.101781178579323e-07,3.4616157543501433e-07
2017-05-10 14:00:00,0.4021758294191618,0.9793972969055176,0.4812816879625842,2.997898124951174e-07,7.300621034873675e-07,3.5875688302804377e-07
2017-05-10 14:30:00,0.36770467402644086,1.2160358428955078,0.4021758294191618,3.432417870193733e-07,1.1351346482069738e-06,3.7541962378184325e-07
2017-05-11 10:30:00,2.0144706620833146,0.6065879464149475,0.36770467402644086,2.5728538675041214e-06,7.747256752307741e-07,4.6962728744328756e-07
2017-05-11 11:00:00,2.1595784150415462,1.6182247400283813,2.0144706620833146,2.13027604513246e-06,1.5962677600928162e-06,1.9871371954676875e-06
2017-05-11 11:30:00,0.9833358256950591,1.6532213687896729,2.1595784150415462,6.887391668072534e-07,1.1579343275562176e-06,1.512592340647512e-06
2017-05-11 12:00:00,0.6243926320852083,0.9913535118103027,0.9833358256950591,4.24607783513982e-07,6.741534023597052e-07,6.687011087941401e-07
2017-05-11 12:30:00,0.8655889640479428,1.4570746421813965,0.6243926320852083,5.809885998607458e-07,9.779973999375977e-07,4.1909614857157343e-07
2017-05-11 13:00:00,0.8304844718125601,1.5606061220169067,0.8655889640479428,4.703257119253877e-07,8.838132563403088e-07,4.902063308445479e-07
2017-05-11 13:30:00,1.077373359113333,1.62149178981781,0.8304844718125601,8.131383211090533e-07,1.2238070493497976e-06,6.268010466423337e-07
2017-05-11 14:00:00,0.9132536249331482,2.155085325241089,1.077373359113333,5.835910075889709e-07,1.3771512995524296e-06,6.884674607675272e-07
2017-05-11 14:30:00,2.3564735571639,1.9800783395767212,0.9132536249331482,1.9283487951299542e-06,1.6203371638853135e-06,7.47333455932097e-07
2017-05-12 10:30:00,1.0563393425767555,1.1140118837356567,2.3564735571639,1.3491418932528306e-06,1.4228004594272399e-06,3.0096552009103354e-06
2017-05-12 11:00:00,0.7365697414281311,1.055279016494751,1.0563393425767555,7.265755504893631e-07,1.0409603995446779e-06,1.0420063385283197e-06
2017-05-12 11:30:00,1.1029518860808034,0.9317309856414795,0.7365697414281311,7.600958441569203e-07,6.420994959035193e-07,5.076047345824509e-07
2017-05-12 12:00:00,1.201246095805467,1.2177762985229492,1.1029518860808034,7.217590430729352e-07,7.316910822586041e-07,6.626997587196211e-07
2017-05-12 12:30:00,0.3938557402826497,1.2594283819198608,1.201246095805467,2.393086368396639e-07,7.652347254305145e-07,7.298828893286496e-07
2017-05-12 13:00:00,0.46031953153456306,0.7387533783912659,0.3938557402826497,2.3776978674530094e-07,3.81589789709527e-07,2.034391090537221e-07
2017-05-12 13:30:00,0.398017225415909,0.8109031915664673,0.46031953153456306,3.0040009408950924e-07,6.120222429808271e-07,3.474222263614986e-07
2017-05-12 14:00:00,0.5269334818501998,0.8433818817138672,0.398017225415909,3.105380132094308e-07,4.970307314780023e-07,2.3456372134447938e-07
2017-05-12 14:30:00,0.23698176912639024,0.6401278972625732,0.5269334818501998,1.939268563287574e-07,5.23829285358494e-07,4.312000623772714e-07
2017-05-15 10:30:00,0.6791414137589388,0.6401754021644592,0.23698176912639024,8.673899530335458e-07,8.176231058319156e-07,3.026698143095544e-07
2017-05-15 11:00:00,0.5841747223606102,0.7779549956321716,0.6791414137589388,5.522120257408599e-07,7.353897517805885e-07,6.419826834356409e-07
2017-05-15 11:30:00,0.6447800759034765,0.6266872882843018,0.5841747223606102,4.4434817354626766e-07,4.3187958552162105e-07,4.0258218362146445e-07
2017-05-15 12:00:00,0.42799622342097926,0.7936242818832397,0.6447800759034765,2.910208982472419e-07,5.396338536317132e-07,4.3842554348145847e-07
2017-05-15 12:30:00,0.5295526483570413,0.6778053045272827,0.42799622342097926,2.858158662745895e-07,3.658323886775465e-07,2.3100273738380478e-07
2017-05-15 13:00:00,0.5583452859679507,0.7163549065589905,0.5295526483570413,2.639864994022967e-07,3.3869368805420906e-07,2.503732966002242e-07
2017-05-15 13:30:00,0.33211395216832185,0.6789733171463013,0.5583452859679507,2.079980836748989e-07,4.2523100252423116e-07,3.4968344073478676e-07
2017-05-15 14:00:00,0.42684634713518366,0.5005649328231812,0.33211395216832185,2.4423751592632466e-07,2.8641860607007193e-07,1.9003251925774556e-07
2017-05-15 14:30:00,0.4477334877377424,0.5542478561401367,0.42684634713518366,3.242252734629643e-07,4.01357431697306e-07,3.090998940593787e-07
2017-05-16 10:30:00,1.046511917448668,0.7638731002807617,0.4477334877377424,1.2570229009341349e-06,9.175299052507667e-07,5.377972655806484e-07
2017-05-16 11:00:00,1.7267340424674695,0.8169375061988831,1.046511917448668,1.548236850370139e-06,7.324884553380332e-07,9.383311355987613e-07
2017-05-16 11:30:00,1.1163984882822209,1.8651634454727173,1.7267340424674695,7.693625280261928e-07,1.285371557425627e-06,1.1899733671135394e-06
2017-05-16 12:00:00,1.534685911508145,0.9791759848594666,1.1163984882822209,9.221036711589976e-07,5.883300052336795e-07,6.707790413673369e-07
2017-05-16 12:30:00,1.0509367943239647,1.0733301639556885,1.534685911508145,5.190925565998792e-07,5.301533849539718e-07,7.58032298122206e-07
2017-05-16 13:00:00,0.8613846666269009,0.9049320220947266,1.0509367943239647,4.004216209011622e-07,4.206649608838306e-07,4.885364587411976e-07
2017-05-16 13:30:00,0.6700511160698391,0.9499644637107849,0.8613846666269009,3.2916939823871534e-07,4.66679665727548e-07,4.2316394311636363e-07
2017-05-16 14:00:00,1.0401463276669138,0.8731306791305542,0.6700511160698391,5.32340970587135e-07,4.46863312222939e-07,3.4292834766017256e-07
2017-05-16 14:30:00,0.4881474740648994,0.9840283989906311,1.0401463276669138,3.5047813809294976e-07,7.065087077823754e-07,7.468000299771137e-07
2017-05-17 10:30:00,2.774211398273714,0.7968875169754028,0.4881474740648994,3.332257570620182e-06,9.571853331099355e-07,5.86340722644306e-07
2017-05-17 11:00:00,4.569462540270951,2.90732741355896,2.774211398273714,4.0971047753966505e-06,2.606789075248157e-06,2.4874336243389094e-06
2017-05-17 11:30:00,3.8811883095817445,4.4767022132873535,4.569462540270951,2.6747087898695344e-06,3.0851053348654567e-06,3.1490308242115116e-06
2017-05-17 12:00:00,3.717660206274777,4.912225723266602,3.8811883095817445,2.233726196755729e-06,2.951471267846949e-06,2.3319807407417623e-06
2017-05-17 12:30:00,1.7563897952623593,4.769201278686523,3.717660206274777,8.675392032450094e-07,2.355666770888267e-06,1.8362757412887003e-06
2017-05-17 13:00:00,1.8843494206275486,3.447286605834961,1.7563897952623593,8.526930546403649e-07,1.559942818445683e-06,7.947896304511597e-07
2017-05-17 13:30:00,2.8141738200781137,4.6911115646362305,1.8843494206275486,1.2382314618485963e-06,2.0640807219978837e-06,8.291103844013587e-07
2017-05-17 14:00:00,4.2117120069363105,4.225212574005127,2.8141738200781137,2.095619791872825e-06,2.1023372634151155e-06,1.4002472973967592e-06
2017-05-17 14:30:00,4.474131078615431,7.429714202880859,4.2117120069363105,3.0404229214845462e-06,5.0489073667257885e-06,2.862094449084314e-06
2017-05-18 10:30:00,4.4686838303418925,6.244468688964844,4.474131078615431,5.583515079101826e-06,7.802316388793803e-06,5.590321287379172e-06
2017-05-18 11:00:00,3.4915559307682233,7.152645587921143,4.4686838303418925,3.130624302407945e-06,6.41325716902667e-06,4.006743834679938e-06
2017-05-18 11:30:00,2.7316230663443037,5.574746131896973,3.4915559307682233,1.8824894963544917e-06,3.841818868583288e-06,2.406194854109842e-06
2017-05-18 12:00:00,2.8063336910037933,5.961139678955078,2.7316230663443037,1.8034612182975416e-06,3.8308645412744e-06,1.755449210816001e-06
2017-05-18 12:30:00,5.5595571153725505,4.617701530456543,2.8063336910037933,2.746049745492272e-06,2.2808360179279745e-06,1.3861413342870112e-06
2017-05-18 13:00:00,2.9007798587500813,5.973787784576416,5.5595571153725505,1.3126412816647916e-06,2.7032180433432357e-06,2.5157731826488027e-06
2017-05-18 13:30:00,4.435341507536491,4.5277180671691895,2.9007798587500813,1.9515423530314216e-06,1.9921878745192753e-06,1.2763379644052613e-06
2017-05-18 14:00:00,5.062175192074686,5.019675254821777,4.435341507536491,2.518784405241446e-06,2.4976377291358933e-06,2.206891029491295e-06
2017-05-18 14:30:00,5.836931276186201,7.645763397216797,5.062175192074686,3.966522064601311e-06,5.195724907625939e-06,3.4400318667725024e-06
2017-05-19 10:30:00,0.7132243865923765,4.956849098205566,5.836931276186201,8.911570539589964e-07,6.193466070868918e-06,7.293108000834612e-06
2017-05-19 11:00:00,0.8256387976737312,2.4388015270233154,0.7132243865923765,7.402902706586604e-07,2.1866959832915887e-06,6.394964428494254e-07
2017-05-19 11:30:00,2.440696234026925,1.6245864629745483,0.8256387976737312,1.7084952468497864e-06,1.137215771218297e-06,5.779498250435622e-07
2017-05-19 12:00:00,0.9572820943810681,2.3167238235473633,2.440696234026925,6.151874018835523e-07,1.4888185188623097e-06,1.5684881016904236e-06
2017-05-19 12:30:00,1.1825827424463569,1.547074556350708,0.9572820943810681,5.841168588661506e-07,7.64151460909984e-07,4.728333924964609e-07
2017-05-19 13:00:00,1.2537306995742676,1.4306106567382812,1.1825827424463569,5.673297363078005e-07,6.473702581599581e-07,5.351343439720118e-07
2017-05-19 13:30:00,2.0036645163009514,1.4189553260803223,1.2537306995742676,8.816088137031358e-07,6.243378128155281e-07,5.516392718255115e-07
