date,true_adj,pred_adj,true_raw,pred_raw
2020-01-13 13:30:00,1.1685638873432562,1.07868230342865,2.510219390479526e-07,2.317142659944568e-07
2020-01-13 14:00:00,0.691143965598878,1.07868230342865,1.4384577559962236e-07,2.2450299834106404e-07
2020-01-13 14:30:00,1.2738874646523455,0.9086105227470398,4.502456396527449e-07,3.2114133890241404e-07
2020-01-13 15:00:00,0.9328731778847844,1.07868230342865,2.015820721594854e-07,2.3308957646306087e-07
2020-01-13 15:30:00,0.7418459947382112,1.0252196788787842,2.919755057869716e-07,4.0350562840070716e-07
2020-01-13 16:00:00,0.6127542828856342,0.941013514995575,6.250794844585497e-07,9.599414630803098e-07
2020-01-13 16:30:00,0.9456834935293342,0.8979817032814026,3.472511410378111e-07,3.297352372428521e-07
2020-01-13 17:00:00,1.6233489341324328,1.1613454818725586,2.4065165774163733e-07,1.721624412023003e-07
2020-01-13 17:30:00,0.576692313004239,1.426975131034851,1.2924493712582905e-07,3.198053917693981e-07
2020-01-13 18:00:00,0.7676635887005666,1.4437228441238403,1.1432623733599997e-07,2.1501006815250717e-07
2020-01-13 18:30:00,0.5304405237716715,0.4806274473667145,1.762020688574511e-07,1.5965512961476638e-07
2020-01-13 19:00:00,1.7329426928530134,0.9813851118087769,2.949837767848591e-07,1.670526601691489e-07
2020-01-13 19:30:00,1.484562206739405,1.5755445957183838,3.324527832073908e-07,3.5282737465368134e-07
2020-01-13 20:00:00,0.847905095324133,1.4251567125320435,1.8014195286123926e-07,3.027821329823291e-07
2020-01-13 20:30:00,1.9086479537212497,1.3883545398712158,3.4562574418335576e-07,2.5140889397532647e-07
2020-01-13 21:00:00,1.2578813971248144,1.4730556011199951,2.6512551775268855e-07,3.104781021629851e-07
2020-01-13 21:30:00,1.8331901358491298,1.2698416709899902,3.055756001511646e-07,2.1167069532042192e-07
2020-01-13 22:00:00,2.2643892475680536,1.5904545783996582,2.940010607044863e-07,2.0649953781312195e-07
2020-01-13 22:30:00,2.94389087690405,1.724496603012085,3.6954054637782427e-07,2.164724996783766e-07
2020-01-13 23:00:00,1.5946271283206186,2.2609636783599854,2.2540840881562526e-07,3.195983663376999e-07
2020-01-13 23:30:00,0.79338516005948,1.804317593574524,9.820228430522977e-08,2.2333176648760315e-07
2020-01-14 00:00:00,1.572649454580523,1.3945367336273193,1.8486592517779801e-07,1.639286636354719e-07
2020-01-14 00:30:00,1.851690376071675,1.6049383878707886,2.137116784590023e-07,1.8523295315861972e-07
2020-01-14 01:00:00,2.670395476557508,1.739472508430481,3.177895540361389e-07,2.0700536589616331e-07
2020-01-14 01:30:00,1.2612385722598465,2.089045763015747,2.1385131925120739e-07,3.542114887880404e-07
2020-01-14 02:00:00,1.8225257275234938,1.3369089365005493,1.9061242077195465e-07,1.3982323809733114e-07
2020-01-14 02:30:00,2.2059851343513603,1.7146053314208984,3.410286052925165e-07,2.650650068743612e-07
2020-01-14 03:00:00,1.7000019603324128,1.6550227403640747,2.893642468262084e-07,2.817081508847523e-07
2020-01-14 03:30:00,8.433608991108029,1.7146053314208984,2.329399193849792e-06,4.735813909553394e-07
2020-01-14 04:00:00,3.267242219133965,3.7424962520599365,9.476296372222924e-07,1.0854721284133637e-06
2020-01-14 04:30:00,2.413768932728154,2.877657651901245,5.56793457515606e-07,6.638004706346868e-07
2020-01-14 05:00:00,4.304825123757903,2.8714237213134766,8.949474633559841e-07,5.969518625570576e-07
2020-01-14 05:30:00,2.6107047325584305,3.1691064834594727,5.29421599230607e-07,6.426592029658598e-07
2020-01-14 06:00:00,5.847199285213096,2.7733213901519775,1.1910364393661046e-06,5.649075177064173e-07
2020-01-14 06:30:00,5.483330008324722,3.863921880722046,1.4362752539052534e-06,1.0120958198537575e-06
2020-01-14 07:00:00,4.964142116415526,3.9932565689086914,8.145439824367898e-07,6.552356947587616e-07
2020-01-14 07:30:00,2.5231302670137317,4.082364082336426,5.627795399295882e-07,9.105637588825553e-07
2020-01-14 08:00:00,2.379901821757883,3.0216047763824463,4.1463843897941314e-07,5.264391481353369e-07
2020-01-14 08:30:00,1.3278055158007593,3.0632753372192383,3.227443143774375e-07,7.445779420971217e-07
2020-01-14 09:00:00,2.6866528946093715,2.3510005474090576,7.219843388104235e-07,6.317844702491295e-07
2020-01-14 09:30:00,1.8297075077867389,2.9961490631103516,7.337550166812481e-07,1.201525050548287e-06
2020-01-14 10:00:00,2.770285403493818,2.138150691986084,3.975577645134314e-06,3.0684145692237547e-06
2020-01-14 10:30:00,1.338873553516086,2.5344934463500977,1.3692322582654515e-06,2.5919626061709617e-06
2020-01-14 11:00:00,1.1656095613213124,1.810389757156372,9.418007545236068e-07,1.4627766413814376e-06
2020-01-14 11:30:00,1.0217344309691718,1.753147006034851,6.441332964096223e-07,1.105238627435431e-06
2020-01-14 12:00:00,0.4851630617934386,1.576314926147461,3.183416094504779e-07,1.0343051029804932e-06
2020-01-14 12:30:00,0.6216295143598589,1.2498542070388794,2.4068448567876776e-07,4.83922513403141e-07
2020-01-14 13:00:00,1.1680287999128198,1.3069714307785034,3.604795847920743e-07,4.0336036126618044e-07
2020-01-14 13:30:00,1.545252508892428,1.5183265209197998,3.6548349865854884e-07,3.59114957444448e-07
2020-01-14 14:00:00,51.90834511400439,1.6438473463058472,1.0803532309721942e-05,3.421291485802845e-07
2020-01-14 14:30:00,13.52255917621949,13.89921760559082,4.779443612549115e-06,4.912570611729671e-06
2020-01-14 15:00:00,4.875447836668966,11.863873481750488,1.0535224947185616e-06,2.5636327176989567e-06
2020-01-14 15:30:00,5.540150935037174,7.079619884490967,1.954510522057124e-06,2.497619959935187e-06
2020-01-14 16:00:00,2.494261892547984,6.818658351898193,2.4381764545827546e-06,6.6653354626121715e-06
2020-01-14 16:30:00,1.743258193345727,6.187322616577148,6.221436835920737e-07,2.2081661218880803e-06
2020-01-14 17:00:00,0.6317095386937094,3.7626047134399414,9.881801198147476e-08,5.885824020057086e-07
2020-01-14 17:30:00,0.3318489743215934,3.09029221534729,6.493733090132693e-08,6.047188441068619e-07
2020-01-14 18:00:00,1.4251575082165564,2.758639097213745,1.9161779051162518e-07,3.709094086649961e-07
2020-01-14 18:30:00,1.1616642984155237,2.6333179473876953,3.50630364952182e-07,7.94826211141258e-07
2020-01-14 19:00:00,5.738880220272927,2.208251953125,9.768797138380734e-07,3.7589154212187507e-07
2020-01-14 19:30:00,1.1116010665877178,3.5240843296051025,2.891985778740989e-07,9.16839869143621e-07
2020-01-14 20:00:00,1.3845568137839799,2.355221748352051,2.664653114214924e-07,4.5327493273903136e-07
2020-01-14 20:30:00,2.210057156419036,2.5635621547698975,4.002061500581149e-07,4.642202747631659e-07
2020-01-14 21:00:00,1.3085156354972012,2.45454478263855,3.128361501314456e-07,5.868254985230647e-07
2020-01-14 21:30:00,4.711750670157759,2.27880597114563,8.185477013888709e-07,3.958849948081049e-07
2020-01-14 22:00:00,3.195549668988034,2.7894842624664307,4.530953865232417e-07,3.9551957598048524e-07
2020-01-14 22:30:00,2.731552145018302,2.950582265853882,3.428861035743076e-07,3.7038050262346737e-07
2020-01-14 23:00:00,1.4795178949533634,2.9623687267303467,2.0913715099460405e-07,4.187454290462815e-07
2020-01-14 23:30:00,0.9335919702670594,2.6189420223236084,1.1037134066743563e-07,3.0961721109432377e-07
2020-01-15 00:00:00,1.482518008098941,2.2906594276428223,1.7427091737558238e-07,2.692684457588723e-07
2020-01-15 00:30:00,2.7679684502395316,2.0352628231048584,3.194633352673191e-07,2.3489857680942576e-07
2020-01-15 01:00:00,1.8537549903932442,2.448262929916382,2.206055158724163e-07,2.9135474183184434e-07
2020-01-15 01:30:00,1.8817994250071182,2.1793196201324463,3.190715051498014e-07,3.6951801672249035e-07
2020-01-15 02:00:00,3.1052206270915232,2.0543713569641113,3.24765577693768e-07,2.1486044976034322e-07
2020-01-15 02:30:00,1.2457912897250059,2.8352136611938477,2.3186203064780894e-07,5.276793972045857e-07
2020-01-15 03:00:00,1.5653360919658161,1.8099315166473389,2.664422217448503e-07,3.0807580364158284e-07
2020-01-15 03:30:00,4.15637190656579,1.8669679164886475,1.148007855083432e-06,5.156645943862653e-07
2020-01-15 04:00:00,1.5182856401415927,2.552496910095215,4.403629648090686e-07,7.403251913063545e-07
2020-01-15 04:30:00,1.5840609229590148,1.8364721536636353,3.654014873796724e-07,4.236261666164496e-07
2020-01-15 05:00:00,1.2035848929237811,2.053459644317627,2.5021811941002295e-07,4.269020104077272e-07
2020-01-15 05:30:00,1.2629302506255342,1.7783088684082031,2.561080709987632e-07,3.6062106652559597e-07
2020-01-15 06:00:00,0.767312671540314,1.833426833152771,1.562965973304539e-07,3.7345711351395605e-07
2020-01-15 06:30:00,0.9980021747505701,1.4807506799697876,2.657029418264841e-07,3.9422740925175977e-07
2020-01-15 07:00:00,1.7606385526281423,1.6322166919708252,2.888953427717356e-07,2.6782317131519275e-07
2020-01-15 07:30:00,2.8400906795750887,2.034564733505249,6.334769737835661e-07,4.5380590120471084e-07
2020-01-15 08:00:00,1.6329005535538386,2.4745256900787354,2.844921291896316e-07,4.3112428419036037e-07
2020-01-15 08:30:00,1.3415044307380048,1.8753130435943604,3.260740542049376e-07,4.5582475392333447e-07
2020-01-15 09:00:00,7.186120085264548,1.7941783666610718,1.9311263352188195e-06,4.821496235560794e-07
2020-01-15 09:30:00,0.927562574353216,3.9015769958496094,3.719740391953253e-07,1.5646225866645333e-06
2020-01-15 10:00:00,1.7428399169029263,2.2066869735717773,2.501112486081249e-06,3.1667695288279454e-06
2020-01-15 10:30:00,0.5361584104763504,2.1202914714813232,5.483157010881445e-07,2.1683686798153406e-06
2020-01-15 11:00:00,1.404052125523753,1.626395344734192,1.1960741167341188e-06,1.3854823051443198e-06
2020-01-15 11:30:00,2.9007588890580216,1.891892910003662,1.8749448269514728e-06,1.2228506264818974e-06
2020-01-15 12:00:00,2.1626430494961326,2.387753486633301,1.419026556759188e-06,1.5667336361016327e-06
2020-01-15 12:30:00,2.2744466472323226,2.1802706718444824,8.806274619322654e-07,8.441641092826405e-07
2020-01-15 13:00:00,5.657841943297754,2.314983367919922,1.763220771217393e-06,7.21445879939172e-07
2020-01-15 13:30:00,4.556294043952326,3.5559370517730713,1.317098599118863e-06,1.0279230585790916e-06
2020-01-15 14:00:00,7.0041793680021405,3.3543312549591064,1.4577594014817456e-06,6.981271703205196e-07
2020-01-15 14:30:00,1.3676730527309484,4.749072551727295,5.164901686924569e-07,1.7934471096557292e-06
2020-01-15 15:00:00,2.6684019046688814,2.5076656341552734,6.095150748606926e-07,5.727997735473819e-07
2020-01-15 15:30:00,4.104068923698569,3.0419914722442627,1.6152781147040411e-06,1.1972660161380311e-06
2020-01-15 16:00:00,2.0027225471408117,3.6447410583496094,2.04300616453454e-06,3.7180529379723666e-06
2020-01-15 16:30:00,0.7009822064861128,2.820181369781494,2.5739782148577244e-07,1.0355591540837482e-06
2020-01-15 17:00:00,0.6952920807826132,1.8730334043502808,1.0307284425229927e-07,2.7766586978618456e-07
2020-01-15 17:30:00,0.6766957913014885,1.7702325582504272,1.1398113387110994e-07,2.9817403447547575e-07
2020-01-15 18:00:00,0.40174313566150427,1.6172775030136108,5.983061037646954e-08,2.408571337357361e-07
2020-01-15 18:30:00,2.835057074682057,1.2729272842407227,8.557180401531665e-07,3.842133728648556e-07
2020-01-15 19:00:00,1.0637750541619422,2.1939966678619385,1.8107718415638553e-07,3.7346498877802475e-07
2020-01-15 19:30:00,1.1576486512202242,1.6499102115631104,3.3397043281719054e-07,4.7598312915099784e-07
2020-01-15 20:00:00,0.7566477557934562,1.801624059677124,1.6075384510409345e-07,3.827646256895818e-07
2020-01-15 20:30:00,1.2831537520494083,1.4817813634872437,2.3584552003195594e-07,2.723535629983126e-07
2020-01-15 21:00:00,1.2181874330746874,1.5638995170593262,3.222505522569392e-07,4.13702743406835e-07
2020-01-15 21:30:00,0.8637216454328625,1.5062267780303955,1.5522816663030529e-07,2.7069927275697086e-07
2020-01-15 22:00:00,1.0550558415038014,1.5163763761520386,1.4959583916001367e-07,2.1500624663577814e-07
2020-01-15 22:30:00,0.7510231113099984,1.464229941368103,9.781880890160127e-08,1.9071214542633274e-07
2020-01-15 23:00:00,0.7326127561186567,1.442997694015503,1.0355842610595132e-07,2.0397484048525035e-07
2020-01-15 23:30:00,1.742594919835208,1.421677589416504,1.9546053402118669e-07,1.5946440430319956e-07
2020-01-16 00:00:00,1.176521575580833,1.7579264640808105,1.4368352230900764e-07,2.146880019558096e-07
2020-01-16 00:30:00,1.3593248945382754,1.5483494997024536,1.6659416943785046e-07,1.8976037291662975e-07
2020-01-16 01:00:00,1.5554062537048454,1.6553951501846313,2.009989528360666e-07,2.1392011953434873e-07
2020-01-16 01:30:00,0.4401695651735437,1.7244553565979004,7.463365320165561e-08,2.923927804852253e-07
2020-01-16 02:00:00,1.9490647918146597,1.322842001914978,2.067255352941965e-07,1.403058646916057e-07
2020-01-16 02:30:00,0.8950519167579267,1.8063037395477295,1.665837260754296e-07,3.361825182697463e-07
2020-01-16 03:00:00,0.674622914539991,1.1686372756958008,1.1483030967764003e-07,1.9891850302844618e-07
2020-01-16 03:30:00,3.5307036437000523,1.1110152006149292,9.75195581159719e-07,3.0686719237232077e-07
2020-01-16 04:00:00,2.822616553490879,2.3741283416748047,1.0416070564338832e-06,8.761051268227605e-07
2020-01-16 04:30:00,3.0893179406593245,2.114758014678955,7.126249717699971e-07,4.878194473532673e-07
2020-01-16 05:00:00,1.0814880905747566,2.82442307472229,2.384317634991775e-07,6.226903286710347e-07
2020-01-16 05:30:00,1.4743616818920493,1.8047384023666382,2.989839906969052e-07,3.6598067918523295e-07
2020-01-16 06:00:00,1.5612644548748935,1.9912303686141968,3.180194083594137e-07,4.056006666626683e-07
2020-01-16 06:30:00,1.5949162426725447,2.0426437854766846,4.2500697733618733e-07,5.443156435508395e-07
2020-01-16 07:00:00,0.9559799573856455,1.724131464958191,1.6021819357762705e-07,2.889571341656425e-07
2020-01-16 07:30:00,1.199230273756256,1.3720813989639282,2.784196885886831e-07,3.1854972658529316e-07
2020-01-16 08:00:00,1.3467537013406357,1.5041402578353882,2.806156466820552e-07,3.13409416089091e-07
2020-01-16 08:30:00,0.7517124486979637,1.484518051147461,2.118165172294337e-07,4.1830548889130464e-07
2020-01-16 09:00:00,0.7145440927623697,1.2322429418563843,2.40480669252045e-07,4.147128362549915e-07
2020-01-16 09:30:00,0.5505247806920583,1.3872160911560059,2.2703576351842817e-07,5.72086262901256e-07
2020-01-16 10:00:00,1.0118182995657488,1.1858686208724976,1.876738652823299e-06,2.1995702972725843e-06
2020-01-16 10:30:00,1.4207460980813138,1.3819626569747925,1.4529612473029803e-06,1.4132983990002938e-06
2020-01-16 11:00:00,0.8045729482832228,1.4260159730911255,7.484234341471001e-07,1.326497210733693e-06
2020-01-16 11:30:00,1.0055383079168303,1.275866985321045,6.79723233312412e-07,8.624598642448845e-07
2020-01-16 12:00:00,0.4274954655493587,1.533513069152832,3.072318646509947e-07,1.1021031044084747e-06
2020-01-16 12:30:00,0.9591609901870994,1.1365256309509277,4.27005692866468e-07,5.059660677088574e-07
2020-01-16 13:00:00,0.6957860872635797,1.2533469200134277,2.283351947752649e-07,4.113091916335367e-07
2020-01-16 13:30:00,0.6926103278988739,1.1940176486968994,2.313276425937139e-07,3.9879464218539856e-07
2020-01-16 14:00:00,1.1291723449941646,1.1516677141189575,2.454490531785715e-07,2.503388887090471e-07
2020-01-16 14:30:00,0.22401211474737867,1.365213394165039,9.285571376892176e-08,5.658973591899027e-07
2020-01-16 15:00:00,0.6358084823170715,0.960889458656311,1.9738537841146035e-07,2.9830606964736103e-07
2020-01-16 15:30:00,0.56576454967214,1.1516677141189575,2.402238240000965e-07,4.889985108176697e-07
2020-01-16 16:00:00,0.9322861412446699,1.0440680980682373,9.510385432031901e-07,1.065068930088441e-06
2020-01-16 16:30:00,1.1657848963792141,1.2292423248291016,4.280714829456536e-07,4.513727931486165e-07
2020-01-16 17:00:00,0.5982575215425847,1.4731465578079224,8.868805793288624e-08,2.1838506422054417e-07
2020-01-16 17:30:00,1.5284839887958805,1.0693265199661255,2.284525952158909e-07,1.5982530429506645e-07
2020-01-16 18:00:00,1.0918982472098908,1.409379482269287,1.626137021407854e-07,2.0989539631435737e-07
2020-01-16 18:30:00,3.616001271577373,1.24167001247406,1.2534995200213688e-06,4.3042926364409544e-07
2020-01-16 19:00:00,0.8067491218012989,2.331744432449341,1.4555773236761385e-07,4.2070505300373834e-07
2020-01-16 19:30:00,0.6701763196590811,1.3487576246261597,2.0830801064032562e-07,4.192285065589445e-07
2020-01-16 20:00:00,0.8462433856729578,1.174312710762024,1.7978891379672385e-07,2.494889889835831e-07
2020-01-16 20:30:00,1.066875001338018,1.2474836111068726,1.9857526628905582e-07,2.321915781662366e-07
2020-01-16 21:00:00,1.8026953419692262,1.3132567405700684,4.768720754525948e-07,3.4739950389712e-07
2020-01-16 21:30:00,1.5102148754890456,1.5109281539916992,2.5526944104318176e-07,2.553900054791674e-07
2020-01-16 22:00:00,1.2806708570429834,1.5204219818115234,1.7587794926122807e-07,2.0880361156194237e-07
2020-01-16 22:30:00,1.7184124906377842,1.2646228075027466,2.1570877360800418e-07,1.5874549118406562e-07
2020-01-16 23:00:00,0.8832392361929104,1.6249727010726929,1.2485022190952144e-07,2.296979051794853e-07
2020-01-16 23:30:00,1.5364076111457479,1.176289439201355,1.8163756036301415e-07,1.3906358082799418e-07
2020-01-17 00:00:00,0.8650189167509308,1.3408230543136597,1.0785780658758553e-07,1.6718505325124472e-07
2020-01-17 00:30:00,0.7570947564889549,1.074033260345459,1.0221791660116221e-07,1.450088529763422e-07
2020-01-17 01:00:00,0.9224285208034885,1.074033260345459,1.192017624373047e-07,1.387930388773589e-07
2020-01-17 01:30:00,0.6360209957143095,1.0825222730636597,1.0784155511614765e-07,1.8354879188216336e-07
2020-01-17 02:00:00,0.9159370206549114,1.0583595037460327,1.0216658359668165e-07,1.1805284891476207e-07
2020-01-17 02:30:00,0.7714718996642818,1.100916862487793,1.4749112823018358e-07,2.1047489896471762e-07
2020-01-17 03:00:00,1.065972823565605,1.0936875343322754,1.8144356914032844e-07,1.8616100276342595e-07
2020-01-17 03:30:00,1.1071872677392964,1.306567668914795,3.058099007947753e-07,3.608796279136556e-07
2020-01-17 04:00:00,0.8195962218257216,1.2159422636032104,3.4514527547356697e-07,5.120530284978821e-07
2020-01-17 04:30:00,1.0896047559801307,0.9620348811149597,2.5134336231675733e-07,2.219163236562132e-07
2020-01-17 05:00:00,1.6200486232766635,1.0987820625305176,3.571662541350649e-07,2.422445028786061e-07
2020-01-17 05:30:00,1.8737091460574502,1.3373026847839355,3.799671714030375e-07,2.7118996537761466e-07
2020-01-17 06:00:00,0.6314059177578633,1.6353906393051147,1.2861327610003052e-07,3.3311842969614734e-07
2020-01-17 06:30:00,0.734811441709097,1.107413649559021,1.9706315949540846e-07,2.969883432174925e-07
2020-01-17 07:00:00,0.943444485835538,0.9647449851036072,1.5811730161657126e-07,1.6168717511513762e-07
2020-01-17 07:30:00,0.6769368126752728,1.070357322692871,1.8201223175597613e-07,2.8779366320728576e-07
2020-01-17 08:00:00,1.0012969369206794,0.9826902747154236,2.086347245194532e-07,2.0475775685853285e-07
2020-01-17 08:30:00,0.4227738159743153,1.129135012626648,1.191286341347503e-07,3.181661368927082e-07
2020-01-17 09:00:00,3.651583883010448,0.923866331577301,1.0963229853408165e-06,2.7737440166804385e-07
2020-01-17 09:30:00,2.560743756860372,2.576301336288452,1.0560476737904443e-06,1.062463601007222e-06
2020-01-17 10:00:00,0.8039212030586421,2.5272936820983887,1.663901759537664e-06,5.230821613502317e-06
2020-01-17 10:30:00,0.8029361830012167,1.3253505229949951,8.6132777050372e-07,1.4217334269833104e-06
2020-01-17 11:00:00,0.8255344691661178,1.3193161487579346,7.679220930040718e-07,1.2272437507202346e-06
2020-01-17 11:30:00,1.5466565080817818,1.4377819299697876,1.0272251022793069e-06,9.54915123268249e-07
2020-01-17 12:00:00,0.8833756569360092,1.5645655393600464,6.348632257864534e-07,1.1244198518189344e-06
2020-01-17 12:30:00,0.5410875656178044,1.058597207069397,2.4088497470376856e-07,4.712733717235527e-07
2020-01-17 13:00:00,0.5522712805434077,0.9716351628303528,1.812381315464465e-07,3.188602189904377e-07
2020-01-17 13:30:00,0.892072259000427,0.9017578363418579,2.9794671604716226e-07,3.011816400488723e-07
2020-01-17 14:00:00,0.8192764833305868,1.0437424182891846,1.93075085570154e-07,2.459739304430493e-07
2020-01-17 14:30:00,0.42357012154116985,1.0254454612731934,1.7557490589849677e-07,4.2505946763193e-07
2020-01-17 15:00:00,0.6375930947379719,0.7943375706672668,1.9793940750640649e-07,2.466003935669556e-07
2020-01-17 15:30:00,1.9993689285482672,0.9259809255599976,8.489327404503722e-07,3.9317182212649533e-07
2020-01-17 16:00:00,1.2460175762294912,1.8451861143112183,1.2710805063784274e-06,1.8823009765547438e-06
2020-01-17 16:30:00,1.1172721307049465,1.1330633163452148,4.428998407242118e-07,4.4915965282612874e-07
2020-01-17 17:00:00,0.8567822431994878,1.5616751909255981,1.1595414032605637e-07,2.113520741934255e-07
2020-01-17 17:30:00,0.6106528729514936,1.0247681140899658,1.209782211079391e-07,2.030197989432687e-07
2020-01-17 18:00:00,2.118299499222476,0.9686149954795837,3.320032794021623e-07,1.5181203370692856e-07
2020-01-17 18:30:00,0.24500320213623591,1.7223001718521118,9.09458217348504e-08,6.393222743107893e-07
2020-01-17 19:00:00,2.352164199945032,1.3022719621658325,4.243892901126803e-07,2.3496245439417895e-07
2020-01-17 19:30:00,1.5033457661622145,2.261622667312622,4.672784708554177e-07,7.029704046938202e-07
2020-01-17 20:00:00,1.6863138694218611,2.360927104949951,3.582663617070504e-07,5.015915361213082e-07
2020-01-19 18:30:00,1.0508438724400837,4.808097839355469,3.9007596088868004e-07,1.784778342360566e-06
2020-01-19 19:00:00,0.6765572136518448,2.3893208503723145,1.2426659962436893e-07,4.3885834264441665e-07
2020-01-19 19:30:00,0.6944051550086916,0.9823044538497925,2.313838583124701e-07,3.2731524662492435e-07
2020-01-19 20:00:00,0.7432652432171617,0.727724015712738,1.6377508670390962e-07,1.603506485168027e-07
2020-01-19 20:30:00,1.2376662640405205,0.7161856889724731,2.428328281915946e-07,1.405171987121704e-07
2020-01-19 21:00:00,0.595393330477567,1.0209927558898926,1.694355208321554e-07,2.905515236815028e-07
2020-01-19 21:30:00,0.7779567687731063,0.7823121547698975,1.4117066245520006e-07,1.4196100550650455e-07
2020-01-19 22:00:00,1.1366807490593476,0.8871886134147644,1.751087012612763e-07,1.366737722948281e-07
2020-01-19 22:30:00,1.0248569415797866,1.0209927558898926,1.3554077715719782e-07,1.350297256043044e-07
2020-01-19 23:00:00,0.6392355866513606,0.9812560081481934,9.035910269327559e-08,1.3870537601501595e-07
2020-01-19 23:30:00,0.6388175419165811,0.7985811233520508,7.907047551249512e-08,9.884542144741973e-08
2020-01-20 00:00:00,0.515567967840442,0.7985811233520508,6.428533420628119e-08,9.957378582022738e-08
2020-01-20 00:30:00,0.878590152301689,0.7436203956604004,1.1862141976925268e-07,1.0039869769940345e-07
2020-01-20 01:00:00,0.5089183998413824,0.8645103573799133,6.215707064328176e-08,1.0558751928061564e-07
2020-01-20 01:30:00,1.0994574030264301,0.9079111218452454,1.864202548740857e-07,1.5394231943094115e-07
2020-01-20 02:00:00,0.759479361126169,1.184961199760437,8.471478921440519e-08,1.3217441237126363e-07
2020-01-20 02:30:00,0.8577718563006287,1.0847944021224976,1.6399008039687914e-07,2.0739258336753432e-07
2020-01-20 03:00:00,2.3076061664737897,1.0749971866607666,4.075346798665101e-07,1.8984982822811784e-07
2020-01-20 03:30:00,1.6131847463014777,1.5414773225784302,4.816381275963544e-07,4.602289062558294e-07
2020-01-20 04:00:00,0.4713563337034071,1.120797872543335,1.9849580477552098e-07,4.7198618071645307e-07
2020-01-20 04:30:00,1.474320739363906,0.6011150479316711,3.629742493153574e-07,1.4799309095339792e-07
2020-01-20 05:00:00,0.6069199642890732,0.9641661047935486,1.4170002592995953e-07,2.2510770791675803e-07
2020-01-20 05:30:00,0.7152543053721134,0.6640530824661255,1.644451358591732e-07,1.5267338979110785e-07
2020-01-20 06:00:00,0.5997430242537651,0.7115214467048645,1.1342165637982613e-07,1.3456086652354135e-07
2020-01-20 06:30:00,0.27478270788295983,0.6333639621734619,7.369176024828027e-08,1.6985677741507547e-07
2020-01-20 07:00:00,1.8586858624932847,0.41821497678756714,3.115078815369099e-07,7.009105953565817e-08
2020-01-20 07:30:00,0.6736863177767998,1.1193736791610718,1.811382508766613e-07,3.009729973286868e-07
2020-01-20 08:00:00,0.5529604358888677,0.6792598366737366,1.24539574111723e-07,1.5298514193797993e-07
2020-01-20 08:30:00,0.4421883063337586,0.5555435419082642,1.245992229734008e-07,1.565403079596907e-07
2020-01-20 09:00:00,0.27196126768007534,0.5701107382774353,1.24635036308421e-07,2.6127166258327674e-07
2020-01-20 09:30:00,0.34352086416871863,0.4580382704734802,1.4166759502272185e-07,1.8889443691686488e-07
2020-01-20 10:00:00,0.21892317326946242,0.7752788066864014,4.5311238442364594e-07,1.604619663805117e-06
2020-01-20 10:30:00,0.13197058678272783,0.4771321713924408,1.415678277951791e-07,5.118304519357138e-07
2020-01-20 11:00:00,0.182650168062277,0.3539234399795532,1.69903383304647e-07,3.292238409703636e-07
2020-01-20 11:30:00,0.24560316270988308,0.27944350242614746,1.6984543311890228e-07,1.9324752245921364e-07
2020-01-20 12:00:00,0.1888928158117261,0.44485291838645935,1.3575323412246324e-07,3.1970629544731016e-07
2020-01-20 12:30:00,0.2666994155299947,0.4086135923862457,1.1873102626208031e-07,1.8190932691863363e-07
2020-01-20 13:00:00,0.5167747439532333,0.44485291838645935,1.6958928034845697e-07,1.4598679051718098e-07
2020-01-20 13:30:00,0.5077615703566188,0.7352059483528137,1.6958928034845697e-07,2.455543210989544e-07
2020-01-20 14:00:00,0.7196190477096263,0.4876067638397217,1.6958928034845697e-07,1.1491202245939695e-07
2020-01-20 14:30:00,0.4091299478229734,0.6161348819732666,1.6958928034845697e-07,2.5539531336542374e-07
2020-01-20 15:00:00,0.7424465404677247,0.4876067638397217,1.6958928034845697e-07,1.1137890159811877e-07
2020-01-20 15:30:00,0.3395737039686413,0.6383124589920044,1.6958928034845697e-07,3.1878484491809964e-07
2020-01-20 16:00:00,0.15391788797488348,0.3648141324520111,1.6958928034845697e-07,4.0195825837721354e-07
2020-01-20 16:30:00,0.4278108935189801,1.0790987014770508,1.6958928034845697e-07,4.277674434681696e-07
2020-01-20 17:00:00,1.3745708805585184,1.2291133403778076,1.6958928034845697e-07,1.5164328723205954e-07
2020-01-20 17:30:00,1.1346533377704509,1.7366838455200195,1.6958928034845697e-07,2.5957087839115425e-07
2020-01-20 18:00:00,1.08204017828535,1.7102184295654297,1.6958928034845697e-07,2.680443097485268e-07
2020-01-20 18:30:00,0.49175745987542224,1.743455171585083,1.9224047286484322e-07,6.815608789932339e-07
2020-01-20 19:00:00,0.7701352830820201,0.8531744480133057,1.4145454508242306e-07,1.5670675798243677e-07
2020-01-20 19:30:00,0.6284668862965894,0.9834259152412415,2.0941246176536402e-07,3.276889305784927e-07
2020-01-20 20:00:00,0.58596734395136,0.9255722165107727,1.2449188268170453e-07,1.9664274635903437e-07
2020-01-20 20:30:00,6.355828272313679,0.8227894306182861,1.380551957889913e-06,1.787184157129067e-07
2020-01-20 21:00:00,3.5410620133027124,3.0449600219726562,1.0077064283566268e-06,8.665269844763018e-07
2020-01-20 21:30:00,2.039225564192065,2.6214258670806885,3.700447574311597e-07,4.7569279050891545e-07
2020-01-20 22:00:00,4.974410999342059,1.9257187843322754,8.211699617024718e-07,3.1789540924322935e-07
2020-01-20 22:30:00,2.3288680687558734,3.041640520095825,3.1912611101153066e-07,4.1679772387957524e-07
2020-01-20 23:00:00,1.491797077915273,2.173927068710327,2.1087287406355426e-07,3.072953123250056e-07
2020-01-20 23:30:00,1.8424288322322686,2.068441390991211,2.280490348237184e-07,2.560240344445005e-07
2020-01-21 00:00:00,1.1887454566879037,1.8310973644256592,1.4822274411165584e-07,2.28316562274819e-07
2020-01-21 00:30:00,1.1394297623561382,1.3965426683425903,1.5383825528198725e-07,1.8855193590908196e-07
2020-01-21 01:00:00,1.7734334064664092,1.290501594543457,2.1659941075277467e-07,1.5761622846080258e-07
2020-01-21 01:30:00,1.2811349849420481,1.5762592554092407,2.3366452029512965e-07,2.8749184676478035e-07
2020-01-21 02:00:00,3.1693366825589004,1.2804722785949707,3.535180845656403e-07,1.428280276309465e-07
2020-01-21 02:30:00,2.1466806041691053,2.3593549728393555,4.104055434767412e-07,4.510649409148945e-07
2020-01-21 03:00:00,2.98402239475773,1.8487286567687988,5.405461612119694e-07,3.348913132470203e-07
2020-01-21 03:30:00,5.169634982308025,2.577235698699951,1.709727405691794e-06,8.523562147181397e-07
2020-01-21 04:00:00,2.1939451345808636,3.2647438049316406,9.239059157227558e-07,1.3748366206394699e-06
2020-01-21 04:30:00,1.2935284665716857,2.097445249557495,3.5654990359754926e-07,5.78142592805025e-07
2020-01-21 05:00:00,1.4380296053488293,2.0319042205810547,3.357425103072148e-07,4.7439678653641104e-07
2020-01-21 05:30:00,0.816329482711974,1.9571791887283325,1.6554245098906248e-07,3.9689395861399853e-07
2020-01-21 06:00:00,1.680841149818185,1.3885349035263062,3.178757894866056e-07,2.6259568236765035e-07
2020-01-21 06:30:00,1.0558170535508287,1.5389809608459473,2.823348091486861e-07,4.115371071177571e-07
2020-01-21 07:00:00,0.9501244522671425,1.4272011518478394,1.6331364105897805e-07,2.453167225363689e-07
2020-01-21 07:30:00,1.0355079390202573,1.1922988891601562,2.2850814814111305e-07,2.6310760248779094e-07
2020-01-21 08:00:00,0.6321799344605306,1.245927095413208,1.4238165100027993e-07,2.8061181192392223e-07
2020-01-21 08:30:00,1.0983154401314825,1.069171667098999,3.0948183943330965e-07,3.012697464802686e-07
2020-01-21 09:00:00,0.4042324693564424,1.3053348064422607,1.852525873447161e-07,5.982118423824953e-07
2020-01-21 09:30:00,0.4033800781462141,0.9790995717048645,1.6635346353514302e-07,4.03779496616194e-07
2020-01-21 10:00:00,0.9839105085557686,1.0297750234603882,2.036431456447256e-06,2.131358728871207e-06
2020-01-21 10:30:00,1.0370565693996492,1.372074842453003,1.112473994469225e-06,1.4718556593089752e-06
2020-01-21 11:00:00,0.7958382083895076,1.1907991170883179,7.402982740337939e-07,1.1076956620182673e-06
2020-01-21 11:30:00,0.7965024513020631,1.0025743246078491,5.508166194971499e-07,6.933244202480251e-07
2020-01-21 12:00:00,0.47625067664789394,1.0585968494415283,3.4227119401091365e-07,7.607909561090711e-07
2020-01-21 12:30:00,0.6362376273100397,0.9216945171356201,2.832445143794331e-07,4.103261182712908e-07
2020-01-21 13:00:00,1.0203861332677988,0.9598283171653748,3.34858760114041e-07,3.149855821531349e-07
2020-01-21 13:30:00,4.80693685041925,1.13388991355896,1.6054877106405113e-06,3.7871234386600417e-07
2020-01-21 14:00:00,8.48579569897119,2.4892728328704834,1.999808079501041e-06,5.866353727865937e-07
2020-01-21 14:30:00,2.7133578655794346,3.960244655609131,1.1247194447631754e-06,1.6415690044747756e-06
2020-01-21 15:00:00,6.600060465460823,3.020554542541504,1.3939554186959976e-06,6.379514845472794e-07
2020-01-21 15:30:00,1.813281816205937,5.079805374145508,9.055858998661036e-07,2.5369471417937482e-06
2020-01-21 16:00:00,1.7437757402253244,2.771812915802002,1.921321015801409e-06,3.0540294168285772e-06
2020-01-21 16:30:00,2.293047089848561,2.654592990875244,9.08990892152886e-07,1.0523119484815495e-06
2020-01-21 17:00:00,1.3848940862956627,2.5423052310943604,1.9108309296608415e-07,3.507788441214078e-07
2020-01-21 17:30:00,3.1436729473488403,2.1329054832458496,5.332791304827345e-07,3.618168939827019e-07
2020-01-21 18:00:00,1.3585029125528592,2.2974061965942383,2.187588784442055e-07,3.6994988987789027e-07
2020-01-21 18:30:00,0.2858782555458463,1.702215313911438,1.1175706626155182e-07,6.654391718775579e-07
2020-01-21 19:00:00,1.7372092612493903,1.2163658142089844,3.1908179142187625e-07,2.2341590715616964e-07
2020-01-21 19:30:00,0.7050061780305544,1.9169199466705322,2.3491624224016033e-07,6.387399778609226e-07
2020-01-21 20:00:00,0.4816515685789959,1.6560791730880737,1.0232944068974025e-07,3.518428394617301e-07
2020-01-21 20:30:00,1.5831605796048307,1.3467894792556763,3.789123456089397e-07,3.223394816674815e-07
2020-01-21 21:00:00,1.173283460722553,1.6208596229553223,3.6187907336072347e-07,4.99926230990813e-07
2020-01-21 21:30:00,1.9667419586777106,1.444873571395874,4.347812620947986e-07,3.194135113491321e-07
2020-01-21 22:00:00,8.729009315693691,1.7692110538482666,1.5092362795472497e-06,3.0589467969099426e-07
2020-01-21 22:30:00,2.181082044153387,4.365728855133057,3.0924414370715533e-07,6.189937169407534e-07
2020-01-21 23:00:00,2.303812254936485,2.5126090049743652,3.37219226275962e-07,3.677817334185636e-07
2020-01-21 23:30:00,1.0496760981845183,2.4304847717285156,1.349207242501506e-07,3.1240376554990307e-07
2020-01-22 00:00:00,0.711081263449307,1.9765677452087402,9.55526202237038e-08,2.6560428014683243e-07
2020-01-22 00:30:00,0.764810385218761,1.886573076248169,1.1237326560970988e-07,2.7719338215932287e-07
2020-01-22 01:00:00,1.1200242618723633,1.1554008722305298,1.5167312623679485e-07,1.5646380914549738e-07
2020-01-22 01:30:00,1.0071705720836481,1.3271230459213257,1.9662479116820135e-07,2.5908748626257096e-07
2020-01-22 02:00:00,1.0723573313476578,1.3271230459213257,1.2920655683557786e-07,1.5990285537111465e-07
2020-01-22 02:30:00,0.692867675604003,1.239134669303894,1.517396731353462e-07,2.7137344735693983e-07
2020-01-22 03:00:00,0.4016182932119409,1.0523961782455444,8.993956344459289e-08,2.3567664730902262e-07
2020-01-22 03:30:00,0.8597566998103465,1.0733137130737305,3.5992776195461455e-07,4.4933107553223177e-07
2020-01-22 04:00:00,0.8636182274801191,1.113565444946289,4.2769869796281307e-07,5.514826757299682e-07
2020-01-22 04:30:00,2.395523685770567,0.8345757722854614,7.863177094098687e-07,2.7394498893522037e-07
2020-01-22 05:00:00,0.8412711558411838,1.7502989768981934,2.021772910522441e-07,4.206381060657632e-07
2020-01-22 05:30:00,0.9390235722743253,1.0428273677825928,1.9042343438873904e-07,2.114736783090227e-07
2020-01-22 06:00:00,0.6295739640838209,1.085646390914917,1.282401190594397e-07,2.2113910417179174e-07
2020-01-22 06:30:00,1.169437681732868,1.069090485572815,3.2244293524019057e-07,2.947747277090074e-07
2020-01-22 07:00:00,1.4399521529992192,1.1206852197647095,2.475084484941738e-07,1.9263074777628797e-07
2020-01-22 07:30:00,0.34979070139760754,1.3825002908706665,8.532111574589747e-08,3.372201343969741e-07
2020-01-22 08:00:00,1.1620618068879383,1.0437718629837036,2.617233948911474e-07,2.350817433743403e-07
2020-01-22 08:30:00,1.2246041437100372,1.2649292945861816,3.5920715828792377e-07,3.7103553803671986e-07
2020-01-22 09:00:00,0.6027283191039153,1.2768135070800781,2.7621972267021325e-07,5.851410356022054e-07
2020-01-22 09:30:00,0.5344098333819004,0.9447457194328308,2.2038997845127518e-07,3.8961200887735735e-07
2020-01-22 10:00:00,0.5601271513131837,0.9913746118545532,1.204037449751118e-06,2.1310378484722913e-06
2020-01-22 10:30:00,0.7382586997648918,0.8531215190887451,8.225660518544593e-07,9.505459264244214e-07
2020-01-22 11:00:00,0.7778496577962325,0.9688293933868408,7.235651079000394e-07,9.012167551101731e-07
2020-01-22 11:30:00,1.7825895442229063,0.8941192626953125,1.2327393909393776e-06,6.183229554410293e-07
2020-01-22 12:00:00,1.0160929524192273,1.5453394651412964,7.302443127187971e-07,1.1106024827281202e-06
2020-01-22 12:30:00,2.3805091870802237,1.2330350875854492,1.0597709719261008e-06,5.489307919001024e-07
2020-01-22 13:00:00,0.9441404855954345,1.6867733001708984,3.195380264680251e-07,5.708771307435743e-07
2020-01-22 13:30:00,0.8069481488997591,1.1971074342727661,2.7640398766914525e-07,4.1004526617047245e-07
2020-01-22 14:00:00,1.223759517126903,1.197090744972229,3.271486332331852e-07,3.2001924854746503e-07
2020-01-22 14:30:00,1.0636645145770194,1.2271206378936768,5.046729774583336e-07,5.822274011581954e-07
2020-01-22 15:00:00,0.9494111283905233,1.158474326133728,2.9004364107823365e-07,3.539121267907328e-07
2020-01-22 15:30:00,2.5693285074997108,1.0635499954223633,1.5169613731167777e-06,6.279322619606409e-07
2020-01-22 16:00:00,1.58532797216901,2.2966554164886475,1.9245969242928693e-06,2.7881523749859024e-06
2020-01-22 16:30:00,0.5589837651335201,1.294199824333191,2.3841304838809355e-07,5.519912108161304e-07
2020-01-22 17:00:00,3.3098297113317185,0.8869258761405945,5.177550314458722e-07,1.3874137793831295e-07
2020-01-22 17:30:00,0.6957211447457591,2.186763048171997,1.378313444620552e-07,4.332260032999746e-07
2020-01-22 18:00:00,0.4050074406125867,0.8847699761390686,6.665559958923118e-08,1.4561429579885743e-07
2020-01-22 18:30:00,0.8658931055659066,0.6950264573097229,3.2068625039732817e-07,2.574052467780378e-07
2020-01-22 19:00:00,6.0034612953825635,1.0549238920211792,1.1493134807214198e-06,2.0195653650129636e-07
2020-01-22 19:30:00,3.2234721619366105,2.7852184772491455,1.0019379284380929e-06,8.657174286456226e-07
2020-01-22 20:00:00,2.927645215560415,2.7635293006896973,5.634408688249486e-07,5.318558894800188e-07
2020-01-22 20:30:00,2.9892543954588238,2.7910728454589844,7.382357299977704e-07,6.892921869328233e-07
2020-01-22 21:00:00,1.5187963228099142,2.683610439300537,4.822836741264766e-07,8.521626521952115e-07
2020-01-22 21:30:00,1.54309950029952,2.159641742706299,4.025017687934824e-07,5.633205254948228e-07
2020-01-22 22:00:00,1.2018605841646908,1.9196175336837769,2.0987993441879778e-07,3.352212456145559e-07
2020-01-22 22:30:00,1.8036849854054604,1.7469067573547363,2.7807789819192137e-07,2.693242796569987e-07
2020-01-22 23:00:00,2.350533142881347,1.7408708333969116,3.751242467761654e-07,2.7782754822682234e-07
2020-01-22 23:30:00,1.9592227094941759,2.1355531215667725,2.614801925459172e-07,2.85013459017878e-07
2020-01-23 00:00:00,1.1412601149849606,2.0313398838043213,1.533585540063842e-07,2.729643691086431e-07
2020-01-23 00:30:00,4.492706758818741,1.5416029691696167,6.601114991016637e-07,2.2650707059850373e-07
2020-01-23 01:00:00,3.406628214150932,2.611846446990967,5.066382191793854e-07,3.8843723162297533e-07
2020-01-23 01:30:00,1.4488903023696806,2.6648430824279785,2.9025211561362544e-07,5.338405131071856e-07
2020-01-23 02:00:00,2.015274304041929,1.9926172494888306,2.562180042707464e-07,2.5333743099662427e-07
2020-01-23 02:30:00,3.0105241827109603,2.0375356674194336,6.593119747611114e-07,4.4622516977186586e-07
2020-01-23 03:00:00,4.688766992069291,2.7428431510925293,1.0500160562596375e-06,6.142402370005366e-07
2020-01-23 03:30:00,1.5511204160090286,2.8623249530792236,6.526850163496536e-07,1.204417522661026e-06
2020-01-23 04:00:00,2.1325736535705633,1.9100013971328735,1.0561367811831254e-06,9.459099920163386e-07
2020-01-23 04:30:00,0.9992935057093646,1.8855016231536865,3.595079066034497e-07,6.783319791077835e-07
2020-01-23 05:00:00,1.165508468501472,1.8407323360443115,2.800991609232846e-07,4.4237137416365155e-07
2020-01-23 05:30:00,1.460758914558618,1.636528730392456,2.9622550225284065e-07,3.3186964685284175e-07
2020-01-23 06:00:00,0.5450889090287335,1.5446743965148926,1.1103106319453538e-07,3.146401214437205e-07
2020-01-23 06:30:00,0.6891600730050645,1.1563317775726318,1.9738315639405357e-07,3.3118636008728184e-07
2020-01-23 07:00:00,1.5181773081123124,1.147973656654358,2.8119204362805253e-07,2.1262408338007308e-07
2020-01-23 07:30:00,1.0085765090416565,1.4582167863845825,2.460124660910296e-07,3.556889383183031e-07
2020-01-23 08:00:00,3.0538719111799324,1.3889023065567017,7.688661090802692e-07,3.496806491540973e-07
2020-01-23 08:30:00,1.9649543830366893,2.2412240505218506,5.970515075894329e-07,6.809960626881285e-07
2020-01-23 09:00:00,1.7786756272558844,1.8819843530654907,8.151355642477833e-07,8.624801251188691e-07
2020-01-23 09:30:00,1.4902087243004105,1.8660091161727905,6.14560302077692e-07,7.695399358591456e-07
2020-01-23 10:00:00,0.9170599179626968,1.8371354341506958,1.9712925579560025e-06,3.949067381926346e-06
2020-01-23 10:30:00,1.5712274124084784,1.5653187036514282,1.7506577702395305e-06,1.7440743012802178e-06
2020-01-23 11:00:00,1.4839534139364228,1.6087708473205566,1.3803913150975745e-06,1.4964979929744651e-06
2020-01-23 11:30:00,2.825336140193784,1.6174741983413696,1.989311837523874e-06,1.1388593816766992e-06
2020-01-23 12:00:00,2.091737901916794,2.2341606616973877,1.519360576393633e-06,1.6228111694117742e-06
2020-01-23 12:30:00,1.7769162496467434,1.9481616020202637,8.459620123518512e-07,9.274892441100194e-07
2020-01-23 13:00:00,1.6634231938347912,1.8841701745986938,5.629744435796479e-07,6.376847813506074e-07
2020-01-23 13:30:00,4.241359255538989,1.7757511138916016,1.4527929867201953e-06,6.082481131616506e-07
2020-01-23 14:00:00,1.7328290101188908,2.840487241744995,5.256719225231169e-07,8.616917079245054e-07
2020-01-23 14:30:00,1.6874360172792713,2.493861436843872,8.46552865784913e-07,1.2511203533717503e-06
2020-01-23 15:00:00,1.632890068560043,2.371690511703491,5.553587937098062e-07,8.06630652603673e-07
2020-01-23 15:30:00,1.885682181688499,2.004607677459717,1.2765106484085713e-06,1.3570171426595236e-06
2020-01-23 16:00:00,1.334470434931426,2.1226344108581543,1.7391194759395544e-06,2.766276979686397e-06
2020-01-23 16:30:00,1.4152732569113557,1.650322675704956,6.036304317385407e-07,7.038817305272387e-07
2020-01-23 17:00:00,0.879661580159301,1.8751373291015625,1.429827993112007e-07,3.0479037672569056e-07
2020-01-23 17:30:00,0.9259619991782798,1.2729488611221313,1.8344503143447506e-07,2.521876103449777e-07
2020-01-23 18:00:00,0.6236491775699305,1.323418378829956,1.026393732455362e-07,2.1780648132017934e-07
2020-01-23 18:30:00,5.460054191227963,1.3424031734466553,2.0221483394382318e-06,4.971632612003928e-07
2020-01-23 19:00:00,0.9028335892049305,2.138892412185669,2.2191410975289483e-07,5.257341011485845e-07
2020-01-23 19:30:00,1.0874211874512762,1.2793294191360474,3.623413624572743e-07,4.2628741292775214e-07
2020-01-23 20:00:00,1.3148583977490007,1.4083549976348877,2.7961615030299546e-07,2.994990208624926e-07
2020-01-23 20:30:00,0.8696326205449904,1.6986746788024902,2.483694148335125e-07,4.851460559313879e-07
2020-01-23 21:00:00,1.72727710231645,1.4662413597106934,5.647532153852578e-07,4.794045618487907e-07
2020-01-23 21:30:00,0.7351940389261132,1.6119723320007324,1.9757139825543512e-07,4.3319125390034115e-07
2020-01-23 22:00:00,1.0939913069935896,1.220206379890442,1.919881722712084e-07,2.1413807511196837e-07
2020-01-23 22:30:00,0.9432971593415512,1.3335587978363037,1.5800945254801652e-07,2.2338124683190025e-07
2020-01-23 23:00:00,0.706147139723636,1.2484831809997559,1.298167077916767e-07,2.295187039263503e-07
2020-01-23 23:30:00,1.2897832417342856,1.077499270439148,1.8049095226790512e-07,1.507841496901697e-07
2020-01-24 00:00:00,0.8882336752223164,1.227447509765625,1.296404879216253e-07,1.7914980990151224e-07
2020-01-24 00:30:00,0.81944990518391,1.109210729598999,1.240401994132173e-07,1.679013191902943e-07
2020-01-24 01:00:00,0.6395379803377322,1.02549409866333,1.127735945858834e-07,1.8083156792627336e-07
2020-01-24 01:30:00,0.5666246470756237,0.9909117817878723,1.1839080818470989e-07,2.0704155262409517e-07
2020-01-24 02:00:00,0.5883138434290077,0.9444944262504578,8.455543083061368e-08,1.3574749943540595e-07
2020-01-24 02:30:00,0.9443375935727838,0.8976389765739441,2.144059934549398e-07,2.038033621091654e-07
2020-01-24 03:00:00,0.6280421274594506,1.0303211212158203,1.6924807423536913e-07,2.7765631951347513e-07
2020-01-24 03:30:00,1.1317875137610414,0.9024428129196167,6.419063854441301e-07,5.118308843912294e-07
2020-01-24 04:00:00,1.6484504264880795,1.1431950330734253,9.10477994861476e-07,6.314135413011874e-07
2020-01-24 04:30:00,1.0916896539126748,1.1644929647445679,3.9436314737654286e-07,4.2066269386046947e-07
2020-01-24 05:00:00,1.0540972754549698,1.24446439743042,2.5953640762983686e-07,3.0640798212187236e-07
2020-01-24 05:30:00,1.6069687234012702,1.2562960386276245,3.70613457785367e-07,2.8973819595714656e-07
2020-01-24 06:00:00,1.622777230255583,1.3785812854766846,3.305491603639708e-07,2.808080357006438e-07
2020-01-24 06:30:00,1.0745314746063601,1.3033971786499023,3.077578379979676e-07,3.733075365715959e-07
2020-01-24 07:00:00,1.0027390467331951,1.2558311223983765,2.2258976203907069e-07,2.78771582304096e-07
2020-01-24 07:30:00,1.2624372954345155,1.2173126935958862,3.1898336283873947e-07,3.07581610614451e-07
2020-01-24 08:00:00,1.1446605385470554,1.2978434562683105,3.10397049701138e-07,3.519355880923041e-07
2020-01-24 08:30:00,1.0640677855172798,1.1343739032745361,3.363657417157544e-07,3.585904249252722e-07
2020-01-24 09:00:00,0.3043136378945962,1.176967978477478,1.726414700263366e-07,6.677107322040452e-07
2020-01-24 09:30:00,0.7930328517706099,1.0025324821472168,3.638106522295165e-07,4.599204123724703e-07
2020-01-24 10:00:00,1.0680178847462294,1.0106934309005737,2.295788603040651e-06,2.172565172334098e-06
2020-01-24 10:30:00,1.6955592812946116,1.127657175064087,2.033475155430395e-06,1.3523932041968008e-06
2020-01-24 11:00:00,1.7455598051297274,1.5097745656967163,1.8496039044895611e-06,1.5997646848909566e-06
2020-01-24 11:30:00,3.582771713194041,1.5399848222732544,2.557457587311597e-06,1.0992734629347374e-06
2020-01-24 12:00:00,4.252248426894356,2.6936135292053223,3.139539151093921e-06,1.9887608351783816e-06
2020-01-24 12:30:00,8.566623245851758,3.1522161960601807,4.497608636325722e-06,1.6549618653804187e-06
2020-01-24 13:00:00,5.701867395942047,4.604043006896973,2.002802119437034e-06,1.6171872216381219e-06
2020-01-24 13:30:00,8.779439961351295,4.797510623931885,3.1152898488510035e-06,1.7023450484636007e-06
2020-01-24 14:00:00,12.333332579114082,5.466232776641846,3.97538523500126e-06,1.7619228973149814e-06
2020-01-24 14:30:00,7.133353107099803,6.9606804847717285,3.611081228968386e-06,3.523670041566902e-06
2020-01-24 15:00:00,10.783654754567136,6.782360553741455,4.221010029976199e-06,2.654796780482312e-06
2020-01-24 15:30:00,3.6942262234059853,7.293798446655273,2.8932838784791768e-06,5.7124356177428924e-06
2020-01-24 16:00:00,3.7116637358112055,4.968289852142334,5.394955922563259e-06,7.221479818933037e-06
2020-01-24 16:30:00,1.7972089465238739,3.974032163619995,7.826587275326115e-07,1.7306340269273632e-06
2020-01-24 17:00:00,2.660525034625903,2.5249698162078857,4.1618462069186746e-07,3.9497978464414417e-07
2020-01-24 17:30:00,2.9031151316412087,3.3532652854919434,5.125843596785411e-07,5.920644760045969e-07
2020-01-24 18:00:00,5.992188949647759,2.7884058952331543,9.861866900188598e-07,4.5891222779460373e-07
2020-01-24 18:30:00,1.103225274078635,3.441824436187744,4.3127876172748006e-07,1.3454965325754759e-06
2020-01-24 19:00:00,0.6096067895881783,3.1862690448760986,1.575522305785973e-07,8.234878676185617e-07
2020-01-24 19:30:00,0.996368993087276,2.8680834770202637,3.46891741166206e-07,9.985401774405046e-07
2020-01-24 20:00:00,2.3388330541708204,2.3577072620391846,5.695224006850526e-07,5.741184038743569e-07
2020-01-26 18:30:00,14.356519218769453,2.7166953086853027,5.6123277601291915e-06,1.0620251513900136e-06
2020-01-26 19:00:00,9.11659841981325,7.39078950881958,2.356175227807448e-06,1.910141738477123e-06
2020-01-26 19:30:00,7.9142358562408015,5.8565778732299805,2.806519029564948e-06,2.0768394508217506e-06
2020-01-26 20:00:00,6.433257535938119,5.593983173370361,1.7416293856958087e-06,1.5144186943246642e-06
2020-01-26 20:30:00,2.438979243148874,5.290360927581787,6.965790301568267e-07,1.5109413064773472e-06
2020-01-26 21:00:00,2.804678104172569,3.7707982063293457,9.72594550080876e-07,1.3076216409557027e-06
2020-01-26 21:30:00,4.240991426514631,3.855430841445923,1.116073370270995e-06,1.014607967881598e-06
2020-01-26 22:00:00,7.130554886529043,4.28887414932251,1.3115447852408009e-06,7.888657495259998e-07
2020-01-26 22:30:00,4.522649284366749,5.523679733276367,7.575781718544506e-07,9.252583897473072e-07
2020-01-26 23:00:00,2.902996640286257,3.8985438346862793,5.336812193557146e-07,7.167006666607497e-07
2020-01-26 23:30:00,2.0090522908010784,3.9069840908050537,3.22692599159327e-07,6.275371014028292e-07
2020-01-27 00:00:00,1.6891781407144602,3.219208002090454,2.465408421876781e-07,4.6985349436087395e-07
2020-01-27 00:30:00,4.426765691075579,2.739199638366699,6.700798860344843e-07,4.146328741100567e-07
2020-01-27 01:00:00,3.5319959697676433,3.140104293823242,6.228181809674611e-07,5.53713554904131e-07
2020-01-27 01:30:00,3.406101223961822,3.161792755126953,7.11672319135723e-07,6.606263979584381e-07
2020-01-27 02:00:00,3.4346311727836776,3.097931146621704,4.936425035764514e-07,4.452502787617721e-07
2020-01-27 02:30:00,5.824028117886827,3.0689260959625244,1.3223094611755342e-06,6.96780635360696e-07
2020-01-27 03:00:00,2.770238745340866,4.311756610870361,7.465384125070788e-07,1.1619547018500714e-06
2020-01-27 03:30:00,3.178471286149726,3.361067533493042,2.0574107989489323e-06,2.1756045648541662e-06
2020-01-27 04:00:00,0.9449602545356828,3.5058534145355225,5.691698529443865e-07,2.111650794642399e-06
2020-01-27 04:30:00,3.8985425803640577,2.6457929611206055,1.4198019120048064e-06,9.635656985993726e-07
2020-01-27 05:00:00,4.090869745527853,3.5699493885040283,1.0426696861566112e-06,9.098989310465538e-07
2020-01-27 05:30:00,10.32851368329603,3.6485321521759033,2.648395290046393e-06,9.355417113919065e-07
2020-01-27 06:00:00,8.057815384623918,5.221582889556885,1.9832825041283447e-06,1.285196234264113e-06
2020-01-27 06:30:00,13.647831461588058,5.888915538787842,4.0037412990365845e-06,1.7275780709589498e-06
2020-01-27 07:00:00,6.221626039449873,10.463273048400879,1.4623876338762114e-06,2.45938296818699e-06
2020-01-27 07:30:00,9.623143938757428,6.969428062438965,2.587434856556463e-06,1.8739136828650432e-06
2020-01-27 08:00:00,7.7681404073098825,6.678414344787598,2.1949182741169333e-06,1.8870119383662437e-06
2020-01-27 08:30:00,5.500550007193103,6.725465297698975,1.7844289409864003e-06,2.1818027112052134e-06
2020-01-27 09:00:00,2.967585082907948,5.795633792877197,1.6835533717319271e-06,3.2879457675938734e-06
2020-01-27 09:30:00,4.078624747397093,4.13254976272583,1.8711042376579832e-06,1.8958428029701667e-06
2020-01-27 10:00:00,2.616170834071438,5.223353385925293,5.962926663285926e-06,1.1905366718054412e-05
2020-01-27 10:30:00,5.254819766199183,3.8477065563201904,6.825892254022149e-06,4.998083958554687e-06
2020-01-27 11:00:00,2.5901448846242383,4.364505290985107,3.0738329053318687e-06,5.179540364156632e-06
2020-01-27 11:30:00,3.235074109702204,3.5397887229919434,2.4261006096055887e-06,2.654617263008011e-06
2020-01-27 12:00:00,7.728683638344563,3.9334795475006104,5.98074396273033e-06,3.0438733369187877e-06
2020-01-27 12:30:00,4.001570342079332,5.441000461578369,2.186910610881185e-06,2.9735780271332436e-06
2020-01-27 13:00:00,3.788788714115941,5.0486345291137695,1.3741102312599032e-06,1.8310285644856794e-06
2020-01-27 13:30:00,3.5901389926104508,4.216547966003418,1.370031042879378e-06,1.609074640036199e-06
2020-01-27 14:00:00,2.854208731164061,4.119268417358398,9.527769870598184e-07,1.3750725757119847e-06
2020-01-27 14:30:00,4.559563127624785,3.5073444843292236,2.3351051728455197e-06,1.7962287217141351e-06
2020-01-27 15:00:00,8.815335333620496,4.068224906921387,3.4666563918555334e-06,1.5998413382299194e-06
2020-01-27 15:30:00,3.417961356145638,6.004302978515625,2.8892947303129314e-06,5.075598916247148e-06
2020-01-27 16:00:00,2.2710572544106085,4.590638160705566,3.7594763957890025e-06,7.599278165824917e-06
2020-01-27 16:30:00,0.9617247604147605,4.257648468017578,5.032370377755173e-07,2.2278790056425285e-06
2020-01-27 17:00:00,4.149631057144139,3.2287440299987793,6.5148095307814e-07,5.069041582112621e-07
2020-01-27 17:30:00,1.3747874104626583,3.720604658126831,2.427373674593948e-07,6.569232255094172e-07
2020-01-27 18:00:00,1.1325919248626948,2.8085505962371826,1.8640051088310355e-07,4.622276165734823e-07
2020-01-27 18:30:00,1.8232410132598234,2.4704082012176514,7.503125078052588e-07,1.0166391383683446e-06
2020-01-27 19:00:00,1.1654890536346902,2.450206756591797,3.5784334897945813e-07,7.522938021052619e-07
2020-01-27 19:30:00,1.8652505022890309,2.1938560009002686,6.934304652408839e-07,8.155937154333206e-07
2020-01-27 20:00:00,3.777796500473098,2.2881884574890137,1.047576179831576e-06,6.345105467514891e-07
2020-01-27 20:30:00,6.861506951426483,3.310492515563965,2.283981646682811e-06,1.1019597007705397e-06
2020-01-27 21:00:00,1.6222996628552013,4.280520439147949,6.803528529696295e-07,1.795145717927116e-06
2020-01-27 21:30:00,2.912502852141092,2.5463321208953857,7.93812471350351e-07,6.94011404068087e-07
2020-01-27 22:00:00,3.0337766385906466,3.164877414703369,6.095890369353972e-07,6.359316472764023e-07
2020-01-27 22:30:00,2.079130965744288,3.1200199127197266,4.0275772725879964e-07,6.043929650190907e-07
2020-01-27 23:00:00,1.2064625766444965,2.579184055328369,2.3684578600257992e-07,5.063305623026974e-07
2020-01-27 23:30:00,3.578973666180102,1.9065330028533936,6.384394073416317e-07,3.400991216898575e-07
2020-01-28 00:00:00,2.7000225895067667,3.134648561477661,4.071381587457413e-07,4.7267569115713997e-07
2020-01-28 00:30:00,2.209720654287439,2.8227953910827637,3.540330736034152e-07,4.522575858263163e-07
2020-01-28 01:00:00,2.9051310433212176,2.354530096054077,6.065889848510417e-07,4.916239575664298e-07
2020-01-28 01:30:00,5.084215660766588,2.794374942779541,1.0884813371219111e-06,5.982486143552039e-07
2020-01-28 02:00:00,4.210112100881872,3.223043918609619,7.343613165977614e-07,5.621890151159608e-07
2020-01-28 02:30:00,1.9996905904430846,3.352381467819214,4.875702781315774e-07,8.173872360451464e-07
2020-01-28 03:00:00,1.2546716915382623,2.664740562438965,3.524952915009684e-07,7.486488359195856e-07
2020-01-28 03:30:00,1.9477558229782312,2.369508981704712,1.500497005055223e-06,1.8254039282310534e-06
2020-01-28 04:00:00,3.7784579313071305,2.580338478088379,2.3035060337207173e-06,1.5730822894889528e-06
2020-01-28 04:30:00,7.573344208809852,2.7269184589385986,2.8769795483447577e-06,1.035908103482733e-06
2020-01-28 05:00:00,4.6668922712909575,4.608184814453125,1.2592105320971318e-06,1.243370216172636e-06
2020-01-28 05:30:00,4.855275115805023,3.2330121994018555,1.3423603958115203e-06,8.938458546922076e-07
2020-01-28 06:00:00,2.805495810348334,3.9173078536987305,6.90521002340998e-07,9.641730119990653e-07
2020-01-28 06:30:00,4.338067167903751,3.5206685066223145,1.2799307693041557e-06,1.0387602993993087e-06
2020-01-28 07:00:00,5.267554823144424,4.388045787811279,1.392479413638632e-06,1.1599809837353428e-06
2020-01-28 07:30:00,5.094121552063181,4.180053234100342,1.4811497087136922e-06,1.2153782682291713e-06
2020-01-28 08:00:00,5.728156819156654,4.5582594871521,1.7038092533528323e-06,1.3558296217414867e-06
2020-01-28 08:30:00,3.417368546968671,5.379081726074219,1.1319004614198592e-06,1.7816589004306646e-06
2020-01-28 09:00:00,1.087867441202177,4.6344075202941895,6.700086043706623e-07,2.8542934526341243e-06
2020-01-28 09:30:00,1.2113195512207413,2.8542051315307617,6.212854875328596e-07,1.4639210808368526e-06
2020-01-28 10:00:00,1.6757829598776466,2.8822901248931885,4.019282552684502e-06,6.913030319632716e-06
2020-01-28 10:30:00,3.2182068822666325,2.706709146499634,4.180378092281066e-06,3.5159540800666227e-06
2020-01-28 11:00:00,1.4043842839340048,3.027782917022705,1.6666413718063257e-06,3.593196201414921e-06
2020-01-28 11:30:00,2.106209234768673,2.4208829402923584,1.579523477717045e-06,1.8155088192918437e-06
2020-01-28 12:00:00,1.054599561984518,2.734718084335327,8.160885163088316e-07,2.1162269589496666e-06
2020-01-28 12:30:00,0.9659172837963549,2.244542360305786,5.97028372426533e-07,1.3873397802231452e-06
2020-01-28 13:00:00,1.5080621540753614,2.1315743923187256,5.469409332777562e-07,7.730750913251218e-07
2020-01-28 13:30:00,1.3721795279359081,2.236314058303833,5.236367041903403e-07,8.533986254599183e-07
2020-01-28 14:00:00,2.9974487822322526,2.161712884902954,1.000592629550473e-06,7.21611656105552e-07
2020-01-28 14:30:00,1.4173107817461357,2.8794801235198975,7.25852377815237e-07,1.4746783284564034e-06
2020-01-28 15:00:00,3.4259955012313568,2.2981839179992676,1.347282746864509e-06,9.037675445659612e-07
2020-01-28 15:30:00,1.0400237889119373,2.9724223613739014,8.791601014740407e-07,2.512668626150492e-06
2020-01-28 16:00:00,1.8057617633722378,2.125872850418091,2.9892327516763037e-06,3.51914016525737e-06
2020-01-28 16:30:00,2.3711779744360726,2.238325834274292,1.121729463550128e-06,1.0588813089527902e-06
2020-01-28 17:00:00,12.86806296764342,2.517515182495117,2.1406026288105907e-06,4.1878871989282246e-07
2020-01-28 17:30:00,3.1396064299511113,5.752699851989746,6.436016774547449e-07,1.1792711466360184e-06
2020-01-28 18:00:00,6.527750853538083,3.601282835006714,1.0743287739444416e-06,5.926944608590451e-07
2020-01-28 18:30:00,6.680212298032,5.677037239074707,2.7490862730464718e-06,2.336252868806529e-06
2020-01-28 19:00:00,2.2515504262864696,6.832764148712158,7.541879412463915e-07,2.288728809347006e-06
2020-01-28 19:30:00,1.0318419529087335,4.1857428550720215,4.0402253635231195e-07,1.6389471663344424e-06
2020-01-28 20:00:00,0.6005663161463638,3.010408878326416,1.6653596008290615e-07,8.347809714190041e-07
2020-01-28 20:30:00,4.689575756054347,2.4621100425720215,1.6209424352340902e-06,8.510233880044716e-07
2020-01-28 21:00:00,3.8504594369061893,3.8872334957122803,1.8465951537147829e-06,1.8642311786843932e-06
2020-01-28 21:30:00,1.2577571276675727,3.9290683269500732,3.645138320651464e-07,1.1386934097191597e-06
2020-01-28 22:00:00,1.8741692825572411,2.1585686206817627,4.628312287827664e-07,5.330644229527053e-07
2020-01-28 22:30:00,1.4980352884841392,2.735260248184204,3.698549296697122e-07,6.753175272287582e-07
2020-01-28 23:00:00,1.109121080462026,2.460606575012207,2.2534339008550572e-07,4.999286705910918e-07
2020-01-28 23:30:00,1.1172996776523472,2.038015127182007,2.02303035215625e-07,3.6901169336286695e-07
2020-01-29 00:00:00,0.812881977620266,1.8129996061325073,1.330132806414701e-07,2.966642539171061e-07
2020-01-29 00:30:00,1.083854715028413,1.7324010133743286,2.0240326770015402e-07,3.235153394750239e-07
2020-01-29 01:00:00,0.9260816012121311,1.8129996061325073,2.024437192534446e-07,3.963261798853315e-07
2020-01-29 01:30:00,1.1105943379188952,1.7327407598495483,2.4876970713422896e-07,3.8812858723469613e-07
2020-01-29 02:00:00,1.1369054277120143,1.7871766090393066,2.2586783944380256e-07,3.550565504824565e-07
2020-01-29 02:30:00,0.9129896550883086,1.7871766090393066,2.724417251797684e-07,5.333044858219141e-07
2020-01-29 03:00:00,0.758189275532754,1.713589072227478,2.4332550917903503e-07,5.499417453912121e-07
2020-01-29 03:30:00,1.8025624209880649,1.713589072227478,1.679316751819747e-06,1.5964267318684529e-06
2020-01-29 04:00:00,1.0505860114181358,1.9336000680923462,7.635282581832044e-07,1.4052712257424875e-06
2020-01-29 04:30:00,1.8471171493438365,1.4912824630737305,8.156141206598386e-07,6.584915500391499e-07
2020-01-29 05:00:00,2.5177283654881895,2.3753678798675537,7.752610221533401e-07,7.314252624624413e-07
2020-01-29 05:30:00,1.5071946582569609,2.58502197265625,4.4854828415884557e-07,7.693148088043391e-07
2020-01-29 06:00:00,1.837656771213395,2.0179920196533203,5.457253308758721e-07,5.992791362790862e-07
2020-01-29 06:30:00,1.2065705936257412,2.179206132888794,3.738931548548722e-07,6.752943096818187e-07
2020-01-29 07:00:00,1.7100895172230468,1.783987283706665,4.874502316916812e-07,5.085143239693951e-07
2020-01-29 07:30:00,2.1392974190041336,2.2712209224700928,6.220149473517365e-07,6.603725830567495e-07
2020-01-29 08:00:00,1.749079871739019,2.3389837741851807,5.775219314990546e-07,7.723000240516916e-07
2020-01-29 08:30:00,1.8223459057489995,2.3926525115966797,6.035972249506379e-07,7.924941207456179e-07
2020-01-29 09:00:00,0.9012299268043972,2.1845264434814453,5.550600951969e-07,1.3454318588580632e-06
2020-01-29 09:30:00,1.0782176472110063,1.6972947120666504,5.530175550612813e-07,8.705420230446762e-07
2020-01-29 10:00:00,1.0849167554633932,1.5932904481887817,2.6021191829444743e-06,3.821428343102143e-06
2020-01-29 10:30:00,2.928681079748357,1.5123845338821411,3.931049980628007e-06,2.0300124973424304e-06
2020-01-29 11:00:00,1.026926690068937,2.3753905296325684,1.2676046239129023e-06,2.9321041590213522e-06
2020-01-29 11:30:00,1.593638454222318,1.5227798223495483,1.3317201948554697e-06,1.2725073471767622e-06
2020-01-29 12:00:00,1.5345948361501123,1.6707841157913208,1.1988969855118506e-06,1.305294396069085e-06
2020-01-29 12:30:00,0.6032566131598961,1.7676032781600952,3.8796187047892243e-07,1.1367677686409397e-06
2020-01-29 13:00:00,1.2081992012229166,1.3728888034820557,4.7243190441399887e-07,5.368290852379198e-07
2020-01-29 13:30:00,1.1245048027579359,1.4127780199050903,5.180437028557434e-07,6.508471595228792e-07
2020-01-29 14:00:00,1.6179909463291864,1.443887710571289,5.563017902631085e-07,4.96441169928702e-07
2020-01-29 14:30:00,3.2775128761740784,1.594417691230774,2.03589684639893e-06,9.904064673602788e-07
2020-01-29 15:00:00,2.8125735067924227,2.7027087211608887,1.1467924230285208e-06,1.1019964013723321e-06
2020-01-29 15:30:00,7.315271482722041,2.610809803009033,6.3207341430128725e-06,2.2558608661029984e-06
2020-01-29 16:00:00,1.884181996257665,4.2079596519470215,3.4484680364554384e-06,7.701492948799545e-06
2020-01-29 16:30:00,6.253551994227655,2.4691989421844482,2.9583580816771544e-06,1.1681000897766135e-06
2020-01-29 17:00:00,12.377976410822175,4.0441718101501465,2.116334868322284e-06,6.914556573095219e-07
2020-01-29 17:30:00,1.9877594964856933,4.785355091094971,4.5221163420231524e-07,1.0886594931672113e-06
2020-01-29 18:00:00,1.0548756977626736,3.661259889602661,1.772892589304113e-07,6.153351091090644e-07
2020-01-29 18:30:00,3.802221534399211,2.7607223987579346,1.564715994187479e-06,1.136111205979671e-06
2020-01-29 19:00:00,2.1810776339399696,4.314302921295166,7.305821052175035e-07,1.4451354054243628e-06
2020-01-29 19:30:00,4.160766993769813,3.372739553451538,1.5943308076918378e-06,1.292372916926212e-06
2020-01-29 20:00:00,2.6600986188801627,3.345154285430908,7.201493019064938e-07,9.056094786578702e-07
2020-01-29 20:30:00,5.806748493080955,3.257127523422241,2.103734407890183e-06,1.1800289353110747e-06
2020-01-29 21:00:00,2.7018927018273313,4.131962299346924,1.306079774198944e-06,1.997367394819094e-06
2020-01-29 21:30:00,3.3660950898051913,2.984084129333496,1.052075310591201e-06,9.326775249776159e-07
2020-01-29 22:00:00,4.01574523622195,3.259066104888916,1.1606037722270282e-06,9.419134414089275e-07
2020-01-29 22:30:00,2.1647297276775497,3.5801937580108643,6.356967419096053e-07,1.0513633541746347e-06
2020-01-29 23:00:00,5.701794154455859,2.7131054401397705,1.197405352844733e-06,5.697657419492653e-07
2020-01-29 23:30:00,3.6646994976730163,3.903928518295288,6.909755985316162e-07,7.36082002430645e-07
2020-01-30 00:00:00,5.052847657103848,3.5100011825561523,8.268061809175885e-07,5.743475500761227e-07
2020-01-30 00:30:00,4.360299771633705,3.3693065643310547,8.923286309978929e-07,6.895233977996119e-07
2020-01-30 01:00:00,7.477960219034721,3.6899287700653076,1.6347005244345863e-06,8.06627518584292e-07
2020-01-30 01:30:00,2.7892903373759603,4.762502193450928,6.728245644940733e-07,1.1487970331640623e-06
2020-01-30 02:00:00,2.047937434209748,3.50945782661438,4.4296208295853687e-07,7.59084102357899e-07
2020-01-30 02:30:00,10.671668806215193,3.1645376682281494,3.2733760946198043e-06,9.706749845599584e-07
2020-01-30 03:00:00,6.643269921855858,4.822420120239258,2.1320230825126105e-06,1.5476581759982292e-06
2020-01-30 03:30:00,3.3414118716289734,5.293551445007324,3.5472485838731472e-06,5.6196433089847244e-06
2020-01-30 04:00:00,1.6711892084108102,3.7596828937530518,1.3093289101543834e-06,2.9456039334318614e-06
2020-01-30 04:30:00,5.415948773624258,2.5369107723236084,2.831326603774328e-06,1.3262353949989246e-06
2020-01-30 05:00:00,2.390173845935457,4.63958740234375,8.280862031946947e-07,1.6074053872399869e-06
2020-01-30 05:30:00,4.298599417488861,3.018127202987671,1.4391656009989613e-06,1.0104651371577406e-06
2020-01-30 06:00:00,3.2397350844637045,3.6914589405059814,1.0300659912518687e-06,1.173690506656754e-06
2020-01-30 06:30:00,4.524734420126686,3.5472168922424316,1.435351757052369e-06,1.1252602973288901e-06
2020-01-30 07:00:00,3.4899175878827156,3.6142497062683105,1.0416289734608364e-06,1.07873814110762e-06
2020-01-30 07:30:00,3.9419463703615047,3.6572556495666504,1.2260970288210212e-06,1.1375472581990847e-06
2020-01-30 08:00:00,2.511121222980844,3.4476916790008545,9.243795604423922e-07,1.2691445118657319e-06
2020-01-30 08:30:00,6.488778669267998,3.3840789794921875,2.2567092982323746e-06,1.1769368148034343e-06
2020-01-30 09:00:00,6.131547945032267,4.939481735229492,3.776369919429712e-06,3.042186150987517e-06
2020-01-30 09:30:00,2.9803396483026106,4.952853679656982,1.6602330583733633e-06,2.759045069556368e-06
2020-01-30 10:00:00,2.3187047510355714,3.8913397789001465,5.9164437583025664e-06,9.929204197311391e-06
2020-01-30 10:30:00,1.5257327094424014,2.896630048751831,2.09312611582098e-06,3.973836285603434e-06
2020-01-30 11:00:00,4.051288851033898,2.6081531047821045,5.145673452063253e-06,3.3126999045670684e-06
2020-01-30 11:30:00,4.229494540490125,3.402191162109375,4.063400822917844e-06,3.268585935149838e-06
2020-01-30 12:00:00,4.029416238269712,3.4129371643066406,3.513821405834078e-06,2.9762255760047913e-06
2020-01-30 12:30:00,2.859182639458402,3.448181390762329,1.8387761039780445e-06,2.21756856523044e-06
2020-01-30 13:00:00,8.902959731919339,3.2591607570648193,3.979602463648711e-06,1.4568373404791522e-06
2020-01-30 13:30:00,4.377878280035789,5.728787899017334,2.2801750143729444e-06,2.9837830552645273e-06
2020-01-30 14:00:00,4.663529990492519,3.649125099182129,2.0352488229379195e-06,1.5925441839132011e-06
2020-01-30 14:30:00,1.831169141096661,3.649125099182129,1.3585135362936665e-06,2.707224434712231e-06
2020-01-30 15:00:00,17.74820254568078,3.1848626136779785,7.98517734591407e-06,1.4329165292729405e-06
2020-01-30 15:30:00,5.193077674898379,12.631837844848633,4.634162307461827e-06,1.127231104158535e-05
2020-01-30 16:00:00,2.1292384705357676,4.985474586486816,4.0944382162862055e-06,9.586863076026875e-06
2020-01-30 16:30:00,4.660392151622497,3.1753251552581787,2.5792182339047843e-06,1.7573320597424767e-06
2020-01-30 17:00:00,6.1855655377002075,4.395788669586182,1.1240579339876484e-06,7.988147728879233e-07
2020-01-30 17:30:00,4.1572217785218495,5.769851207733154,9.794205873272977e-07,1.3593479876068686e-06
2020-01-30 18:00:00,5.433340073450144,3.91909122467041,9.423545340418624e-07,6.797243196571514e-07
2020-01-30 18:30:00,3.584062786868599,4.917464256286621,1.615565534883228e-06,2.2166145639479604e-06
2020-01-30 19:00:00,1.7655395987431908,4.30843448638916,5.91391895832979e-07,1.443169692025974e-06
2020-01-30 19:30:00,1.4666662587763162,3.28629207611084,5.620000361641437e-07,1.2592478040376766e-06
2020-01-30 20:00:00,4.7741384955075725,2.613647937774658,1.292468061275131e-06,7.075740442322906e-07
2020-01-30 20:30:00,4.653376224349115,3.9854626655578613,1.8127657418438603e-06,1.5525738382633251e-06
2020-01-30 21:00:00,2.198138025589497,3.6611814498901367,1.1193107877416062e-06,1.8643050823173323e-06
2020-01-30 21:30:00,4.265417928149616,2.859987497329712,1.4588573711397337e-06,9.781723414045206e-07
2020-01-30 22:00:00,1.7267056679759478,3.28271484375,6.450078349764057e-07,1.2262522985136755e-06
2020-01-30 22:30:00,1.3943571542084614,2.7025599479675293,4.3808628007939645e-07,8.491041414484375e-07
2020-01-30 23:00:00,1.0042407016168988,2.356478214263916,2.1903306358287724e-07,5.139670615874268e-07
2020-01-30 23:30:00,1.0727190101088884,1.8583706617355347,2.1334427112454546e-07,3.6959607368845093e-07
2020-01-31 00:00:00,1.9199054530448414,1.8583706617355347,3.34232322349753e-07,3.235198593104928e-07
2020-01-31 00:30:00,2.053817750992503,2.0186870098114014,4.319233461043389e-07,4.245352576165779e-07
2020-01-31 01:00:00,1.8556327162837984,2.0604281425476074,4.497677714398759e-07,4.994060331839449e-07
2020-01-31 01:30:00,3.0413775382656056,2.1490001678466797,8.149569078995348e-07,5.758385829543025e-07
2020-01-31 02:00:00,1.6799947232075445,2.634464740753174,4.049508367867496e-07,6.350190786411122e-07
2020-01-31 02:30:00,2.7502755516350184,2.197878837585449,1.0064107639760308e-06,8.042717460605441e-07
2020-01-31 03:00:00,2.628599341475398,2.6275033950805664,9.85245771408511e-07,9.848349912130812e-07
2020-01-31 03:30:00,0.5609181595329712,2.8054556846618652,7.427972358315519e-07,3.7151315078652842e-06
2020-01-31 04:00:00,1.3123514569791415,1.8059428930282593,1.0281898029607342e-06,1.4149045649823797e-06
2020-01-31 04:30:00,1.074441345212403,1.702280879020691,6.363297939974912e-07,1.008163029000869e-06
2020-01-31 05:00:00,2.970697534754489,1.8856548070907593,1.1192422087703968e-06,7.104407051124438e-07
2020-01-31 05:30:00,6.259711647299347,2.7642064094543457,2.349209153383964e-06,1.0373798930074317e-06
2020-01-31 06:00:00,3.5520814765290276,3.668916702270508,1.1518841996106389e-06,1.1897720271784515e-06
2020-01-31 06:30:00,4.369547201800573,3.6713600158691406,1.437016216263266e-06,1.2074028806395545e-06
2020-01-31 07:00:00,4.7242100725832685,3.5294594764709473,1.4634390632007726e-06,1.0933359843219994e-06
2020-01-31 07:30:00,1.8538093298942995,4.010934829711914,7.626840063224836e-07,1.6501566777622667e-06
2020-01-31 08:00:00,2.4118855263882155,3.2021772861480713,9.518582610492109e-07,1.2637494067674823e-06
2020-01-31 08:30:00,3.5146384251769565,3.2806432247161865,1.4338269427304287e-06,1.338366590255233e-06
2020-01-31 09:00:00,2.3686622559885246,3.3660671710968018,1.5677518405491146e-06,2.227906485847482e-06
2020-01-31 09:30:00,1.7735288454244544,3.0497262477874756,9.879649860811614e-07,1.6988856751442382e-06
2020-01-31 10:00:00,2.9526395168780293,2.6896138191223145,7.534001744874384e-06,6.8628612095971084e-06
2020-01-31 10:30:00,5.160018324220393,2.9499316215515137,7.078939217661342e-06,4.046959784464596e-06
2020-01-31 11:00:00,3.91266131250267,3.310276508331299,4.969598116293755e-06,4.20448962644616e-06
2020-01-31 11:30:00,8.659207277297686,3.588519811630249,9.784750493056804e-06,4.0549636787480824e-06
2020-01-31 12:00:00,7.513687379810196,5.4753217697143555,6.552253227445105e-06,4.77471219168791e-06
2020-01-31 12:30:00,2.987995334074702,5.702530860900879,2.098911749856565e-06,4.005732168109635e-06
2020-01-31 13:00:00,20.019712024426088,4.587830543518066,1.0203775328055486e-05,2.338354919997459e-06
2020-01-31 13:30:00,9.019555754062702,10.867411613464355,5.081806224508838e-06,6.122926836693389e-06
2020-01-31 14:00:00,12.640718603778742,5.422746658325195,6.838462620008197e-06,2.933634667703604e-06
2020-01-31 14:30:00,4.7778180542920445,7.488831996917725,3.6525949748294496e-06,5.725138506417406e-06
2020-01-31 15:00:00,9.476818242111237,5.002978801727295,4.458698931632431e-06,2.3538254790113714e-06
2020-01-31 15:30:00,5.913838333312263,6.757956027984619,6.452283107087574e-06,7.3732562610286355e-06
2020-01-31 16:00:00,6.664749036747422,6.725448131561279,1.3221539432229284e-05,1.3341954390265529e-05
2020-01-31 16:30:00,2.5515609105523818,6.062156677246094,1.5638186589222612e-06,3.7154173690234533e-06
2020-01-31 17:00:00,2.006800764136621,5.2171854972839355,3.9254039543710907e-07,1.0205079122808049e-06
2020-01-31 17:30:00,2.021045294098423,3.185561180114746,4.992783607433629e-07,7.869599799171686e-07
2020-01-31 18:00:00,0.9388757166360568,3.937060594558716,1.7072974663343315e-07,7.159343306884596e-07
2020-01-31 18:30:00,0.7360865492763018,3.1328437328338623,3.318011235905051e-07,1.4121723479524716e-06
2020-01-31 19:00:00,1.7397022612375281,3.790855646133423,5.827373224540372e-07,1.269799504350904e-06
2020-01-31 19:30:00,0.7806262755569664,4.9507951736450195,2.9912189802452165e-07,1.8970553457411402e-06
2020-01-31 20:00:00,0.9448429163048429,4.865867614746094,2.5579050406585005e-07,1.3173012237433432e-06
2020-02-02 18:30:00,14.769589117747188,13.22984790802002,6.078081487634309e-06,5.444436741800117e-06
2020-02-02 19:00:00,3.945499265109647,8.304529190063477,1.321599522356688e-06,2.7817168559731204e-06
2020-02-02 19:30:00,2.9013687923130558,3.9769108295440674,1.0288733966642488e-06,1.4102784052356844e-06
2020-02-02 20:00:00,11.722248012567295,3.7166545391082764,3.173479608278171e-06,1.006183061323188e-06
2020-02-02 20:30:00,10.15608384868734,6.38935661315918,4.2383022751556605e-06,2.6663845113718193e-06
2020-02-02 21:00:00,12.104952914127947,7.564630508422852,6.163946132661064e-06,3.8519749145808266e-06
2020-02-02 21:30:00,5.898166323082289,7.5531792640686035,2.0172896446678315e-06,2.5833368337030543e-06
2020-02-02 22:00:00,3.7712103580122687,6.599733352661133,1.4087289301096868e-06,2.4653186702117367e-06
2020-02-02 22:30:00,5.713942400410807,5.750113487243652,1.7952357207970192e-06,1.8066001383203227e-06
2020-02-02 23:00:00,2.6502687238945786,6.62539529800415,5.696831303804551e-07,1.4241483889333664e-06
2020-02-02 23:30:00,2.38868543802672,4.431053638458252,4.750660228067525e-07,8.812558553564576e-07
2020-02-03 00:00:00,2.0120299061392393,3.4690768718719482,3.5027007559125195e-07,6.03924332553316e-07
2020-02-03 00:30:00,6.31234155976725,3.0308380126953125,1.3275022513222522e-06,6.373933107311831e-07
2020-02-03 01:00:00,3.1776564760311374,5.140378475189209,7.701995438452016e-07,1.2459235876016785e-06
2020-02-03 01:30:00,4.410435005181669,3.789961338043213,1.1818047674424651e-06,1.0155448096298612e-06
2020-02-03 02:00:00,2.072006734896643,3.468682289123535,4.99442557487438e-07,8.361013139649162e-07
2020-02-03 02:30:00,3.3292450984312616,3.008945941925049,1.218273602070077e-06,1.1010662485710212e-06
2020-02-03 03:00:00,3.6556131459676515,3.449831485748291,1.3701888063124974e-06,1.2930581811291443e-06
2020-02-03 03:30:00,2.440346187975082,3.4007761478424072,2.5906757059657843e-06,3.6102698014963728e-06
2020-02-03 04:00:00,2.876079434167635,3.1631743907928467,2.347975869677508e-06,2.5823546641064584e-06
2020-02-03 04:30:00,2.4456281643185136,3.066317081451416,1.4484048598182126e-06,1.8160031959541203e-06
2020-02-03 05:00:00,3.7944596627359406,3.3195226192474365,1.4296034397058642e-06,1.2506658065870197e-06
2020-02-03 05:30:00,3.681044593794627,3.8406741619110107,1.381460383640473e-06,1.4413678144774073e-06
2020-02-03 06:00:00,4.2075642038478485,3.8753364086151123,1.3644469467506728e-06,1.2567106939285623e-06
2020-02-03 06:30:00,4.547843023160941,4.245474815368652,1.4956524947502562e-06,1.3962124388788078e-06
2020-02-03 07:00:00,2.7924752003579565,4.626105308532715,8.650371656713002e-07,1.4330487245427019e-06
2020-02-03 07:30:00,1.7608950192414694,3.605489492416382,7.244577132778624e-07,1.483350594090782e-06
2020-02-03 08:00:00,1.3810672499848187,3.205575704574585,5.646434476120681e-07,1.3105859381086436e-06
2020-02-03 08:30:00,3.5472434154137,2.6046969890594482,1.4471284286340752e-06,1.0626085158032228e-06
2020-02-03 09:00:00,1.1306417498218055,3.3487868309020996,7.483404102055293e-07,2.216469108029236e-06
2020-02-03 09:30:00,1.701304873044768,2.08620023727417,9.477317775540422e-07,1.1621422418352684e-06
2020-02-03 10:00:00,1.9783236180625663,2.3697574138641357,5.0479218696392185e-06,6.046710541169977e-06
2020-02-03 10:30:00,4.101336944235573,2.586625337600708,5.626552681628128e-06,3.548546224688966e-06
2020-02-03 11:00:00,1.673754661643842,3.309088706970215,2.1258901165464603e-06,4.202980961388003e-06
2020-02-03 11:30:00,3.2510345325005923,2.4100592136383057,3.673611304839572e-06,2.7233241246885574e-06
2020-02-03 12:00:00,4.919776321709793,3.2326622009277344,4.290253061213375e-06,2.8190181822288705e-06
2020-02-03 12:30:00,2.167480168258679,3.518176794052124,1.5225424018769531e-06,2.471336727637638e-06
2020-02-03 13:00:00,2.146143039348888,2.953721284866333,1.093859960056742e-06,1.5054716239523654e-06
2020-02-03 13:30:00,3.3881949964454785,2.839949369430542,2.1054060199219222e-06,1.7647291566587218e-06
2020-02-03 14:00:00,5.25642503574485,3.4875357151031494,2.8436568559536607e-06,1.8867109830723589e-06
2020-02-03 14:30:00,1.7698789590890651,3.5542376041412354,1.3530550804917578e-06,2.717179738682992e-06
2020-02-03 15:00:00,3.0388975957923132,2.7344369888305664,1.6329174702365887e-06,1.4693189847874432e-06
2020-02-03 15:30:00,1.108746218559787,3.3381824493408203,1.2096956482159548e-06,3.642118200108852e-06
2020-02-03 16:00:00,1.426036740145277,2.479917287826538,2.828973887490885e-06,4.919663745608532e-06
2020-02-03 16:30:00,1.7803159535615958,2.3604788780212402,1.091132606492972e-06,1.4467069542315433e-06
2020-02-03 17:00:00,0.849434567639092,2.400148630142212,1.8720633065656882e-07,5.289671920559538e-07
2020-02-03 17:30:00,1.862975206741206,1.8276160955429077,4.602287786638689e-07,4.514936755328408e-07
2020-02-03 18:00:00,2.384966701727682,2.1145243644714355,4.336939953821192e-07,3.845154396898426e-07
2020-02-03 18:30:00,4.958939816309217,1.9978119134902954,2.929719996544627e-06,1.1802985575743143e-06
2020-02-03 19:00:00,1.4311165360265552,2.8503847122192383,5.071084208245034e-07,1.0100184392873114e-06
2020-02-03 19:30:00,3.2020020780039573,2.17189359664917,1.13548293579579e-06,7.70189418145727e-07
2020-02-03 20:00:00,2.519042394258859,3.079152822494507,6.81962168177835e-07,8.335968222547787e-07
2020-02-03 20:30:00,11.312473558844209,2.990849733352661,4.720882885216095e-06,1.2481312106492362e-06
2020-02-03 21:00:00,2.407776734272981,4.737925052642822,1.2260606212033675e-06,2.4125921853847706e-06
2020-02-03 21:30:00,2.08729567639701,3.3422770500183105,7.66620483957963e-07,1.2275491577836626e-06
2020-02-03 22:00:00,2.8723362129972463,2.5771968364715576,1.0729560899868946e-06,9.6270730016722e-07
2020-02-03 22:30:00,2.1730519527957926,3.275214433670044,7.192934678402115e-07,1.084115980238704e-06
2020-02-03 23:00:00,16.639235575987158,2.757485866546631,3.5766530860073097e-06,5.92729773502256e-07
2020-02-03 23:30:00,2.862780087700888,7.304023742675781,5.693548128119891e-07,1.4526372768385673e-06
2020-02-04 00:00:00,3.1329868799263476,4.073957443237305,5.454151292233622e-07,7.092267253305539e-07
2020-02-04 00:30:00,3.5967948531966734,3.9049947261810303,7.56415542466135e-07,8.212307970543312e-07
2020-02-04 01:00:00,3.6391637759824356,4.613302707672119,9.665922139709897e-07,1.2253316290287993e-06
2020-02-04 01:30:00,2.5542009963076926,4.5751953125,6.844147824185857e-07,1.225953364223809e-06
2020-02-04 02:00:00,3.0789912225996856,3.057419538497925,7.421690406683301e-07,7.369693389030595e-07
2020-02-04 02:30:00,1.137180549337723,3.2966079711914062,4.2725814904427434e-07,1.238591902329082e-06
2020-02-04 03:00:00,2.0781104016875993,2.4663233757019043,7.789127287209709e-07,9.244218540633033e-07
2020-02-04 03:30:00,2.3548858919348468,2.3547146320343018,2.499950908858292e-06,2.499769099053628e-06
2020-02-04 04:00:00,1.694397616069546,2.6224405765533447,1.383273587268558e-06,2.1409099902668176e-06
2020-02-04 04:30:00,1.074001603848573,2.076059579849243,6.407081428570454e-07,1.2384974781223218e-06
2020-02-04 05:00:00,3.019737410507076,1.8626474142074585,1.1377185087682986e-06,7.017724226880327e-07
2020-02-04 05:30:00,1.8583316637732108,2.920058250427246,6.974138747178156e-07,1.095869579436237e-06
2020-02-04 06:00:00,0.8659933902525703,2.5327577590942383,2.8082804682001044e-07,8.213335373693983e-07
2020-02-04 06:30:00,3.0219708281410687,1.7531754970550537,9.938377787345492e-07,5.765681208765455e-07
2020-02-04 07:00:00,1.7966946868266773,2.862886905670166,5.565699130541985e-07,8.868489053012703e-07
2020-02-04 07:30:00,2.5182216332033738,2.236147880554199,1.0360328503304092e-06,9.199836233254095e-07
2020-02-04 08:00:00,3.7647747387135078,2.6834373474121094,1.5392120752797414e-06,1.0971119004598885e-06
2020-02-04 08:30:00,1.9819765655990242,3.2998719215393066,8.085643687438839e-07,1.3462111023339389e-06
2020-02-04 09:00:00,0.41717432414630085,2.8350982666015625,2.903518576439948e-07,1.973218390167152e-06
2020-02-04 09:30:00,1.6381288104207985,2.01867938041687,9.125388129783717e-07,1.1245289588163248e-06
2020-02-04 10:00:00,2.3681324554902576,2.391169548034668,6.042564271652765e-06,6.101346081770221e-06
2020-02-04 10:30:00,1.3071475165528585,2.7235827445983887,1.8479759689243698e-06,3.8504571195361115e-06
2020-02-04 11:00:00,0.9451825505779305,1.910177230834961,1.200507032872042e-06,2.4261780946413476e-06
2020-02-04 11:30:00,1.0221165228143987,1.7431288957595825,1.3105882573653413e-06,2.235091803003324e-06
2020-02-04 12:00:00,1.3740290905892518,1.7694509029388428,1.3290793067164476e-06,1.7115653485460094e-06
2020-02-04 12:30:00,1.1042439124961694,1.8001644611358643,8.622276844683182e-07,1.4056239001387461e-06
2020-02-04 13:00:00,0.886610146155889,1.6691638231277466,4.920311172481058e-07,9.26315296891789e-07
2020-02-04 13:30:00,0.9760912592097813,1.516767978668213,6.065378218459665e-07,9.425114069476633e-07
2020-02-04 14:00:00,0.43021485309669943,1.669663906097412,2.616353323108492e-07,1.0154067619349201e-06
2020-02-04 14:30:00,0.5940024057535053,1.3939989805221558,4.804348759308155e-07,1.1274798229230792e-06
2020-02-04 15:00:00,1.709769612948369,1.4419746398925781,9.958329716997256e-07,8.398592885761097e-07
2020-02-04 15:30:00,0.6172649472783416,1.9741184711456299,7.673239993045094e-07,2.4540328866225237e-06
2020-02-04 16:00:00,0.7528420469456029,1.4237109422683716,1.686811347856661e-06,3.1899543645700663e-06
2020-02-04 16:30:00,1.3742943771922018,1.5208685398101807,8.422872372033044e-07,9.321206444599937e-07
2020-02-04 17:00:00,3.9439877094860822,1.4949647188186646,8.692128803983415e-07,3.294742998850752e-07
2020-02-04 17:30:00,2.9805415035620673,2.5444812774658203,7.363119868572114e-07,6.285878128832501e-07
2020-02-04 18:00:00,3.2372200093965326,2.555302619934082,5.886719000265646e-07,4.646687108238489e-07
2020-02-04 18:30:00,0.877172476609532,3.157862663269043,7.043828966316279e-07,2.5358119517337166e-06
2020-02-04 19:00:00,1.138690601115132,1.832690954208374,4.453604770098517e-07,7.16795340875353e-07
2020-02-04 19:30:00,3.8840275530110278,2.149794816970825,1.4882892493046943e-06,8.237625687872013e-07
2020-02-04 20:00:00,1.4979263044922497,3.1424756050109863,4.1537227204607486e-07,8.714028373680453e-07
2020-02-04 20:30:00,1.570726538197447,2.4162163734436035,8.882506160595148e-07,1.3663776794064585e-06
2020-02-04 21:00:00,3.306293323961519,1.7809054851531982,1.8162548910460848e-06,9.783095391018439e-07
2020-02-04 21:30:00,2.979785713429004,2.8571975231170654,1.151011550901697e-06,1.10365901061087e-06
2020-02-04 22:00:00,1.710332363436539,2.77116322517395,7.832694663453772e-07,1.2690910766470286e-06
2020-02-04 22:30:00,1.7160378854716891,2.0825703144073486,6.112755609687678e-07,7.418392961914927e-07
2020-02-04 23:00:00,1.218768499369407,2.0601823329925537,2.707960117962569e-07,4.577482595227433e-07
2020-02-04 23:30:00,0.9847950068253666,1.7972928285598755,1.9585778844072406e-07,3.5744880522585056e-07
2020-02-05 00:00:00,1.0406059778266514,1.6121975183486938,1.811569169036127e-07,2.8066409196849503e-07
2020-02-05 00:30:00,1.3178835956584627,1.5117267370224,3.513313021024473e-07,4.030074618811825e-07
2020-02-05 01:00:00,3.7587401498771555,1.6184026002883911,9.983526949760847e-07,4.2986121230195297e-07
2020-02-05 01:30:00,2.236786100767833,2.53178334236145,5.993613950847876e-07,6.784078261257441e-07
2020-02-05 02:00:00,0.908565574190872,2.1230356693267822,2.190033007019001e-07,5.11742720941742e-07
2020-02-05 02:30:00,1.2734473227927203,1.6391996145248413,4.784559025026189e-07,6.158752835016847e-07
2020-02-05 03:00:00,1.2770677732209084,1.726805329322815,4.786677085073596e-07,6.472373411636222e-07
2020-02-05 03:30:00,1.9133682412162896,1.726805329322815,2.03123501227447e-06,1.8331795044705934e-06
2020-02-05 04:00:00,8.896841901190678,1.8754613399505615,7.916904702225973e-06,1.6688897999986393e-06
2020-02-05 04:30:00,7.165042320485663,3.9305408000946045,4.2743892953234005e-06,2.3448098098068826e-06
2020-02-05 05:00:00,4.368948069318029,5.115686416625977,1.6460481182951512e-06,1.9273898124382323e-06
2020-02-05 05:30:00,2.632109142962287,4.232171535491943,9.878050683085928e-07,1.5882929869713993e-06
2020-02-05 06:00:00,4.03492570738602,4.481516361236572,1.2828949404961115e-06,1.4248873665893514e-06
2020-02-05 06:30:00,1.9455511572542599,4.835412502288818,6.77378742961178e-07,1.6835361179202898e-06
2020-02-05 07:00:00,16.783552490312214,3.1789228916168213,6.4540648309108114e-06,1.2224452747297816e-06
2020-02-05 07:30:00,1.9048094811800838,9.343500137329102,9.789029036056744e-07,4.8017292567259965e-06
2020-02-05 08:00:00,1.835107387906069,3.130110502243042,8.957791042260466e-07,1.5279147151312822e-06
2020-02-05 08:30:00,2.380124349659833,3.47745680809021,1.0674980565943585e-06,1.5596573284322999e-06
2020-02-05 09:00:00,0.8552082612304583,3.6122305393218994,5.952219322914823e-07,2.5140997099396457e-06
2020-02-05 09:30:00,1.0632667680536942,2.5342981815338135,5.92305188839104e-07,1.41176044252347e-06
2020-02-05 10:00:00,2.367635151297109,2.0716679096221924,6.041295342398958e-06,5.286100642044145e-06
2020-02-05 10:30:00,3.9890582156523866,2.3752634525299072,5.6395193563203626e-06,3.3580217416586425e-06
2020-02-05 11:00:00,3.4049807657810884,2.9561405181884766,4.201936359576416e-06,3.648042436017633e-06
2020-02-05 11:30:00,1.1958607861605386,3.040242910385132,1.5799165314757075e-06,4.016629769457516e-06
2020-02-05 12:00:00,1.8873192074938685,2.0433030128479004,2.081215963712415e-06,2.2532250146956336e-06
2020-02-05 12:30:00,0.660854181895243,2.5246546268463135,5.644321523069881e-07,2.156294510804121e-06
2020-02-05 13:00:00,1.5643420293312267,1.9295731782913208,8.126538229690263e-07,1.0023863008445192e-06
2020-02-05 13:30:00,1.2363586828651403,2.114887237548828,8.195143475822935e-07,1.4018427327848509e-06
2020-02-05 14:00:00,1.3280548750849934,1.8959113359451294,8.076570952137851e-07,1.1529992254833088e-06
2020-02-05 14:30:00,1.0261986927020648,1.94980788230896,7.680680605971459e-07,1.4593520429838079e-06
2020-02-05 15:00:00,0.9539077302810453,1.8561797142028809,7.656769557027792e-07,1.489907239130335e-06
2020-02-05 15:30:00,1.3047020903421005,1.8722779750823975,1.6218792761138557e-06,2.327434645340637e-06
2020-02-05 16:00:00,1.898068254831849,1.8653734922409058,4.252795236725389e-06,4.1795396357960384e-06
2020-02-05 16:30:00,1.9477942171991658,2.184119939804077,1.1937778667166969e-06,1.3386188434946486e-06
2020-02-05 17:00:00,1.6734674356500667,2.091787815093994,3.688143972902393e-07,4.6100775303301446e-07
2020-02-05 17:30:00,1.409084544940635,1.9310619831085205,3.480997797531334e-07,4.770489133695275e-07
2020-02-05 18:00:00,0.942136585575895,2.302685022354126,1.7132271897049405e-07,4.187314928665002e-07
2020-02-05 18:30:00,0.6059821861103665,1.8802714347839355,4.4075975065268413e-07,1.367611107637071e-06
2020-02-05 19:00:00,2.034765062318957,1.4107437133789062,8.848682195504884e-07,6.134970080904398e-07
2020-02-05 19:30:00,2.002285456174169,1.8286539316177368,7.672396443616838e-07,7.007071783040237e-07
2020-02-05 20:00:00,2.758281297422807,1.8522686958312988,8.797297014151942e-07,5.907649043072202e-07
2020-02-05 20:30:00,7.079690922117796,2.231356620788574,4.003586665250314e-06,1.2618389292247267e-06
2020-02-05 21:00:00,2.5379122201718585,3.5942773818969727,1.3941580589739636e-06,1.974453938292703e-06
2020-02-05 21:30:00,1.809076075437048,2.811007499694824,6.987977188774999e-07,1.0858170395403265e-06
2020-02-05 22:00:00,0.7313585680330373,2.2633585929870605,3.349353888967744e-07,1.0365351876492035e-06
2020-02-05 22:30:00,1.018542174052681,2.247011184692383,3.628182944476564e-07,8.004153253576827e-07
2020-02-05 23:00:00,1.231291332289724,1.9638266563415527,2.73578437837763e-07,4.363391625822487e-07
2020-02-05 23:30:00,6.300496733457993,1.54941987991333,1.232749906206765e-06,3.0315819409840975e-07
2020-02-06 00:00:00,3.1665817875306925,3.248248815536499,5.512635963809079e-07,5.654808383739934e-07
2020-02-06 00:30:00,4.3143680689532795,2.9858295917510986,1.1501566271922836e-06,7.959848667831742e-07
2020-02-06 01:00:00,2.3428263855595057,3.479624032974243,6.222742042864695e-07,9.242171292253132e-07
2020-02-06 01:30:00,1.9272266043577115,2.6655585765838623,5.164129130790991e-07,7.142537708872103e-07
2020-02-06 02:00:00,3.0966433040650148,2.5826191902160645,6.888036186519794e-07,5.744663718567959e-07
2020-02-06 02:30:00,2.668694749854598,3.0383408069610596,1.0026741838409883e-06,1.1415565189748416e-06
2020-02-06 03:00:00,2.540756064073813,2.7773406505584717,9.523205491272034e-07,1.0409966587710598e-06
2020-02-06 03:30:00,1.4202990541200617,2.4447181224823,1.5077919161003062e-06,2.5953169591501617e-06
2020-02-06 04:00:00,1.0016231789311583,1.9664292335510254,9.186807219497738e-07,1.8035930736642417e-06
2020-02-06 04:30:00,1.9823736182139606,1.5410312414169312,1.182608028538612e-06,9.193201027213167e-07
2020-02-06 05:00:00,3.1022557922500686,2.2749109268188477,1.1688081955390585e-06,8.570971297820343e-07
2020-02-06 05:30:00,1.8550816879612606,2.7191388607025146,6.961941902729252e-07,1.0204664784583674e-06
2020-02-06 06:00:00,2.7113742708438093,2.122756242752075,8.620749391964153e-07,6.749252504818517e-07
2020-02-06 06:30:00,2.144673362998418,2.5284197330474854,7.467067320606739e-07,8.803149555147441e-07
2020-02-06 07:00:00,3.096511251751112,2.2685658931732178,1.190754125503658e-06,8.723702181754652e-07
2020-02-06 07:30:00,1.1791301090569801,2.7305221557617188,6.288449101920435e-07,1.4562217914956044e-06
2020-02-06 08:00:00,0.6871412860535148,1.9537403583526611,3.364525074806913e-07,9.566312720187552e-07
2020-02-06 08:30:00,0.9454756850613755,1.7846487760543823,4.24050725124713e-07,8.004241880949755e-07
2020-02-06 09:00:00,1.849163325064798,1.7584853172302246,1.1698089530738452e-06,1.1124446608158494e-06
2020-02-06 09:30:00,1.9224468096785767,1.8938052654266357,1.1086856728831464e-06,1.092167936422763e-06
2020-02-06 10:00:00,1.5972244224313723,1.784445881843567,4.075503127546549e-06,4.5532203679433115e-06
2020-02-06 10:30:00,2.1823313044606856,1.619555115699768,3.495679034774304e-06,2.5942187843070194e-06
2020-02-06 11:00:00,1.688421096156378,1.8705350160598755,2.083605894492585e-06,2.308344638780896e-06
2020-02-06 11:30:00,1.0617285674523798,1.8685177564620972,1.4027071838718583e-06,2.4686001305122332e-06
2020-02-06 12:00:00,1.3363392080260033,1.6149383783340454,1.4736301530951059e-06,1.7808516545877277e-06
2020-02-06 12:30:00,0.8492186365522084,1.7153314352035522,6.63096088025111e-07,1.3393836585686465e-06
2020-02-06 13:00:00,0.8352683676242681,1.3272690773010254,4.339102443249877e-07,6.894977374215076e-07
2020-02-06 13:30:00,0.6816674399984246,1.3272690773010254,4.860466658191809e-07,9.463774735500861e-07
2020-02-06 14:00:00,0.6788734412112123,1.28897225856781,4.981763710030189e-07,9.45883994152445e-07
2020-02-06 14:30:00,0.8398358030435285,1.28897225856781,6.463101244418994e-07,9.919508287430553e-07
2020-02-06 15:00:00,0.9933288028277104,1.3272690773010254,8.748792736779285e-07,1.1689988280000592e-06
2020-02-06 15:30:00,0.7866503797640808,1.394411325454712,1.098742913296625e-06,1.9476245120779077e-06
2020-02-06 16:00:00,0.3895357486833989,1.166522741317749,8.727904132624449e-07,2.6137007165990786e-06
2020-02-06 16:30:00,0.9152201028732635,1.1024539470672607,5.609265559661342e-07,6.756797558295577e-07
2020-02-06 17:00:00,2.2579083412868095,1.1774044036865234,4.97618947514693e-07,2.594873890353502e-07
2020-02-06 17:30:00,2.3931821355632352,1.677973747253418,5.912109229285407e-07,4.1452607932412103e-07
2020-02-06 18:00:00,1.7365687284628553,1.8351668119430542,3.15786140560002e-07,3.337156977024856e-07
2020-02-06 18:30:00,0.7051431345386062,1.5517616271972656,5.128842386417658e-07,1.1286702539326837e-06
2020-02-06 19:00:00,0.722287371597783,1.2985687255859375,3.439781283727068e-07,6.184231614105005e-07
2020-02-06 19:30:00,1.1392982572235517,1.2567293643951416,4.963358595144459e-07,5.474947804925084e-07
2020-02-06 20:00:00,4.3763944445821865,1.3488521575927734,1.692873909435665e-06,5.217620701675142e-07
2020-02-06 20:30:00,2.1019037823226534,2.5838327407836914,1.5079212856506592e-06,1.8536606771235738e-06
2020-02-06 21:00:00,2.4993000286104574,1.8149523735046387,1.555946816131212e-06,1.1299041070128657e-06
2020-02-06 21:30:00,1.430874567038541,2.475893020629883,5.990234971554932e-07,1.0365116062340648e-06
2020-02-06 22:00:00,1.6983634216625894,1.8474165201187134,7.77788130181473e-07,8.460489801663684e-07
2020-02-06 22:30:00,1.3170889460875956,2.027484655380249,4.647377309200648e-07,7.154024191119438e-07
2020-02-06 23:00:00,1.390808136830073,1.4724562168121338,3.134546348012429e-07,3.3185614426561153e-07
2020-02-06 23:30:00,1.434165559671311,1.5596387386322021,2.8551427024914897e-07,3.1049352239007343e-07
2020-02-07 00:00:00,0.890783787280619,1.5362807512283325,1.5507468529876398e-07,2.674479008588325e-07
2020-02-07 00:30:00,1.5346949895378634,1.1111812591552734,4.091305110562835e-07,2.96227041551272e-07
2020-02-07 01:00:00,1.0611573213267975,1.4880013465881348,2.856609350998582e-07,4.0056629451017154e-07
2020-02-07 01:30:00,2.573126967193712,1.2610499858856201,6.934857940092067e-07,3.398667309841115e-07
2020-02-07 02:00:00,1.227565192564965,2.2355148792266846,2.95895900786147e-07,5.388550383442122e-07
2020-02-07 02:30:00,3.152249924854033,1.3600358963012695,1.1843541194953234e-06,5.109887080163894e-07
2020-02-07 03:00:00,1.856056444691882,2.42261004447937,7.053292632577974e-07,9.206281213701107e-07
2020-02-07 03:30:00,1.3397559415897047,1.9648844003677368,1.7741750613499863e-06,2.6020029419922887e-06
2020-02-07 04:00:00,0.8683098298975496,1.6763782501220703,7.999680449644661e-07,1.5444360816798923e-06
2020-02-07 04:30:00,1.1679065417095202,1.2057219743728638,7.457304802318212e-07,7.698763512866501e-07
2020-02-07 05:00:00,1.607206013980866,1.5360138416290283,9.10021964423348e-07,8.697119855086249e-07
2020-02-07 05:30:00,2.8416732312033206,1.760127067565918,1.1771850958542136e-06,7.291462396155889e-07
2020-02-07 06:00:00,3.273247057611829,2.5175423622131348,1.0614625796166669e-06,8.163994232805306e-07
2020-02-07 06:30:00,2.015789060194395,2.748786449432373,8.052070733292969e-07,1.0980029289082581e-06
2020-02-07 07:00:00,1.1171978510444032,2.3473756313323975,5.278962945298683e-07,1.1091776595270517e-06
2020-02-07 07:30:00,1.4517014500868353,1.7151379585266113,8.599839376205938e-07,1.0160429990946372e-06
2020-02-07 08:00:00,0.737375689342409,1.8136266469955444,2.819037657736012e-07,6.933618627315231e-07
2020-02-07 08:30:00,2.2672699255661235,1.3948699235916138,1.0903911993319242e-06,6.708305313569209e-07
2020-02-07 09:00:00,9.471210186978457,2.022549867630005,6.591928871829412e-06,1.407687571486403e-06
2020-02-07 09:30:00,1.7360187349316785,3.6381683349609375,1.0475705513870377e-06,2.195389906805287e-06
2020-02-07 10:00:00,3.1774079479382027,2.1449129581451416,8.107524432666136e-06,5.4729938676549655e-06
2020-02-07 10:30:00,1.4136351085520138,2.7669594287872314,2.5435774982509496e-06,4.978636777665702e-06
2020-02-07 11:00:00,2.1402497602749455,2.038071393966675,2.813017200900277e-06,2.6787200233838874e-06
2020-02-07 11:30:00,1.0776767411460744,2.2688066959381104,1.4734143932037347e-06,3.1019435732065285e-06
2020-02-07 12:00:00,0.8343899049785733,1.6471728086471558,1.054658949130228e-06,2.0820069047315546e-06
2020-02-07 12:30:00,0.9783886907064226,1.4293400049209595,7.382226895138686e-07,1.0784785563094104e-06
2020-02-07 13:00:00,1.315502048489212,1.425819993019104,6.34376540344297e-07,6.875753294067231e-07
2020-02-07 13:30:00,0.7737697449443046,1.5307197570800781,4.372474273768317e-07,8.64990237976194e-07
2020-02-07 14:00:00,3.5800307204857793,1.3146655559539795,2.627126949065676e-06,9.64738456374603e-07
2020-02-07 14:30:00,4.3863935037383,2.5290417671203613,3.375624760195302e-06,1.946267702928121e-06
2020-02-07 15:00:00,2.782487220084288,2.9071524143218994,2.6026164576092523e-06,2.7192228103255945e-06
2020-02-07 15:30:00,0.7151476974105787,2.4279086589813232,9.98872541987364e-07,3.391147454841728e-06
2020-02-07 16:00:00,0.9226910199933902,1.704448938369751,2.067373480804994e-06,3.818973478897727e-06
2020-02-07 16:30:00,1.3144583199863467,1.7365156412124634,8.056144921601149e-07,1.064287961932491e-06
2020-02-07 17:00:00,0.6903493517034073,1.814437985420227,2.1037224798824458e-07,5.529191805370257e-07
2020-02-07 17:30:00,0.524932076564179,1.2738399505615234,1.5507468529876398e-07,3.7631598119755927e-07
2020-02-07 18:00:00,3.052413741422389,1.2774405479431152,5.769341288432101e-07,2.41447953033104e-07
2020-02-07 18:30:00,0.23975087929264313,1.8707942962646484,1.7438225115835534e-07,1.3607179327114617e-06
2020-02-07 19:00:00,2.2659479098963953,1.7742750644683838,9.854038334720889e-07,7.715876620663461e-07
2020-02-07 19:30:00,1.1374838017970499,2.6562867164611816,5.480478459876154e-07,1.2798179727765526e-06
2020-02-07 20:00:00,0.6314915790548982,2.3697926998138428,3.090561279641635e-07,1.1597921178590047e-06
2020-02-09 18:30:00,7.696372701239838,6.665895462036133,4.684270775017284e-06,4.05708773655232e-06
2020-02-09 19:00:00,15.538909764291885,2.5705389976501465,7.4001641283712946e-06,1.2241792229660314e-06
2020-02-09 19:30:00,3.4236306225629844,4.961148738861084,1.7877920179313293e-06,2.5906714517193083e-06
2020-02-09 20:00:00,2.2082410782125916,3.7088663578033447,1.080727692782841e-06,1.8151435643761822e-06
2020-02-09 20:30:00,2.480562849527573,2.5585014820098877,2.0173008026467748e-06,2.0806838634282055e-06
2020-02-09 21:00:00,3.4782783154991956,3.9349074363708496,2.874705554345641e-06,3.252097514096659e-06
2020-02-09 21:30:00,2.926320568988737,4.1504011154174805,1.5126220656562892e-06,2.1453522129581557e-06
2020-02-09 22:00:00,4.367378542870505,2.8114686012268066,2.341832628718497e-06,1.507537952192963e-06
2020-02-09 22:30:00,2.091973562103168,3.0344252586364746,7.660376664897139e-07,1.111144082493284e-06
2020-02-09 23:00:00,2.9782814266606863,2.3901219367980957,6.883615414115254e-07,5.524219457059664e-07
2020-02-09 23:30:00,1.8467533908084481,2.9068126678466797,3.837990361820538e-07,6.041044277129785e-07
2020-02-10 00:00:00,8.29794987754414,2.4756417274475098,1.3664466516906464e-06,4.0767085836597995e-07
2020-02-10 00:30:00,1.8194962524091576,4.076974391937256,6.102541644152249e-07,1.3674062794026878e-06
2020-02-10 01:00:00,2.337853433132241,2.5814380645751953,7.053893988759603e-07,7.788850313710915e-07
2020-02-10 01:30:00,1.7777560921600464,2.65320086479187,5.416143894545999e-07,8.083289787738187e-07
2020-02-10 02:00:00,3.5927968608819603,2.304072380065918,9.918165524688436e-07,6.360551996459623e-07
2020-02-10 02:30:00,1.6026553346874644,3.092755079269409,6.712430927464026e-07,1.2953443198819697e-06
2020-02-10 03:00:00,3.0159311863181197,2.0224785804748535,1.336362710243178e-06,8.961626742259044e-07
2020-02-10 03:30:00,1.5435934352528182,2.5886807441711426,2.3217875150197287e-06,3.893749801549349e-06
2020-02-10 04:00:00,1.5613251853366887,2.0224785804748535,1.4384384617814844e-06,1.8632960036809357e-06
2020-02-10 04:30:00,2.3428731593314005,1.9167687892913818,1.5853439149470317e-06,1.2970133378158056e-06
2020-02-10 05:00:00,0.6867681922452968,2.186587333679199,5.505639377468912e-07,1.7529293672178508e-06
2020-02-10 05:30:00,1.0997050473419876,1.579089879989624,5.37739208455918e-07,7.721511728974586e-07
2020-02-10 06:00:00,7.292476551427048,1.7090002298355103,3.19510558999011e-06,7.487766534639432e-07
2020-02-10 06:30:00,0.9329325608827401,3.3625729084014893,5.142257665587926e-07,1.8534261788402914e-06
2020-02-10 07:00:00,0.9379066551412717,1.9666651487350464,4.761501321088814e-07,9.98423313504558e-07
2020-02-10 07:30:00,1.804603936073441,1.937711477279663,1.1286533111998846e-06,1.2119027512154936e-06
2020-02-10 08:00:00,1.3530101077880043,2.2305209636688232,5.172650116188849e-07,8.527434093412538e-07
2020-02-10 08:30:00,2.7186294416604513,1.9838522672653198,1.3879992964009493e-06,1.0128579897398192e-06
2020-02-10 09:00:00,1.968469601378751,2.3290066719055176,1.3700478969928532e-06,1.6209804259570734e-06
2020-02-10 09:30:00,1.9792547393978144,1.9531381130218506,1.2230268181257593e-06,1.2068887567529758e-06
2020-02-10 10:00:00,0.9331591901422087,2.077756404876709,3.0690191225454887e-06,6.8334258569389575e-06
2020-02-10 10:30:00,0.6771206282930876,1.6479188203811646,1.3141053120060049e-06,3.1981581791069245e-06
2020-02-10 11:00:00,0.9178384611836192,1.4598932266235352,1.2152162589409244e-06,1.932895667744011e-06
2020-02-10 11:30:00,0.3988435393715134,1.3870617151260376,5.735612547318043e-07,1.9946790638047386e-06
2020-02-10 12:00:00,1.007041622330928,1.2805620431900024,1.2728886732698548e-06,1.6186152429558782e-06
2020-02-10 12:30:00,1.0686561712225708,1.399261713027954,7.487639797335497e-07,9.804058565787156e-07
2020-02-10 13:00:00,1.600322904397862,1.3609980344772339,8.313453847428748e-07,7.070194593212397e-07
2020-02-10 13:30:00,0.7776363388734576,1.4745726585388184,4.394323903574594e-07,8.332622277351029e-07
2020-02-10 14:00:00,0.7403148905585212,1.221726894378662,6.516377824769367e-07,1.0753848320472398e-06
2020-02-10 14:30:00,0.36004976159567165,1.221726894378662,2.906719398056214e-07,9.863129049937757e-07
2020-02-10 15:00:00,0.41939762116285034,1.0053608417510986,4.297474037664566e-07,1.0301708683827523e-06
2020-02-10 15:30:00,0.47265114654293083,1.018266201019287,5.875541283209181e-07,1.2658099203070433e-06
2020-02-10 16:00:00,0.8626277150676855,0.913647472858429,1.772863700759983e-06,1.8777189877265954e-06
2020-02-10 16:30:00,0.8521744531038355,1.0714586973190308,5.985683632095641e-07,7.525938807071443e-07
2020-02-10 17:00:00,0.530493429071726,1.0231513977050781,1.6165886871833876e-07,3.1178802302983233e-07
2020-02-10 17:30:00,0.47506482317915366,0.9943994283676147,1.4034297243409767e-07,2.937640607232452e-07
2020-02-10 18:00:00,0.6183123154822875,0.9312275052070618,1.1686668561502798e-07,1.760105198652122e-07
2020-02-10 18:30:00,0.5583252938573278,0.8836119174957275,3.3981551550219256e-07,5.377958737517273e-07
2020-02-10 19:00:00,0.512555572987553,1.1251250505447388,2.79303254707089e-07,6.131063734961181e-07
2020-02-10 19:30:00,1.4893868015920957,0.8209757804870605,8.26645332406044e-07,4.556612132137745e-07
2020-02-10 20:00:00,0.7356074777652698,1.2944412231445312,4.167081265424728e-07,7.332771801811766e-07
2020-02-10 20:30:00,0.5423766180159283,0.8742964267730713,6.152727335022619e-07,9.918029917287659e-07
2020-02-10 21:00:00,0.6314723434618591,0.798021137714386,6.252526498068712e-07,7.90161019914804e-07
2020-02-10 21:30:00,0.4855191392725389,0.8348148465156555,3.150585198689893e-07,5.417202096336723e-07
2020-02-10 22:00:00,0.49315884042181307,0.798021137714386,3.093577692744294e-07,5.005974115479835e-07
2020-02-10 22:30:00,1.3012090386965358,0.7028392553329468,4.810540383021913e-07,2.598380828909001e-07
2020-02-10 23:00:00,0.43570292393369653,1.1309030055999756,1.1059050780595577e-07,2.870468174494398e-07
2020-02-10 23:30:00,1.0524940818435262,0.7617462277412415,2.322819211379483e-07,1.6811484287816284e-07
2020-02-11 00:00:00,0.6535137971979831,1.0475233793258667,1.1613849680482613e-07,1.861594830353083e-07
2020-02-11 00:30:00,0.5173782710446398,0.8759394288063049,1.8247010057959046e-07,3.0892823417805453e-07
2020-02-11 01:00:00,0.7484838695153991,0.8070982694625854,2.872521385235891e-07,3.09747094552511e-07
2020-02-11 01:30:00,0.9393623702878954,0.9443350434303284,3.924113117230516e-07,3.944886071867757e-07
2020-02-11 02:00:00,0.5343105941022499,1.024289846420288,1.658130016514921e-07,3.1786862523559053e-07
2020-02-11 02:30:00,0.6963032391865569,0.8324758410453796,3.15325813934441e-07,3.7699253340405914e-07
2020-02-11 03:00:00,0.651801392767219,0.9222604036331177,3.3216250990536273e-07,4.6999029743791006e-07
2020-02-11 03:30:00,0.8403560312568882,0.8936908841133118,1.3391529956788618e-06,1.4241449815993358e-06
2020-02-11 04:00:00,0.6802915894199383,0.9097649455070496,6.36594947984455e-07,8.513287201697789e-07
2020-02-11 04:30:00,1.0969542274538302,0.7369606494903564,7.99874589101868e-07,5.373752905475312e-07
2020-02-11 05:00:00,0.4025896125950744,1.1127426624298096,3.227454691541264e-07,8.920564301666101e-07
2020-02-11 05:30:00,0.6503147561371032,0.8041564226150513,3.469952102048683e-07,4.290821087320923e-07
2020-02-11 06:00:00,0.3685793933421561,0.8549165725708008,2.2782746175926948e-07,5.284437390234934e-07
2020-02-11 06:30:00,0.34587455456961064,0.8349304795265198,2.060728394766796e-07,4.974534622697362e-07
2020-02-11 07:00:00,1.0281751076334897,0.879490315914154,5.219770119415657e-07,4.4649371855446465e-07
2020-02-11 07:30:00,0.5778019693509685,1.019768238067627,3.64686035257966e-07,6.436378817480074e-07
2020-02-11 08:00:00,0.5538750828127026,0.822848916053772,2.580790504367878e-07,3.834078720957897e-07
2020-02-11 08:30:00,0.3640648700324115,0.8261498808860779,2.1855701238339025e-07,4.95957903687e-07
2020-02-11 09:00:00,0.9527370196299576,0.7813524603843689,7.004164096328121e-07,5.744209301038222e-07
2020-02-11 09:30:00,0.5914458322164563,1.0364712476730347,4.007165293509597e-07,7.02230261025147e-07
2020-02-11 10:00:00,0.8032943201787793,0.7813524603843689,2.8294422857134867e-06,2.752156508421193e-06
2020-02-11 10:30:00,0.960985749568117,1.0149297714233398,1.8650096090750371e-06,1.969700151216123e-06
2020-02-11 11:00:00,1.2670563537826698,1.0939539670944214,1.6775800396569657e-06,1.4483928311652141e-06
2020-02-11 11:30:00,0.6674976329822091,1.1351652145385742,9.599021724335084e-07,1.6324365835400194e-06
2020-02-11 12:00:00,1.359779764070211,1.026672124862671,1.7690517029720087e-06,1.3356839974185843e-06
2020-02-11 12:30:00,0.7328245422568499,1.5033493041992188,5.448501626166386e-07,1.1177301872833101e-06
2020-02-11 13:00:00,1.7001833115396396,1.0273890495300293,9.435298004770942e-07,5.701574520441463e-07
2020-02-11 13:30:00,0.7390308471374862,1.283377766609192,4.1761691869490937e-07,7.252204295515387e-07
2020-02-11 14:00:00,1.4282224414087077,0.9865938425064087,1.2571457314619518e-06,8.684167128547788e-07
2020-02-11 14:30:00,2.1641160107315307,1.246349573135376,1.747113499022795e-06,1.0061910511858621e-06
2020-02-11 15:00:00,1.1424763180390585,1.6337997913360596,1.170670043813391e-06,1.6741182667038054e-06
2020-02-11 15:30:00,1.9858747646551984,1.2093125581741333,2.4686471720967515e-06,1.5033002483598216e-06
2020-02-11 16:00:00,1.5672528802290786,1.7002604007720947,3.2210021689966816e-06,3.4943578715552285e-06
2020-02-11 16:30:00,0.3194719447148101,1.42429780960083,2.243974791110287e-07,1.000428498543427e-06
2020-02-11 17:00:00,1.0287665516128148,0.9730147123336792,2.979239239016702e-07,2.817785635215763e-07
2020-02-11 17:30:00,1.016958663809993,1.2270644903182983,3.004284778792804e-07,3.624976414527292e-07
2020-02-11 18:00:00,0.6440187654255237,0.8193870782852173,1.2172543988624336e-07,1.5487165575908375e-07
2020-02-11 18:30:00,0.3723087394705648,0.7831020951271057,2.2659959636629135e-07,4.766222219809823e-07
2020-02-11 19:00:00,0.6370396146842772,0.804210901260376,3.4713745618173055e-07,4.3823291371840973e-07
2020-02-11 19:30:00,1.9616933493425763,0.6033521294593811,1.2313848325840292e-06,3.7873333320549096e-07
2020-02-11 20:00:00,1.2423655012837553,1.5040513277053833,7.037772401304375e-07,8.520174548739746e-07
2020-02-11 20:30:00,0.5563609483611075,1.057695984840393,6.311365758433128e-07,1.1998516864309295e-06
2020-02-11 21:00:00,0.7608644410815087,0.828400194644928,7.533702985660078e-07,8.202408579965844e-07
2020-02-11 21:30:00,0.26450352100466146,0.9180227518081665,1.7163914063763904e-07,5.957147020488147e-07
2020-02-11 22:00:00,0.48539105492195395,0.7449862360954285,3.044850495795268e-07,4.6732870071133624e-07
2020-02-11 22:30:00,0.5874029145132789,0.784762978553772,2.2691746323482795e-07,3.0315890495978126e-07
2020-02-11 23:00:00,0.7624630990210854,0.7069981694221497,1.9352906917116818e-07,1.7945091088297332e-07
2020-02-11 23:30:00,1.0327280634306193,0.8208020329475403,2.3769834834372886e-07,1.8892029224101034e-07
2020-02-12 00:00:00,1.7443413030278352,0.9387632012367249,2.872455688577285e-07,1.545887661399039e-07
2020-02-12 00:30:00,0.9391492651063127,1.1765556335449219,3.3122121753816693e-07,4.149502149693147e-07
2020-02-12 01:00:00,0.62905476896132,0.9851146340370178,2.3181294459098018e-07,3.6302454944082735e-07
2020-02-12 01:30:00,0.849619420109703,0.858972430229187,3.860773554290268e-07,3.9032747651473015e-07
2020-02-12 02:00:00,0.5512834691069338,0.9035519361495972,1.7108020649872305e-07,2.8039994028699937e-07
2020-02-12 02:30:00,0.621360643017981,0.8173783421516418,2.813875327297992e-07,3.7015552495842317e-07
2020-02-12 03:00:00,0.5629511900561311,0.8728790879249573,2.868838304401054e-07,4.4482523650053704e-07
2020-02-12 03:30:00,0.6489632895412587,0.7196720838546753,9.761345370818082e-07,1.0824907783624664e-06
2020-02-12 04:00:00,1.116858076933175,0.8406256437301636,1.0289538843668534e-06,7.74462789211034e-07
2020-02-12 04:30:00,0.484524567946855,0.861592710018158,3.711574935799506e-07,6.600007757958983e-07
2020-02-12 05:00:00,0.4407668471382377,0.7364585995674133,2.921898437162027e-07,4.882075966198232e-07
2020-02-12 05:30:00,0.5430360906167314,0.7599712610244751,2.677948521068498e-07,3.7477507474755475e-07
2020-02-12 06:00:00,1.024163337064618,0.8399249911308289,4.487241035663989e-07,3.680024221413983e-07
2020-02-12 06:30:00,0.6308565247661517,0.9709290862083435,2.96260552380082e-07,4.5596419488345397e-07
2020-02-12 07:00:00,0.452056800012918,0.7131362557411194,2.2815922480135282e-07,3.5992958248384617e-07
2020-02-12 07:30:00,0.3450099714045968,0.7080838084220886,2.1775681854691095e-07,4.469148435299978e-07
2020-02-12 08:00:00,0.7673107311835984,0.681411623954773,3.275333069022717e-07,2.9086652054414105e-07
2020-02-12 08:30:00,0.3840882384165992,0.8252756595611572,2.305775283192192e-07,4.954330873241373e-07
2020-02-12 09:00:00,0.4823685791122474,0.681411623954773,3.4941738433229944e-07,4.935998686607983e-07
2020-02-12 09:30:00,0.5301544500011575,0.8335878252983093,3.2759457243861404e-07,5.150930020827658e-07
2020-02-12 10:00:00,0.7434978679391288,0.6305630207061768,2.1927467405808896e-06,1.8596758215552945e-06
2020-02-12 10:30:00,1.4014910570621484,0.7711095213890076,2.7318457667736994e-06,1.503079360450061e-06
2020-02-12 11:00:00,1.4743078575566158,1.069979190826416,2.246132116267134e-06,1.6301307843775378e-06
2020-02-12 11:30:00,0.5168094478109282,1.1425379514694214,7.432034020427667e-07,1.643039027424475e-06
2020-02-12 12:00:00,0.36795296808308675,0.7937795519828796,5.055868545361971e-07,1.0906951205556073e-06
2020-02-12 12:30:00,0.6128732322369628,0.7487271428108215,4.556671631374704e-07,5.566736401316998e-07
2020-02-12 13:00:00,1.3690151830652362,0.8236804604530334,8.195958382249901e-07,4.931173048811838e-07
2020-02-12 13:30:00,1.2887196078575702,1.1859300136566162,7.282390360020622e-07,6.701539455482985e-07
2020-02-12 14:00:00,0.2676221581752687,1.0469218492507935,2.3556558421168013e-07,9.215184524490021e-07
2020-02-12 14:30:00,0.5990488877717894,0.5966832637786865,4.836184350611144e-07,4.817086420595066e-07
2020-02-12 15:00:00,0.3113562977422564,0.8580399751663208,3.335599551755638e-07,9.192291202416764e-07
2020-02-12 15:30:00,0.43168676907746284,0.7577896118164062,5.366311817249429e-07,9.420106522073022e-07
2020-02-12 16:00:00,0.41722638480237045,0.6775184869766235,8.574794197951318e-07,1.3924290991049758e-06
2020-02-12 16:30:00,1.0782613938936483,0.6706040501594543,7.473910406076832e-07,4.6482556244968975e-07
2020-02-12 17:00:00,0.39795899288890535,0.9362316727638245,1.326672554109859e-07,3.1211076687262275e-07
2020-02-12 17:30:00,0.724938314578242,0.700514018535614,2.3507149102220302e-07,2.2715156794399113e-07
2020-02-12 18:00:00,0.7818156313545479,0.8302178382873535,1.4216917350197166e-07,1.5097086725090074e-07
2020-02-12 18:30:00,0.30297281243478846,0.939580500125885,1.843994237291091e-07,5.718602318734893e-07
2020-02-12 19:00:00,13.888505670473585,1.062293529510498,7.568164392732755e-06,5.788680406246765e-07
2020-02-12 19:30:00,2.4591841462496005,4.807410717010498,1.79602838821765e-06,3.511020569460141e-06
2020-02-12 20:00:00,1.471879841255024,2.917630910873413,9.210174542755096e-07,1.8256850312977238e-06
2020-02-12 20:30:00,0.6886257142033541,1.969993233680725,7.811778964361664e-07,2.234762859618893e-06
2020-02-12 21:00:00,1.149775032111808,1.6816442012786865,1.1384503105370125e-06,1.665080828587968e-06
2020-02-12 21:30:00,0.5428946502882654,1.7687368392944336,2.806235366197658e-07,9.142642811619521e-07
2020-02-12 22:00:00,0.9117957928869479,0.7919708490371704,5.719680747891535e-07,4.968020749236844e-07
2020-02-12 22:30:00,0.7971318938075893,0.9024720191955566,3.0793709519856897e-07,3.48630652277159e-07
2020-02-12 23:00:00,1.2136979109910522,0.8659736514091492,3.0806189476009514e-07,2.1980221062388185e-07
2020-02-12 23:30:00,1.1006205711925485,0.9745725989341736,2.586349763230757e-07,2.290149463382707e-07
2020-02-13 00:00:00,1.08123762410791,1.0094393491744995,1.8177312935764686e-07,1.697027048495332e-07
2020-02-13 00:30:00,0.6560480135596638,1.0845310688018799,2.3137644875879173e-07,3.824947901395249e-07
2020-02-13 01:00:00,0.8370724283125486,0.8188774585723877,3.084695228739068e-07,3.017644953940661e-07
2020-02-13 01:30:00,0.7397105907460472,0.8673906922340393,3.361334521063586e-07,3.941528367351008e-07
2020-02-13 02:00:00,0.7189719290985215,0.8673906922340393,1.9847719970043629e-07,2.394492311496687e-07
2020-02-13 02:30:00,0.9381754940206937,0.8673906922340393,4.248593638757453e-07,3.928039690686781e-07
2020-02-13 03:00:00,0.6821992251361084,1.0116620063781738,3.476534560852504e-07,5.155499741843595e-07
2020-02-13 03:30:00,0.4807530156221546,0.951119065284729,7.231219853541194e-07,1.4306204733979263e-06
2020-02-13 04:00:00,0.5654627088943242,0.7271504402160645,5.519186665538894e-07,7.097336305922972e-07
2020-02-13 04:30:00,1.0409297130780202,0.5862738490104675,7.973772412327124e-07,4.490998945053762e-07
2020-02-13 05:00:00,1.3031572918132435,1.2734529972076416,8.638792320809938e-07,8.441878844788254e-07
2020-02-13 05:30:00,6.29404443822274,1.3838329315185547,3.1038686536903024e-06,6.824285561125865e-07
2020-02-13 06:00:00,1.428415221794189,2.9853060245513916,7.102433547309812e-07,1.484367943876118e-06
2020-02-13 06:30:00,1.6341382600013534,1.7028677463531494,7.674180809224196e-07,7.996945729487646e-07
2020-02-13 07:00:00,2.4507615563779206,1.9290636777877808,1.2369327413284451e-06,9.736247155311666e-07
2020-02-13 07:30:00,1.708897912269108,2.2233359813690186,1.0687958995488997e-06,1.3905408644636056e-06
2020-02-13 08:00:00,3.3920484306671415,2.205594301223755,1.4479255854473815e-06,9.414772474904537e-07
2020-02-13 08:30:00,1.0493915227057335,2.522642135620117,6.299753008374671e-07,1.5144035413922356e-06
2020-02-13 09:00:00,2.0609061845738794,1.3128645420074463,1.412158693427253e-06,8.995912041826098e-07
2020-02-13 09:30:00,1.0990560658722965,1.7682487964630127,6.791319057771073e-07,1.0926414150463697e-06
2020-02-13 10:00:00,2.2669748205121514,1.3201762437820435,6.685831746142871e-06,3.893504313024339e-06
2020-02-13 10:30:00,1.3100853554952732,1.6780191659927368,2.7030999467173014e-06,3.4622580117848994e-06
2020-02-13 11:00:00,0.8722457651905375,1.2420167922973633,1.4584914820041891e-06,2.076789575098899e-06
2020-02-13 11:30:00,0.7409332655073096,1.0371201038360596,1.013014103506516e-06,1.4179648034789255e-06
2020-02-13 12:00:00,0.9048245291076794,0.9515268802642822,1.177162226122183e-06,1.2379212372719612e-06
2020-02-13 12:30:00,1.3178819172922587,0.9709129333496094,9.233863386403572e-07,6.802792624291297e-07
2020-02-13 13:00:00,1.5015926768610173,1.2071696519851685,8.989667345462647e-07,7.227028852837838e-07
2020-02-13 13:30:00,1.6427774249182425,1.2458444833755493,9.283125987950596e-07,7.040108492569545e-07
2020-02-13 14:00:00,1.1056263830615123,1.2458444833755493,8.067174587206923e-07,9.090272364945913e-07
2020-02-13 14:30:00,1.4495255043129402,1.114800214767456,1.1702171062940903e-06,8.99989877749374e-07
2020-02-13 15:00:00,0.7591670476864277,1.4113601446151733,8.133052976069048e-07,1.5120080434799002e-06
2020-02-13 15:30:00,3.575426945765382,0.9691349267959595,4.126826717737977e-06,1.118594218162232e-06
2020-02-13 16:00:00,1.5084356603104934,2.196611166000366,3.010815256976872e-06,4.384403383090487e-06
2020-02-13 16:30:00,0.7552658343850333,1.4946380853652954,5.777971573925531e-07,1.143435327983412e-06
2020-02-13 17:00:00,0.6842643246624084,1.3203473091125488,2.2811262353846494e-07,4.40163074133978e-07
2020-02-13 17:30:00,0.6793976933767444,1.2744336128234863,2.203043011625505e-07,4.13253105196299e-07
2020-02-13 18:00:00,1.2345384248773865,1.1584959030151367,2.2449449778479794e-07,2.1066655414873754e-07
2020-02-13 18:30:00,0.9702360566219708,1.322540283203125,5.905182325915903e-07,8.049424109091654e-07
2020-02-13 19:00:00,3.126803544284502,1.2639697790145874,1.8356357005939168e-06,7.420319242864049e-07
2020-02-13 19:30:00,1.0359875276323127,2.0359487533569336,8.256224782059423e-07,1.6225340657223003e-06
2020-02-13 20:00:00,0.794217621978574,1.0992355346679688,5.502893287742962e-07,7.616269997011093e-07
2020-02-13 20:30:00,0.773156364467557,0.9306865930557251,8.770695748846877e-07,1.0557720689325263e-06
2020-02-13 21:00:00,0.49929052375447225,0.9211081862449646,5.309997699302331e-07,9.796064850160286e-07
2020-02-13 21:30:00,0.5185903569621371,0.8099246621131897,2.680605895643825e-07,4.186519851634e-07
2020-02-13 22:00:00,0.6358217488962353,0.8099246621131897,3.988499886293544e-07,5.080644737857158e-07
2020-02-13 22:30:00,1.4679499783471612,0.7528630495071411,5.670783665044759e-07,2.90835760491507e-07
2020-02-13 23:00:00,1.1021029237803368,1.280708909034729,2.9997833628648255e-07,3.4859260374858336e-07
2020-02-13 23:30:00,1.0997127363276498,1.1188321113586426,2.7291203929996577e-07,2.7765683078730786e-07
2020-02-14 00:00:00,1.262570711801342,0.9940522909164429,2.2911242342108625e-07,1.8038572196420784e-07
2020-02-14 00:30:00,0.8972040347351663,1.0006842613220215,3.1642788192087577e-07,3.5292351463304495e-07
2020-02-14 01:00:00,0.576075013085074,0.8582912683486938,2.1840077962170174e-07,3.253942245229292e-07
2020-02-14 01:30:00,0.6010390922035714,0.7507382035255432,2.731194435238496e-07,3.411445329242305e-07
2020-02-14 02:00:00,0.8509281132314449,0.7360116839408875,2.349046217594537e-07,2.031811424940517e-07
2020-02-14 02:30:00,1.0001937703400894,0.8445280194282532,4.5294477603334265e-07,3.824504470606183e-07
2020-02-14 03:00:00,0.5355518064062086,0.9733914732933044,2.729209145212244e-07,4.960470451235338e-07
2020-02-14 03:30:00,0.32315116945094513,0.7051004767417908,4.860660414588656e-07,1.0605729762419055e-06
2020-02-14 04:00:00,0.4210591270504413,0.7051004767417908,3.879189605866016e-07,6.49604358330477e-07
2020-02-14 04:30:00,0.44511827058050607,0.5265383124351501,3.524657787785528e-07,4.169380333617065e-07
2020-02-14 05:00:00,0.3099147816976286,0.6511913537979126,2.4845050266461736e-07,5.220429251412568e-07
2020-02-14 05:30:00,0.6549396153297683,0.5696991086006165,4.040759327530111e-07,3.514853786641755e-07
2020-02-14 06:00:00,0.44375318621374865,0.7403036952018738,2.7429412465502485e-07,4.5759886433010793e-07
2020-02-14 06:30:00,0.7361363468987271,0.6864688992500305,4.385916952930403e-07,4.0899971799577336e-07
2020-02-14 07:00:00,0.6707048648507298,0.7556451559066772,3.52077567063656e-07,3.9666583917543276e-07
2020-02-14 07:30:00,0.2979635432534087,0.7626171112060547,2.016174223916134e-07,5.160258686490975e-07
2020-02-14 08:00:00,0.5904090952649736,0.6543996334075928,3.193842972870343e-07,3.5400024955065455e-07
2020-02-14 08:30:00,0.515632423177643,0.6772463321685791,3.1803499531874306e-07,4.1771623427696205e-07
2020-02-14 09:00:00,2.2413727974503272,0.6979864835739136,1.6236020630531513e-06,5.056063391163448e-07
2020-02-14 09:30:00,0.8244388107834019,1.528048038482666,5.360572846312602e-07,9.935501235280182e-07
2020-02-14 10:00:00,0.8635285288943466,0.8881285190582275,3.060475358985343e-06,3.1476614347299823e-06
2020-02-14 10:30:00,0.5860692948995071,0.8387804627418518,1.358714808878566e-06,1.944588201504035e-06
2020-02-14 11:00:00,0.4206487324582585,0.7431344985961914,7.033712488959008e-07,1.2426031509012102e-06
2020-02-14 11:30:00,0.4609447425125674,0.7637689113616943,6.302099620033915e-07,1.0442353111240914e-06
2020-02-14 12:00:00,0.5136109216662114,0.6667298078536987,6.681995861733675e-07,8.67404805668872e-07
2020-02-14 12:30:00,0.8358014519450379,0.6537429094314575,6.214128085899541e-07,4.860534957197999e-07
2020-02-14 13:00:00,0.9038607761577675,0.8233594298362732,6.539569936541184e-07,5.957130474467166e-07
2020-02-14 13:30:00,2.3391380737567022,0.8139738440513611,1.5611136840808307e-06,5.432367249666785e-07
2020-02-14 14:00:00,0.7238164362117089,1.591036081314087,5.842554181698604e-07,1.2842640820325441e-06
2020-02-14 14:30:00,1.7234911207302948,0.870627224445343,1.6987351618855614e-06,8.581216701792203e-07
2020-02-14 15:00:00,1.0549873205812927,1.2077306509017944,1.1302213120968936e-06,1.2938571813069296e-06
2020-02-14 15:30:00,0.8165458559766049,1.0160514116287231,1.0150507243058492e-06,1.2630567086427848e-06
2020-02-14 16:00:00,0.20702244977190978,0.870627224445343,5.068269135594282e-07,2.131446659589851e-06
2020-02-14 16:30:00,0.35021776102804164,0.9161431193351746,2.679253020297841e-07,7.00872283661055e-07
2020-02-14 17:00:00,0.7157568004453719,0.7814817428588867,2.386112437553199e-07,2.605219126379308e-07
2020-02-14 17:30:00,0.4218517109835224,0.7793827056884766,1.3679137755169822e-07,2.5272585407449206e-07
2020-02-14 18:00:00,1.5417699805013196,0.35273346304893494,3.12331291891546e-07,7.145663724210672e-08
2020-02-14 18:30:00,0.25336479253908695,1.11720871925354,1.6404117798213506e-07,7.233374160697172e-07
2020-02-14 19:00:00,0.6882983967069801,1.125815749168396,4.549562927056794e-07,7.441495751868954e-07
2020-02-14 19:30:00,0.13057043208164495,2.5504720211029053,1.0786866097310028e-07,2.1070314111674127e-06
2020-02-14 20:00:00,0.41746635196618154,1.3120405673980713,2.892497877811147e-07,9.090731597713267e-07
2020-02-16 18:30:00,6.706891169933841,5.9793548583984375,4.342380474762281e-06,3.8713366790832365e-06
2020-02-16 19:00:00,0.6120189185741706,2.387434959411621,3.5929464722117794e-07,1.4015785713025302e-06
2020-02-16 19:30:00,0.7188566065395146,0.9019836187362671,5.725197300571459e-07,7.183677707307394e-07
2020-02-16 20:00:00,0.5984184209390571,0.8349680304527283,4.146259942764298e-07,5.785240522379437e-07
2020-02-16 20:30:00,0.35105110062059913,0.8062354922294617,3.982328203378975e-07,9.145945799897933e-07
2020-02-16 21:00:00,0.6095172084564325,0.8414220213890076,6.482267979474838e-07,8.948595627492973e-07
2020-02-16 21:30:00,0.47392967193016283,0.6830573081970215,2.449753751956659e-07,3.530739480273871e-07
2020-02-16 22:00:00,0.1909097413414919,0.6309419274330139,1.1975738215226358e-07,3.9578888425773153e-07
2020-02-16 22:30:00,0.34968156545600937,0.5039492845535278,1.4701382439516233e-07,2.1187136795960263e-07
2020-02-16 23:00:00,0.6265922465538406,0.6273478269577026,1.7969311381234237e-07,1.7990979794185766e-07
2020-02-16 23:30:00,0.7330346730110124,0.7003856301307678,1.906312263699749e-07,1.821405951444402e-07
2020-02-17 00:00:00,0.874920838819848,0.7164062857627869,1.7974616624806304e-07,1.4718049636990087e-07
2020-02-17 00:30:00,0.44762215500715996,0.7303529977798462,1.578683609593691e-07,2.575824931619432e-07
2020-02-17 01:00:00,0.487949304228363,0.634933352470398,1.8499068010020338e-07,2.4071507362336693e-07
2020-02-17 01:30:00,0.9571444932120451,0.6471245884895325,4.349380510335421e-07,2.9406125124220506e-07
2020-02-17 02:00:00,0.7881447648828376,0.9086360335350037,2.175728419448053e-07,2.508352943752086e-07
2020-02-17 02:30:00,0.35058406953265786,0.8457264304161072,1.6326712012330813e-07,3.9385508557267947e-07
2020-02-17 03:00:00,0.3524220568677107,0.634933352470398,1.795967241772924e-07,3.2356643959261043e-07
2020-02-17 03:30:00,0.1880723845555332,0.6272018551826477,2.828880354168564e-07,9.434021961370769e-07
2020-02-17 04:00:00,0.30728629614818753,0.40971821546554565,2.8310081161126706e-07,3.774706545139244e-07
2020-02-17 04:30:00,0.1925005126120767,0.5231316089630127,1.5243104490992718e-07,4.142404438181262e-07
2020-02-17 05:00:00,0.1561215876929323,0.3438274562358856,1.2515855722219646e-07,2.7563739897714005e-07
2020-02-17 05:30:00,0.2821362985297898,0.2434905618429184,1.740687008748195e-07,1.5022556826661395e-07
2020-02-17 06:00:00,0.15592876536471342,0.49538135528564453,9.638318221258033e-08,3.062066920079408e-07
2020-02-17 06:30:00,0.210026858683162,0.34014004468917847,1.2513447596358472e-07,2.0265620555997469e-07
2020-02-17 07:00:00,0.2591375170548444,0.4393850564956665,1.3603078093058354e-07,2.3064932103862162e-07
2020-02-17 07:30:00,0.265336844799694,0.45661410689353943,1.7954052408532658e-07,3.089685343861975e-07
2020-02-17 08:00:00,1.026600535075497,0.45661410689353943,5.553439015746013e-07,2.4700733242615344e-07
2020-02-17 08:30:00,0.29131168820803793,0.8439161777496338,1.7967704750719312e-07,5.205159054700295e-07
2020-02-17 09:00:00,0.25573347206958524,0.5298354625701904,1.852478058608748e-07,3.838013698953828e-07
2020-02-17 09:30:00,0.2381581934553237,0.2921693027019501,1.471634003215085e-07,1.8053810129882787e-07
2020-02-17 10:00:00,0.04920073179848862,0.3685062825679779,1.7437481481488417e-07,1.306041850029687e-06
2020-02-17 10:30:00,0.051709656706032746,1.1056214570999146,1.198811760656404e-07,2.5632195029653233e-06
2020-02-17 11:00:00,0.09119834724710074,0.6667108535766602,1.524937327769093e-07,1.114814355893017e-06
2020-02-17 11:30:00,0.09556083718134663,0.21788500249385834,1.3065208476138932e-07,2.978953581166392e-07
2020-02-17 12:00:00,0.09202731191644985,0.21788500249385834,1.197260594454072e-07,2.8346489990412753e-07
2020-02-17 12:30:00,0.25628804156526996,0.21788500249385834,1.9054845064754235e-07,1.6199604706865393e-07
2020-02-17 13:00:00,0.3266432006427172,0.2967503070831299,2.395292256195066e-07,2.1760860510217904e-07
2020-02-17 13:30:00,0.30951859406024257,0.5432387590408325,2.395292256195066e-07,4.203998136998076e-07
2020-02-17 14:00:00,0.2967455415296745,0.41132017970085144,2.395292256195066e-07,3.320124158144056e-07
2020-02-17 14:30:00,0.20874583701162167,0.41132017970085144,2.395292256195066e-07,4.719768572914634e-07
2020-02-17 15:00:00,0.210388915907276,0.253001868724823,2.395292256195066e-07,2.880443650494095e-07
2020-02-17 15:30:00,0.19268652480263668,0.253001868724823,2.395292256195066e-07,3.145074195407133e-07
2020-02-17 16:00:00,0.09783996420289605,0.222842738032341,2.395292256195066e-07,5.455577269542505e-07
2020-02-17 16:30:00,0.3130999142735643,0.4522646963596344,2.395292256195066e-07,3.4599374690154965e-07
2020-02-17 17:00:00,0.718510450070747,0.6587619781494141,2.395292256195066e-07,2.1961092768820084e-07
2020-02-17 17:30:00,0.7386855477784651,0.8244754672050476,2.395292256195066e-07,2.6734781910357995e-07
2020-02-17 18:00:00,1.182395037257805,0.8244754672050476,2.395292256195066e-07,1.6702198840407247e-07
2020-02-17 18:30:00,8.997803324689716,0.9877294898033142,5.825632842834571e-06,6.395060158566924e-07
2020-02-17 19:00:00,0.9530926910540926,3.373319149017334,5.595269881512051e-07,1.9803562877341722e-06
2020-02-17 19:30:00,1.0404181466823665,1.5470932722091675,8.286213287411751e-07,1.2321531366905943e-06
2020-02-17 20:00:00,0.46743951511427906,1.4042608737945557,3.238746785471834e-07,9.729698161812625e-07
2020-02-17 20:30:00,0.5763515008714676,1.2202891111373901,6.538138843384008e-07,1.3842975381554852e-06
2020-02-17 21:00:00,0.5011580228485198,1.0856449604034424,5.329858712922767e-07,1.1545927606742032e-06
2020-02-17 21:30:00,0.9565676182349423,0.7260615229606628,4.944520781379998e-07,3.753029289726241e-07
2020-02-17 22:00:00,0.8946598809856785,0.8999945521354675,5.612187440548091e-07,5.645651749234108e-07
2020-02-17 22:30:00,0.4581594839582175,0.9352710843086243,1.926203282457138e-07,3.9320854323880174e-07
2020-02-17 23:00:00,0.5756158907891453,0.8368878364562988,1.650741967278381e-07,2.40001343890847e-07
2020-02-17 23:30:00,1.0158091437483985,0.6843026876449585,2.641688721696827e-07,1.7795810397098167e-07
2020-02-18 00:00:00,0.9370618228152298,0.9645513296127319,1.9251258252764148e-07,1.9816010312569469e-07
2020-02-18 00:30:00,0.7796622828558659,1.0090289115905762,2.7497299970401774e-07,3.5586652414662634e-07
2020-02-18 01:00:00,0.739835995941079,0.8277567028999329,2.804856218991532e-07,3.138180013784714e-07
2020-02-18 01:30:00,0.6820340659928239,0.8193916082382202,3.244268831199689e-07,3.897644982416192e-07
2020-02-18 02:00:00,0.538049012584972,0.7913362979888916,1.4853217072514724e-07,2.184538868479562e-07
2020-02-18 02:30:00,1.371852032338119,0.7202484607696533,6.38871956885331e-07,3.354199525376685e-07
2020-02-18 03:00:00,1.8616508219103687,1.1733053922653198,9.48710169132718e-07,5.979245646066459e-07
2020-02-18 03:30:00,0.9671031300419398,1.2942389249801636,1.4546628158600014e-06,1.946722309673034e-06
2020-02-18 04:00:00,1.221139258095118,0.938126266002655,1.1250274398517055e-06,8.642894610930588e-07
2020-02-18 04:30:00,1.358923363759336,0.8730943202972412,1.076060034747946e-06,6.913575332447286e-07
2020-02-18 05:00:00,0.6609129770018305,1.2389042377471924,5.298364939361973e-07,9.931968360319414e-07
2020-02-18 05:30:00,1.1162909249748332,1.0041413307189941,6.8871432751218e-07,6.195217625090959e-07
2020-02-18 06:00:00,2.6726544914445594,1.20195734500885,1.6520296575019675e-06,7.429576802251377e-07
2020-02-18 06:30:00,0.6604829268494582,2.2058122158050537,3.935172170473816e-07,1.3142278917537703e-06
2020-02-18 07:00:00,0.5955247576755899,0.9910855293273926,3.126127732132355e-07,5.202571208354705e-07
2020-02-18 07:30:00,0.7823842505341521,0.9094059467315674,5.294013294047021e-07,6.153507267554819e-07
2020-02-18 08:00:00,0.7369554950551616,0.8551604747772217,4.126904156876901e-07,4.788844566374771e-07
2020-02-18 08:30:00,1.1317496254643675,0.944219708442688,6.980476220219108e-07,5.823817453212774e-07
2020-02-18 09:00:00,0.5214439403809844,1.1439558267593384,3.777227323951643e-07,8.286569028056998e-07
2020-02-18 09:30:00,0.670189274305028,0.8833493590354919,4.141252964460099e-07,5.458417930595961e-07
2020-02-18 10:00:00,1.1139461967959692,0.8295378684997559,3.9479933464324725e-06,2.9400073314767676e-06
2020-02-18 10:30:00,1.399337921910502,0.9913285374641418,3.2441575999151643e-06,2.2982483061963134e-06
2020-02-18 11:00:00,1.6187016548380444,1.1466196775436401,2.706648366440225e-06,1.917275038223288e-06
2020-02-18 11:30:00,1.3434559005608422,1.1324552297592163,1.836791298303173e-06,1.548308292718274e-06
2020-02-18 12:00:00,1.00108117865633,1.0848954916000366,1.3023905861153589e-06,1.4114316653873968e-06
2020-02-18 12:30:00,1.5460014407660512,1.001207709312439,1.1494417665282102e-06,7.443912584476705e-07
2020-02-18 13:00:00,1.0014449034631232,1.1429686546325684,7.343649638355687e-07,8.381450959726641e-07
2020-02-18 13:30:00,0.5484277756312576,0.9922261238098145,4.244154726924604e-07,7.678606702037152e-07
2020-02-18 14:00:00,0.7123581685981735,0.7914952039718628,5.750064503361288e-07,6.388848584266771e-07
2020-02-18 14:30:00,1.0644848777884477,0.8405357003211975,1.2214626270422175e-06,9.644880505678163e-07
2020-02-18 15:00:00,0.4428648267373565,0.9868416786193848,5.042046466424488e-07,1.1235260283052795e-06
2020-02-18 15:30:00,0.8943836046418232,0.7315032482147217,1.1118110747291207e-06,9.093339908563672e-07
2020-02-18 16:00:00,0.3912861756757913,0.8554090261459351,9.5793651826036e-07,2.094189866993095e-06
2020-02-18 16:30:00,0.36103712015218264,0.7315032482147217,2.762023809894434e-07,5.596181876624036e-07
2020-02-18 17:00:00,0.6831812033786149,0.6996565461158752,2.2775154430526308e-07,2.3324391548411425e-07
2020-02-18 17:30:00,0.8021525665258133,0.9120677709579468,2.6010930316217735e-07,2.9575086117101837e-07
2020-02-18 18:00:00,0.390424893297177,0.8159244060516357,8.652857605891105e-08,1.8083062386501593e-07
2020-02-18 18:30:00,0.26192744916595245,0.5860000848770142,1.9051232829879363e-07,4.2622581523510896e-07
2020-02-18 19:00:00,0.926096658208652,0.593765914440155,5.436785726803712e-07,3.4857895448354727e-07
2020-02-18 19:30:00,0.7221649637496174,0.8492669463157654,5.966049617776324e-07,7.016082190071385e-07
2020-02-18 20:00:00,0.6724468036387409,0.7711206078529358,4.6591801789656895e-07,5.342861074302213e-07
2020-02-18 20:30:00,0.6467056192005343,0.7129539847373962,5.708212435858879e-07,6.292960322355252e-07
2020-02-18 21:00:00,0.372480777886965,0.7278608679771423,3.895972637490062e-07,7.613080174567445e-07
2020-02-18 21:30:00,0.6511881650984574,0.6917122006416321,3.560291767276749e-07,3.781851982670683e-07
2020-02-18 22:00:00,0.49143749540837367,0.6745423078536987,2.9033073383393257e-07,3.985051305018145e-07
2020-02-18 22:30:00,0.8461784588217659,0.6238451600074768,3.557520431194762e-07,2.6227823214961247e-07
2020-02-18 23:00:00,0.4768535223820574,0.7355141043663025,1.3675128401361828e-07,2.1092954851161007e-07
2020-02-18 23:30:00,0.707249216920256,0.6281964182853699,1.858824446974865e-07,1.6510542986469723e-07
2020-02-19 00:00:00,0.7005806611502624,0.7409091591835022,1.476911627125215e-07,1.561929143241055e-07
2020-02-19 00:30:00,0.4034912721708193,0.786246120929718,1.423041846487671e-07,2.7729500212037334e-07
2020-02-19 01:00:00,0.5342505646553131,0.6411551833152771,2.025443513149276e-07,2.430738857161165e-07
2020-02-19 01:30:00,0.529632056207626,0.6187007427215576,2.519329836490428e-07,2.943007740426805e-07
2020-02-19 02:00:00,0.6690850634111879,0.6187007427215576,1.6430140669004278e-07,1.5192896674612328e-07
2020-02-19 02:30:00,0.5782503851074995,0.7117320895195007,2.7930250548782544e-07,3.4377591603665957e-07
2020-02-19 03:00:00,0.591675678082565,0.6075827479362488,3.502711055584265e-07,3.596880668266357e-07
2020-02-19 03:30:00,0.6602369831645918,0.6160288453102112,9.755529024651416e-07,9.102318460927681e-07
2020-02-19 04:00:00,0.43382562699339366,0.6833564043045044,4.223011630721293e-07,6.652032207746339e-07
2020-02-19 04:30:00,0.30342328121779427,0.49070438742637634,2.42321695645623e-07,3.918892404849943e-07
2020-02-19 05:00:00,0.5393575193821573,0.6073731184005737,4.323886910859904e-07,4.869150020692717e-07
2020-02-19 05:30:00,0.39236839490869163,0.6262735724449158,2.716971661093585e-07,4.336658024713355e-07
2020-02-19 06:00:00,0.34887873756742693,0.6297054886817932,2.443484502623603e-07,4.4103450199902427e-07
2020-02-19 06:30:00,0.37528306183544985,0.6138482689857483,2.23594494414792e-07,3.657321827422228e-07
2020-02-19 07:00:00,0.5836586014061891,0.6583067774772644,3.0638379285440426e-07,3.4556935657130507e-07
2020-02-19 07:30:00,0.25573424446787824,0.7025846838951111,1.7304291197473697e-07,4.7540484796251423e-07
2020-02-19 08:00:00,0.5676232005745256,0.4608345329761505,3.1786540187415814e-07,2.5806442350081784e-07
2020-02-19 08:30:00,0.33657319792458107,0.6202499270439148,2.23488461031965e-07,4.118530605080878e-07
2020-02-19 09:00:00,0.4751109896873216,0.7242079377174377,3.441601432448255e-07,5.246005943745993e-07
2020-02-19 09:30:00,0.3769416373228598,0.6666713953018188,2.329208677071819e-07,4.1195151846877226e-07
2020-02-19 10:00:00,0.9213715954394319,0.7496738433837891,3.670410853237771e-06,2.986429172295028e-06
2020-02-19 10:30:00,0.39602478189706003,0.7848054766654968,1.038907145413888e-06,2.0588105965542094e-06
2020-02-19 11:00:00,0.23409328177892916,0.676469624042511,4.128450324616038e-07,1.1930163983127909e-06
2020-02-19 11:30:00,0.18466217399198154,0.5204734802246094,2.655554315440128e-07,7.484725033848131e-07
2020-02-19 12:00:00,0.2669257253278258,0.4348538815975189,3.51203504911233e-07,5.72152448602459e-07
2020-02-19 12:30:00,0.512202269009017,0.4450611174106598,4.08411135796899e-07,3.5487526600067577e-07
2020-02-19 13:00:00,0.16215215788001427,0.6318964958190918,1.2542621728064342e-07,4.887778751740631e-07
2020-02-19 13:30:00,0.32793303930120193,0.4026518762111664,2.1885871589150621e-07,2.6872520306787705e-07
2020-02-19 14:00:00,0.4500062514730493,0.6318964958190918,3.281344877037099e-07,4.6076478328609416e-07
2020-02-19 14:30:00,0.4486634740373238,0.6318964958190918,5.365296689716641e-07,7.556470213083764e-07
2020-02-19 15:00:00,0.24948878738096625,0.6318964958190918,2.652133525852636e-07,6.717231259261263e-07
2020-02-19 15:30:00,0.3632822922244882,0.4636960029602051,4.515973611903568e-07,5.764219611396433e-07
2020-02-19 16:00:00,0.5008946392092458,0.6137205362319946,1.2262770742428525e-06,1.5024944662243314e-06
2020-02-19 16:30:00,1.8611416911854701,0.642348051071167,1.2572211939351673e-06,4.3391300485844766e-07
2020-02-19 17:00:00,0.6236316470199875,1.1954529285430908,2.0789955868812598e-07,3.9852713932038604e-07
2020-02-19 17:30:00,1.0388872345696778,0.9125850796699524,2.9116777260899186e-07,2.5576920778486857e-07
2020-02-19 18:00:00,2.9672043059328943,0.8193270564079285,6.096047195028657e-07,1.68328698972291e-07
2020-02-19 18:30:00,0.6008516799640095,2.099287986755371,3.890217594405318e-07,1.3591851923071332e-06
2020-02-19 19:00:00,0.6681188290560102,0.9752550721168518,3.8158414683702256e-07,5.569995313079108e-07
2020-02-19 19:30:00,1.294903419163467,0.8886760473251343,1.0313013043843982e-06,7.077692075086608e-07
2020-02-19 20:00:00,0.28906882599389605,1.1874592304229736,1.7810274677658677e-07,7.316242071291675e-07
2020-02-19 20:30:00,0.36862056462391224,0.926934540271759,3.2536666276392226e-07,8.181681298126591e-07
2020-02-19 21:00:00,1.0490763810089638,0.7051410675048828,1.0972842406080717e-06,7.375441815156538e-07
2020-02-19 21:30:00,1.2544519329069446,0.9837613701820374,6.858562745067277e-07,5.378595151056591e-07
2020-02-19 22:00:00,1.8776450646381393,1.039815068244934,1.06386131885768e-06,5.891523646852474e-07
2020-02-19 22:30:00,2.977302543128932,1.3938124179840088,1.2517235007113668e-06,5.859894095077074e-07
2020-02-19 23:00:00,2.3135614920070844,2.0517303943634033,6.297218819529093e-07,5.584548021144842e-07
2020-02-19 23:30:00,2.124547683578461,1.932328462600708,5.583832514083562e-07,5.078633245446976e-07
2020-02-20 00:00:00,1.4780105610383694,1.79569673538208,3.115831057950424e-07,3.785553233687902e-07
2020-02-20 00:30:00,0.8053913317404938,1.5644491910934448,2.840471769560233e-07,5.517533634995847e-07
2020-02-20 01:00:00,0.820756311652502,1.236452579498291,3.111640225191764e-07,4.6876222921304076e-07
2020-02-20 01:30:00,1.0435607211254836,1.1992212533950806,4.963962490764059e-07,5.704401478008899e-07
2020-02-20 02:00:00,0.5770762410904836,1.2318204641342163,1.4170759947199758e-07,3.024874505716681e-07
2020-02-20 02:30:00,1.115641129189925,0.7455568313598633,5.388692694948827e-07,3.6011370912215117e-07
2020-02-20 03:00:00,0.6800836014826929,1.0548584461212158,4.0260846235132514e-07,6.244746029242094e-07
2020-02-20 03:30:00,1.092323476993648,1.107580304145813,1.6139952253270223e-06,1.6365384066243854e-06
2020-02-20 04:00:00,0.5725457767619885,1.0872553586959839,5.573362484699535e-07,1.0583727054481064e-06
2020-02-20 04:30:00,0.4966257225136611,0.6257721781730652,3.966181721380893e-07,4.997578784796927e-07
2020-02-20 05:00:00,0.4760993728967158,0.7492169737815857,3.816763042619443e-07,6.006274780481784e-07
2020-02-20 05:30:00,0.5297342291002995,0.7317876219749451,3.668167230216656e-07,5.067294554414041e-07
2020-02-20 06:00:00,0.4568202288092719,0.6681022047996521,3.199487470527471e-07,4.679268776822782e-07
2020-02-20 06:30:00,0.775031291419336,0.6575512290000916,4.617653909371836e-07,3.9177050485845396e-07
2020-02-20 07:00:00,0.6828015134548314,0.7848754525184631,3.584275412972616e-07,4.1200989325191096e-07
2020-02-20 07:30:00,0.573990769240068,0.7706815004348755,3.8839160693004673e-07,5.214826481991202e-07
2020-02-20 08:00:00,0.772111377711031,0.6546192169189453,4.323774875997225e-07,3.665826207418515e-07
2020-02-20 08:30:00,0.68864606474825,0.7954021096229553,4.572688798612896e-07,5.281561172349962e-07
2020-02-20 09:00:00,2.250510751970766,0.8628246784210205,1.6302214000185805e-06,6.250115685936386e-07
2020-02-20 09:30:00,0.4356054885613203,1.4480446577072144,2.691706044848775e-07,8.947799466977566e-07
2020-02-20 10:00:00,0.8166280107645627,0.693863570690155,3.253150334354169e-06,2.7641012520174597e-06
2020-02-20 10:30:00,0.31621426174632883,0.8578602075576782,8.295371174408752e-07,2.2504579009643263e-06
2020-02-20 11:00:00,0.6712508684427767,0.7564071416854858,1.1838126428328872e-06,1.3339935626954062e-06
2020-02-20 11:30:00,3.019608426412601,0.8242865204811096,4.342380474762281e-06,1.1853741236241413e-06
2020-02-20 12:00:00,4.084266008866351,2.3210501670837402,5.373811518324063e-06,3.0538868172165482e-06
2020-02-20 12:30:00,11.214190481390078,2.6119866371154785,8.337675876114168e-06,1.9419946548215556e-06
2020-02-20 13:00:00,7.126584046298976,4.249670505523682,5.512479702683211e-06,3.287160054887258e-06
2020-02-20 13:30:00,3.9891095527347966,4.647165775299072,2.6622855572054537e-06,3.101464665726297e-06
2020-02-20 14:00:00,4.93370426603213,3.5512521266937256,3.5975467374435296e-06,2.5894935758890107e-06
2020-02-20 14:30:00,2.7703326331365026,3.630941867828369,3.3128742066363914e-06,4.3420250391036954e-06
2020-02-20 15:00:00,2.234781667840975,3.1775031089782715,2.375633569131729e-06,3.377772048310165e-06
2020-02-20 15:30:00,1.319156257729428,2.190333127975464,1.531215060466967e-06,2.542436541042178e-06
2020-02-20 16:00:00,0.991675512249168,1.9666709899902344,2.427793892302341e-06,4.814752163071268e-06
2020-02-20 16:30:00,0.7258823636782579,1.513726830482483,5.553180711215237e-07,1.158038693003733e-06
2020-02-20 17:00:00,0.7889311721684016,1.2285538911819458,2.1200677161867058e-07,3.301450790861169e-07
2020-02-20 17:30:00,2.0428103927646935,1.0221983194351196,6.042594844090338e-07,3.02364346516615e-07
2020-02-20 18:00:00,1.1728144509938363,1.1849814653396606,2.721068642062676e-07,2.7492975585599905e-07
2020-02-20 18:30:00,2.492813221538083,1.2724263668060303,1.3752881344841523e-06,7.019991987981273e-07
2020-02-20 19:00:00,5.9838577766391445,2.0310606956481934,3.4175735889962653e-06,1.1600040726559936e-06
2020-02-20 19:30:00,1.932804247414443,2.9111015796661377,1.5967551211085048e-06,2.404959716752032e-06
2020-02-20 20:00:00,1.4913153093290161,2.296992778778076,7.577427867714401e-07,1.1671104685221031e-06
2020-02-20 20:30:00,2.3001682458877997,1.8569302558898926,2.0302667235172207e-06,1.639038236948806e-06
2020-02-20 21:00:00,1.137541991604413,2.303816795349121,1.2607349615646664e-06,2.5533144273996747e-06
2020-02-20 21:30:00,2.04452781445148,1.595536708831787,1.3134862156947386e-06,1.025036421061239e-06
2020-02-20 22:00:00,0.9667013289268089,1.7461681365966797,5.711064150535226e-07,1.0315986900313069e-06
2020-02-20 22:30:00,1.3008290674066596,1.4504287242889404,5.872098581303845e-07,6.547409392656864e-07
2020-02-20 23:00:00,0.8546518934210339,1.5095722675323486,2.3262532705487418e-07,4.108862861603509e-07
2020-02-20 23:30:00,1.567900162404916,1.1746265888214111,4.2104462415892107e-07,3.154347594803437e-07
2020-02-21 00:00:00,1.4228135291340493,1.3660284280776978,3.383829507424707e-07,3.24877941364782e-07
2020-02-21 00:30:00,2.2424233312020503,1.3787957429885864,7.652858474064295e-07,4.705502542233062e-07
2020-02-21 01:00:00,1.3452154283883533,1.774497389793396,4.167703026048753e-07,5.49769054464227e-07
2020-02-21 01:30:00,1.2186107274243265,1.6104557514190674,6.171100549181713e-07,8.155421701416299e-07
2020-02-21 02:00:00,2.0524054386838073,1.4371857643127441,4.7284595268464337e-07,3.3110781091433305e-07
2020-02-21 02:30:00,2.1323497471524115,1.7880274057388306,1.029952841008969e-06,8.636406428175764e-07
2020-02-21 03:00:00,1.3392737391293392,1.802608609199524,5.901350162757487e-07,7.942980063361279e-07
2020-02-21 03:30:00,1.0524584621651114,1.4621284008026123,1.5830495658538453e-06,2.199252334720675e-06
2020-02-21 04:00:00,3.2077920594882423,1.4704208374023438,2.933780403665415e-06,1.3448165460576975e-06
2020-02-21 04:30:00,1.1272427015881739,2.1847634315490723,9.002452341715039e-07,1.744808694944907e-06
2020-02-21 05:00:00,1.595021616875739,1.389481544494629,1.2786867418939262e-06,1.1139106895188826e-06
2020-02-21 05:30:00,1.5077547883626883,1.6954410076141357,1.0440512245673829e-06,1.174015346423489e-06
2020-02-21 06:00:00,0.6827089825124454,1.562865138053894,4.781572044781553e-07,1.0946028901481365e-06
2020-02-21 06:30:00,0.9153820488346393,1.3421506881713867,5.45386688662493e-07,7.996564062401781e-07
2020-02-21 07:00:00,0.9927378300867559,1.032591462135315,5.211244740662295e-07,5.420451062930878e-07
2020-02-21 07:30:00,0.574603146872848,1.32827627658844,3.8880597305854443e-07,8.987798848999872e-07
2020-02-21 08:00:00,1.6006999873582632,0.9405811429023743,8.584625368945869e-07,5.044378587294013e-07
2020-02-21 08:30:00,1.3511638327153346,1.4047799110412598,8.97188271192249e-07,9.327899617175753e-07
2020-02-21 09:00:00,1.3962139641627012,1.222907543182373,1.0113872512671194e-06,8.858478216086069e-07
2020-02-21 09:30:00,2.203630474300545,1.2019740343093872,1.3371526988901349e-06,7.293522406395335e-07
2020-02-21 10:00:00,3.3521487359705016,1.4562221765518188,1.3353746917176604e-05,5.801061925500486e-06
2020-02-21 10:30:00,1.6981330278260511,2.2464330196380615,4.454778127825293e-06,5.8931547278834684e-06
2020-02-21 11:00:00,2.987351699056647,1.6352347135543823,5.268469474215726e-06,2.883886813280031e-06
2020-02-21 11:30:00,1.779401998315549,2.3516829013824463,2.5588882408233896e-06,3.3818629675528946e-06
2020-02-21 12:00:00,1.0142161813410808,1.7384440898895264,1.3344396730109489e-06,2.2873316414578395e-06
2020-02-21 12:30:00,2.230202643448891,1.4337648153305054,1.6581408002644272e-06,1.065994583616224e-06
2020-02-21 13:00:00,1.5569332329050296,1.6985756158828735,1.2706518709554695e-06,1.386249736768619e-06
2020-02-21 13:30:00,3.1260649457562293,1.5372593402862549,2.086299572862684e-06,1.0259490959624104e-06
2020-02-21 14:00:00,4.239902755922248,2.3120548725128174,3.422395560158771e-06,1.8662612767424574e-06
2020-02-21 14:30:00,3.2317215572458524,2.977367401123047,4.16006218747436e-06,3.832642548012848e-06
2020-02-21 15:00:00,2.5806113776253885,2.960869073867798,2.9380437759369634e-06,3.3709697745525203e-06
2020-02-21 15:30:00,1.7976869124983283,2.671152114868164,2.0866711265576225e-06,3.1005487963376995e-06
2020-02-21 16:00:00,1.9179601802821808,2.111067771911621,5.041135639316887e-06,5.548696522172442e-06
2020-02-21 16:30:00,1.1734708791853248,2.241875648498535,8.977344233084469e-07,1.7150906580922782e-06
2020-02-21 17:00:00,1.6256301510143134,1.590067982673645,4.3685002230961444e-07,4.272935226203672e-07
2020-02-21 17:30:00,1.2825980674448405,1.5096033811569214,4.159005449613518e-07,4.895102252488495e-07
2020-02-21 18:00:00,0.9666022035514705,1.3546035289764404,2.472742859210257e-07,3.465320264148504e-07
2020-02-21 18:30:00,0.7056277543161162,1.4926899671554565,3.892957039416231e-07,8.23518899272284e-07
2020-02-21 19:00:00,0.36683317595125237,2.3431789875030518,2.095102224175444e-07,1.3382648653924315e-06
2020-02-21 19:30:00,0.12203861615501928,2.326747179031372,1.0100322634697292e-07,1.925693517184485e-06
2020-02-21 20:00:00,0.3840105612499396,1.0520869493484497,2.3659879447283307e-07,6.482178591292141e-07
2020-02-23 18:30:00,33.0439702578859,2.17517352104187,1.5756091809428732e-05,1.037170577007012e-06
2020-02-23 19:00:00,6.538657814645065,8.950467109680176,3.6067418307456393e-06,4.937102543719649e-06
2020-02-23 19:30:00,2.3715673911802932,5.480622291564941,1.9592322305721217e-06,4.527727897237626e-06
2020-02-23 20:00:00,4.183187853970897,3.501384735107422,2.125493114854778e-06,1.7790664456686916e-06
2020-02-23 20:30:00,1.7935231030862362,4.262787342071533,2.1487948323416397e-06,5.107185626018802e-06
2020-02-23 21:00:00,0.9668666052111428,2.548232316970825,1.0914769042352146e-06,2.8766498973165597e-06
2020-02-23 21:30:00,1.544421354655805,2.3295373916625977,1.0692445980960195e-06,1.6128016260517467e-06
2020-02-23 22:00:00,2.215957731134409,1.968936562538147,1.3091403082514303e-06,1.163205499000719e-06
2020-02-23 22:30:00,4.202268006179281,2.2189104557037354,1.987235246155192e-06,1.049313622822899e-06
2020-02-23 23:00:00,2.6486120150612056,2.805960178375244,7.209183539964982e-07,7.63746513899e-07
2020-02-23 23:30:00,3.7131523435323674,2.6663732528686523,1.0367609799962134e-06,7.444864877399551e-07
2020-02-24 00:00:00,1.7907693185557547,3.0999772548675537,4.779441637810524e-07,8.273628665990716e-07
2020-02-24 00:30:00,4.184204315773161,2.554356098175049,1.4756943325105556e-06,9.008758972598531e-07
2020-02-24 01:00:00,1.5843268405223343,3.197274923324585,5.766429447157733e-07,1.163703081773168e-06
2020-02-24 01:30:00,1.624614848081055,2.215822696685791,8.594434326856969e-07,1.172200455333707e-06
2020-02-24 02:00:00,2.04283806936133,2.071322202682495,5.421697573465201e-07,5.497294537720865e-07
2020-02-24 02:30:00,3.719808823782131,2.1951212882995605,1.9090794431699226e-06,1.1265796510737066e-06
2020-02-24 03:00:00,2.4043184584453052,2.9333693981170654,1.2848710598163322e-06,1.5675966027514529e-06
2020-02-24 03:30:00,4.041608539249536,2.443363904953003,6.245985663466294e-06,3.776025256469111e-06
2020-02-24 04:00:00,6.571578899752728,3.2054052352905273,6.397006631026206e-06,3.12025448649048e-06
2020-02-24 04:30:00,14.166650113065973,3.8374621868133545,1.1443031656401242e-05,3.099688418467222e-06
2020-02-24 05:00:00,7.968826664390911,7.641554355621338,6.741489637926341e-06,6.464622920745846e-06
2020-02-24 05:30:00,2.986607029903413,7.901943206787109,2.081079821915719e-06,5.506105891038656e-06
2020-02-24 06:00:00,4.20151283009403,5.823184490203857,2.9426647090881677e-06,4.0784546392659636e-06
2020-02-24 06:30:00,6.4558376852829165,6.515499114990234,3.946987576868663e-06,3.9834635437923405e-06
2020-02-24 07:00:00,5.632750056362871,6.958448886871338,2.9568369631004223e-06,3.6527448703860405e-06
2020-02-24 07:30:00,4.773766797657626,5.3914713859558105,3.230175565551799e-06,3.6481461854884644e-06
2020-02-24 08:00:00,7.6951383246628495,4.983973503112793,4.309228786931947e-06,2.7909936360839484e-06
2020-02-24 08:30:00,4.2402900789891875,5.920050621032715,3.194235938665174e-06,4.459609625794188e-06
2020-02-24 09:00:00,3.983993048562714,4.381930828094482,3.505371385335277e-06,3.855502444428805e-06
2020-02-24 09:30:00,10.702918254501158,5.006291389465332,6.959130528664028e-06,3.2551341994193195e-06
2020-02-24 10:00:00,4.191971662532999,7.519792079925537,1.6966556092903232e-05,3.043555262344805e-05
2020-02-24 10:30:00,1.825375875543398,4.7617621421813965,4.960409395147237e-06,1.2939959371656254e-05
2020-02-24 11:00:00,2.719295812904436,3.4217417240142822,5.113888581143967e-06,6.434903421327577e-06
2020-02-24 11:30:00,2.6122788183126775,4.123917579650879,3.756615737343313e-06,5.930444166457625e-06
2020-02-24 12:00:00,7.3382859384297605,4.006842613220215,9.655239255984457e-06,5.271942851002257e-06
2020-02-24 12:30:00,7.930499600554089,5.091148853302002,5.896273593247954e-06,3.785235238007179e-06
2020-02-24 13:00:00,6.427688073556259,6.343011379241943,5.245795840161511e-06,5.176689087358726e-06
2020-02-24 13:30:00,14.619547947255898,6.724291801452637,9.756917136098413e-06,4.4877145409981056e-06
2020-02-24 14:00:00,7.830557359627366,10.315686225891113,6.320726272253385e-06,8.3266906747255e-06
2020-02-24 14:30:00,7.511328466449714,7.269281387329102,9.669024071989404e-06,9.357446826362957e-06
2020-02-24 15:00:00,4.677487096614641,6.354878902435303,5.325351182431717e-06,7.235073272951951e-06
2020-02-24 15:30:00,7.596432196672374,5.9258904457092285,8.817584207485672e-06,6.878497254574982e-06
2020-02-24 16:00:00,5.047342617255468,6.981040000915527,1.3266354021982876e-05,1.8348853073130207e-05
2020-02-24 16:30:00,2.8082856402091916,5.848136901855469,2.180641568418616e-06,4.541094482482536e-06
2020-02-24 17:00:00,8.122517145180828,4.747107028961182,2.1827362108585964e-06,1.2756738119146515e-06
2020-02-24 17:30:00,1.359906079439231,6.134227752685547,4.409687601212258e-07,1.989110018184778e-06
2020-02-24 18:00:00,1.7690468123594825,3.0412914752960205,4.305891001680906e-07,7.402556848961943e-07
2020-02-24 18:30:00,15.426424951366666,3.219261884689331,7.355658715586374e-06,1.5350148731493516e-06
2020-02-24 19:00:00,7.511113362391746,8.517975807189941,4.143151014713467e-06,4.698539138760389e-06
2020-02-24 19:30:00,2.470957727882527,6.924659252166748,2.0450469740340146e-06,5.731078799958126e-06
2020-02-24 20:00:00,4.069827334530087,4.4759416580200195,2.06789421851569e-06,2.2742423980750586e-06
2020-02-24 20:30:00,1.6692369158957057,5.366839408874512,2.6114074138538103e-06,8.396054561121006e-06
2020-02-24 21:00:00,1.4566816401699483,3.4606494903564453,1.644419569876201e-06,3.906659897052255e-06
2020-02-24 21:30:00,1.5686074337869702,3.459036111831665,1.0859892736226569e-06,2.3947840827539834e-06
2020-02-24 22:00:00,2.8028134385269667,2.9787769317626953,1.6558420755643397e-06,1.7597975339826246e-06
2020-02-24 22:30:00,3.8219859690106888,3.59639048576355,1.8074014357866288e-06,1.7007182601721982e-06
2020-02-24 23:00:00,3.0224908633649834,3.6726255416870117,8.226834001340833e-07,9.996417539838557e-07
2020-02-24 23:30:00,2.5010044533894096,3.7820518016815186,6.983133435360745e-07,1.0559986150682955e-06
2020-02-25 00:00:00,0.8487296811243012,3.9803214073181152,2.541218350430671e-07,1.1917652965181795e-06
2020-02-25 00:30:00,2.3118873672554585,2.400643825531006,8.153614947532083e-07,8.466643166439058e-07
2020-02-25 01:00:00,1.4764781675050156,2.935767650604248,5.3738956921158e-07,1.0685230217318132e-06
2020-02-25 01:30:00,1.6959890350917137,2.4788966178894043,8.972013519624084e-07,1.311370150942718e-06
2020-02-25 02:00:00,1.243724294534856,2.1069202423095703,3.3008475272088e-07,5.591771827899117e-07
2020-02-25 02:30:00,4.060076521989128,1.8759455680847168,2.083711554279666e-06,9.627723601383696e-07
2020-02-25 03:00:00,3.8819280519183077,2.9165170192718506,2.074507639651135e-06,1.5585906685370314e-06
2020-02-25 03:30:00,4.675517001708044,3.0194013118743896,7.22564094923056e-06,4.6662454127040736e-06
2020-02-25 04:00:00,3.4072696043952955,3.5358667373657227,3.504621578852474e-06,3.6368929690017445e-06
2020-02-25 04:30:00,5.485505339501338,3.281027317047119,4.430885971650985e-06,2.6502312935546825e-06
2020-02-25 05:00:00,2.1062899388660843,4.331198692321777,1.781884886615179e-06,3.664119240359855e-06
2020-02-25 05:30:00,3.2257749177691903,3.400008201599121,2.2477329706239936e-06,2.3691394253915995e-06
2020-02-25 06:00:00,7.215561154525993,3.726313352584839,5.053650440766575e-06,2.6098434637911163e-06
2020-02-25 06:30:00,7.261277900504996,5.312990188598633,4.439419803075207e-06,3.248270370587068e-06
2020-02-25 07:00:00,7.943038429002778,4.8512797355651855,4.169592009443406e-06,2.5466145482978428e-06
2020-02-25 07:30:00,6.0335939780364605,5.9270920753479,4.0826392797144845e-06,4.010574627558002e-06
2020-02-25 08:00:00,5.53590310225972,5.494735240936279,3.1000707204270624e-06,3.0770169784894e-06
2020-02-25 08:30:00,5.37644582540582,4.923231601715088,4.050108874129554e-06,3.70869988223052e-06
2020-02-25 09:00:00,2.883095460573717,4.496654510498047,2.536731416318898e-06,3.956443663104583e-06
2020-02-25 09:30:00,2.107057919612011,4.070720195770264,1.3700273836874866e-06,2.646817672938902e-06
2020-02-25 10:00:00,5.351627598688322,3.5502448081970215,2.1660139225895755e-05,1.436923541735394e-05
2020-02-25 10:30:00,5.908636363269141,3.8888320922851562,1.6056558937563337e-05,1.0567795655225725e-05
2020-02-25 11:00:00,13.773543677364154,5.092956066131592,2.5902429371348267e-05,9.577777359587887e-06
2020-02-25 11:30:00,12.002568463714843,14.260062217712402,1.726042306940866e-05,2.050683631740154e-05
2020-02-25 12:00:00,11.70153439471037,12.534822463989258,1.5396117729808097e-05,1.6492503962989765e-05
2020-02-25 12:30:00,12.679274972214301,8.660457611083984,9.42695642970255e-06,6.4389925086321145e-06
2020-02-25 13:00:00,10.455784430772676,10.27256965637207,8.533225297323186e-06,8.383699170602622e-06
2020-02-25 13:30:00,20.816150596739437,10.759007453918457,1.3892458043003617e-05,7.1804370814523995e-06
2020-02-25 14:00:00,20.037591518867277,13.363041877746582,1.6174088935096315e-05,1.078647738529744e-05
2020-02-25 14:30:00,21.90205538658827,13.80165958404541,2.8193614712080692e-05,1.7766308496240454e-05
2020-02-25 15:00:00,22.44406115157172,16.42097282409668,2.5552717757061765e-05,1.869539033229465e-05
2020-02-25 15:30:00,25.219041279371183,16.456602096557617,2.927308693814479e-05,1.9102056201995265e-05
2020-02-25 16:00:00,13.368486991310318,30.568185806274414,3.513751584025248e-05,8.034492711657797e-05
2020-02-25 16:30:00,9.528855978782616,9.814204216003418,7.851309123145414e-06,8.086422049938895e-06
2020-02-25 17:00:00,16.36440049067234,7.5134053230285645,4.39754929186887e-06,2.019051677245438e-06
2020-02-25 17:30:00,6.818536596647942,15.38290786743164,2.6046820869583147e-06,5.876273302885392e-06
2020-02-25 18:00:00,2.125196285543745,10.942519187927246,5.518934455159809e-07,2.841669100557814e-06
2020-02-25 18:30:00,12.856272010089835,5.2984619140625,7.092821153390675e-06,2.9231679848561904e-06
2020-02-25 19:00:00,6.640182742298934,9.28663444519043,3.662743263121025e-06,5.1225333806720716e-06
2020-02-25 19:30:00,4.877190112848136,8.059045791625977,4.529677454707448e-06,7.484817524873014e-06
2020-02-25 20:00:00,9.597581325939773,6.0350775718688965,5.913316978004552e-06,3.7183666860788405e-06
2020-02-25 20:30:00,9.52582091559402,8.269431114196777,1.4902497737223637e-05,1.2936961502782923e-05
2020-02-25 21:00:00,7.890013984034119,6.991384506225586,9.328012158416571e-06,8.265602546485359e-06
2020-02-25 21:30:00,12.229790816095061,6.991384506225586,8.467014345879889e-06,4.840324237914937e-06
2020-02-25 22:00:00,8.703408641681419,8.686630249023438,5.295919324885837e-06,5.285709875051161e-06
2020-02-25 22:30:00,6.98874035981969,7.394919395446777,3.662562619953612e-06,3.875427324650548e-06
2020-02-25 23:00:00,29.612635612336053,7.407898902893066,8.49226387756411e-06,2.1244252988909423e-06
2020-02-25 23:30:00,8.588248455675382,23.287202835083008,2.3979519452968438e-06,6.502093369458544e-06
2020-02-26 00:00:00,9.545626052148242,8.245009422302246,2.583845397229647e-06,2.2317896730446828e-06
2020-02-26 00:30:00,5.908443074656096,8.90517520904541,2.2465726667490604e-06,3.3860228429834263e-06
2020-02-26 01:00:00,4.917799301224848,7.5918450355529785,1.7899174577163215e-06,2.76318229620082e-06
2020-02-26 01:30:00,5.808296706517976,6.8580498695373535,3.072668248356291e-06,3.6280020020540963e-06
2020-02-26 02:00:00,19.642548812835695,7.2797017097473145,5.213137586990327e-06,1.9320347357549886e-06
2020-02-26 02:30:00,10.120457328475151,11.633649826049805,5.959639912783472e-06,6.850714506704928e-06
2020-02-26 03:00:00,9.256628060435366,8.651227951049805,5.995815500610954e-06,5.6036783923436055e-06
2020-02-26 03:30:00,3.4153110542936407,7.333652973175049,5.45945120819596e-06,1.1723008519108685e-05
2020-02-26 04:00:00,13.773129557478562,5.671830177307129,1.4166653261956016e-05,5.833884822420735e-06
2020-02-26 04:30:00,34.69294366654646,9.947397232055664,2.802302940085236e-05,8.03495395995039e-06
2020-02-26 05:00:00,18.87321953249287,21.00595474243164,1.5966417550673964e-05,1.7770674679579885e-05
2020-02-26 05:30:00,21.487544139741367,16.00078582763672,1.4972607404994047e-05,1.1149412087792037e-05
2020-02-26 06:00:00,10.66843019222983,16.38865852355957,8.387083979365165e-06,1.2884093804760933e-05
2020-02-26 06:30:00,12.563448612842526,12.859345436096191,7.681075332882102e-06,7.861981536283022e-06
2020-02-26 07:00:00,9.057595114815495,12.707310676574707,4.754663665935426e-06,6.670533138187622e-06
2020-02-26 07:30:00,29.127058777148687,11.800341606140137,1.9708862528538737e-05,7.984716626715267e-06
2020-02-26 08:00:00,15.417302830778768,25.24356460571289,8.633592064526024e-06,1.4136236503387409e-05
2020-02-26 08:30:00,14.425320329811333,13.779181480407715,1.086668028976567e-05,1.0379940020660118e-05
2020-02-26 09:00:00,4.477875174891164,12.912172317504883,4.883562167492619e-06,1.4081990624369062e-05
2020-02-26 09:30:00,6.121487229391483,9.055341720581055,4.871695989129013e-06,7.206561132486861e-06
2020-02-26 10:00:00,6.62654859869901,8.74162769317627,3.022840956521843e-05,3.9876792306007866e-05
2020-02-26 10:30:00,8.571113645241242,8.180235862731934,2.3291768683024057e-05,2.222956891875014e-05
2020-02-26 11:00:00,5.493548592815208,9.647518157958984,1.156253544395239e-05,2.030559460117755e-05
2020-02-26 11:30:00,4.303817124135135,7.294060707092285,6.189150647256245e-06,1.048930269208369e-05
2020-02-26 12:00:00,13.409180292348266,6.681303977966309,1.7857803105628083e-05,8.897889977320709e-06
2020-02-26 12:30:00,36.354107343383205,10.622468948364258,2.928308194484513e-05,8.556354464529002e-06
2020-02-26 13:00:00,21.30647539899061,27.770183563232422,1.758786927617214e-05,2.2923470406962515e-05
2020-02-26 13:30:00,13.69775328888871,16.64620590209961,1.060037200019062e-05,1.2882110754408274e-05
2020-02-26 14:00:00,49.9741125547336,13.67434310913086,4.033846783190971e-05,1.1037755778575063e-05
2020-02-26 14:30:00,24.704795614510612,26.242393493652344,3.3494374236202576e-05,3.557902531336085e-05
2020-02-26 15:00:00,22.130716526805674,17.189054489135742,2.519597274985176e-05,1.956985658279062e-05
2020-02-26 15:30:00,11.634831093146722,20.190298080444336,1.5945016568461437e-05,2.766990211009506e-05
2020-02-26 16:00:00,4.327589532154893,14.87646198272705,1.137456660840114e-05,3.9101053014059204e-05
2020-02-26 16:30:00,4.511775945931579,11.861725807189941,3.717481691900463e-06,9.773479235451501e-06
2020-02-26 17:00:00,24.604352933306224,10.337990760803223,6.611843487968017e-06,2.778092847057259e-06
2020-02-26 17:30:00,2.155998289218287,13.687322616577148,8.235916965233231e-07,5.2285594617684304e-06
2020-02-26 18:00:00,5.099814625333211,7.089940071105957,1.324373792770777e-06,1.8411906142322976e-06
2020-02-26 18:30:00,13.633997971244817,7.209146976470947,7.521893527131048e-06,3.97729529466126e-06
2020-02-26 19:00:00,43.22783032035405,11.419414520263672,2.384459139604921e-05,6.298980800097865e-06
2020-02-26 19:30:00,28.422445014713745,23.07830047607422,2.64317743858166e-05,2.1461926694761563e-05
2020-02-26 20:00:00,22.81930289430249,25.02667808532715,1.405956007545417e-05,1.5419580767191736e-05
2020-02-26 20:30:00,16.980831235859345,16.815458297729492,2.819401300049593e-05,2.7919437115322703e-05
2020-02-26 21:00:00,6.046461321189349,16.479581832885742,7.148461946148798e-06,1.9483075697184252e-05
2020-02-26 21:30:00,7.016577779776011,10.287778854370117,5.141110400047303e-06,7.537949199969868e-06
2020-02-26 22:00:00,11.0450941085196,10.580978393554688,7.857457666195372e-06,7.527286682886151e-06
2020-02-26 22:30:00,7.80332330334338,13.547919273376465,4.503642101034032e-06,7.819101842781063e-06
2020-02-26 23:00:00,11.964374212142264,10.56159496307373,3.6374104301393497e-06,3.2109373207838615e-06
2020-02-26 23:30:00,8.134510233808873,12.930987358093262,2.7222679703945368e-06,4.327440952032742e-06
2020-02-27 00:00:00,5.496839692613674,9.365368843078613,1.6458326139532958e-06,2.8041257059675606e-06
2020-02-27 00:30:00,11.96198764968649,8.268133163452148,5.0303379260382745e-06,3.476972644319544e-06
2020-02-27 01:00:00,7.808451713735464,12.930987358093262,3.383160354645883e-06,5.60259644038958e-06
2020-02-27 01:30:00,6.94995778920867,9.704305648803711,3.964866770528995e-06,5.536188875526912e-06
2020-02-27 02:00:00,24.470478117604465,10.193663597106934,7.659022941843723e-06,3.190518100073895e-06
2020-02-27 02:30:00,22.053522922392148,13.538277626037598,1.444632613901218e-05,8.868350631982217e-06
2020-02-27 03:00:00,10.779413417688744,15.311846733093262,7.999629021716502e-06,1.1363242947999969e-05
2020-02-27 03:30:00,10.326376713598345,11.747509956359863,1.6506944441990496e-05,1.877865775766284e-05
2020-02-27 04:00:00,14.344106979188073,11.414159774780273,1.5448469272882097e-05,1.229294349326171e-05
2020-02-27 04:30:00,14.451408017256599,12.966784477233887,1.228456262217484e-05,1.1022543666929388e-05
2020-02-27 05:00:00,7.082148184603905,14.532472610473633,6.281515569244959e-06,1.2889585275942877e-05
2020-02-27 05:30:00,6.81263933868283,9.146693229675293,5.7403944327776045e-06,7.707090348350101e-06
2020-02-27 06:00:00,5.4453889831985,10.032120704650879,5.151721688661022e-06,9.491093102233804e-06
2020-02-27 06:30:00,7.478961287670949,8.83148193359375,5.325340069011462e-06,6.288392572274379e-06
2020-02-27 07:00:00,9.328976728910016,9.599781036376953,5.058480006920529e-06,5.205319067078578e-06
2020-02-27 07:30:00,8.095432879182116,10.911267280578613,6.0195279864280365e-06,8.113300393329335e-06
2020-02-27 08:00:00,14.578967436014041,9.302740097045898,8.164129546270072e-06,5.2094756107314884e-06
2020-02-27 08:30:00,9.09654060261587,12.806342124938965,7.75822407359912e-06,1.0922225943769972e-05
2020-02-27 09:00:00,5.123307592277495,10.746826171875,6.50623394162236e-06,1.3647700034556396e-05
2020-02-27 09:30:00,15.654893176044895,5.890416145324707,1.4561168686661444e-05,5.478883960572428e-06
2020-02-27 10:00:00,7.7666501688715055,12.871994972229004,4.2578196077911494e-05,7.056662961827358e-05
2020-02-27 10:30:00,10.328475052945837,7.591779708862305,2.8067350607953356e-05,2.063045529322457e-05
2020-02-27 11:00:00,22.48748311470086,8.883549690246582,4.9157888068746224e-05,1.9419538376031187e-05
2020-02-27 11:30:00,29.00597699693481,11.6172513961792,4.42824232826408e-05,1.7735656473864688e-05
2020-02-27 12:00:00,22.380778721645445,26.11724281311035,3.1423394706504515e-05,3.66695207422902e-05
2020-02-27 12:30:00,32.01792526595677,18.30101203918457,2.8585828172868986e-05,1.6339271867124334e-05
2020-02-27 13:00:00,27.85153619953091,24.400522232055664,2.409592531343426e-05,2.1110259667555002e-05
2020-02-27 13:30:00,27.526710088759643,24.400522232055664,2.4055962819125726e-05,2.1323945131433287e-05
2020-02-27 14:00:00,53.27663514588065,23.37158203125,5.500287342249314e-05,2.4128854321004433e-05
2020-02-27 14:30:00,25.077402177584535,30.768497467041016,3.399954836762234e-05,4.171544605863511e-05
2020-02-27 15:00:00,13.78627548341965,28.798934936523438,1.5860361044999077e-05,3.313161022743474e-05
2020-02-27 15:30:00,20.490133256930154,23.113744735717773,2.8080812833129965e-05,3.167635523194618e-05
2020-02-27 16:00:00,17.64413176759205,27.604848861694336,4.637555168915199e-05,7.255614003110824e-05
2020-02-27 16:30:00,63.835237785727074,25.980539321899414,5.259709937071237e-05,2.140668783917618e-05
2020-02-27 17:00:00,66.30900395947899,41.50971603393555,1.781899150981708e-05,1.1154763809084175e-05
2020-02-27 17:30:00,11.68165823000413,37.15320587158203,4.462395340463398e-06,1.4192530675036397e-05
2020-02-27 18:00:00,4.31062774081486,10.76827335357666,1.2596476642329604e-06,3.1466949115607813e-06
2020-02-27 18:30:00,97.23198300010063,8.833620071411133,5.364300516261535e-05,4.87351910836581e-06
2020-02-27 19:00:00,24.737195989182066,33.07252883911133,1.7865143669376064e-05,2.3884901080894227e-05
2020-02-27 19:30:00,16.591941674566637,40.10056686401367,1.5429863924012956e-05,3.7291975955772204e-05
2020-02-27 20:00:00,13.754364541466833,39.81831359863281,8.62444437399112e-06,2.4967407957105072e-05
2020-02-27 20:30:00,4.898249235439068,39.17522430419922,8.132776346778731e-06,6.504432957307118e-05
2020-02-27 21:00:00,6.640178859916103,24.2088565826416,7.8503877514915e-06,2.8621053017295563e-05
2020-02-27 21:30:00,10.139612673513732,15.705618858337402,7.429386490734089e-06,1.1507649880901777e-05
2020-02-27 22:00:00,37.76967722797408,10.026253700256348,2.6869272182638468e-05,7.132656655186991e-06
2020-02-27 22:30:00,19.90909107118739,23.212371826171875,1.149041469332732e-05,1.339688373239809e-05
2020-02-27 23:00:00,85.5518835649325,16.127307891845703,2.600949352464574e-05,4.903026008358579e-06
2020-02-27 23:30:00,49.496518530541564,33.375640869140625,1.6564339237255036e-05,1.1169380272192447e-05
2020-02-28 00:00:00,47.78196547223709,26.78605842590332,1.43066055280221e-05,8.020129933177686e-06
2020-02-28 00:30:00,46.92378827111148,38.36348342895508,1.9732716559003343e-05,1.6132877856020143e-05
2020-02-28 01:00:00,46.366228546204354,38.42888259887695,2.0089051192573344e-05,1.6650044957461346e-05
2020-02-28 01:30:00,26.501214696723256,38.42888259887695,1.5118622114920283e-05,2.1923212236112826e-05
2020-02-28 02:00:00,30.822516155916578,31.589324951171875,9.647149403005778e-06,9.887153138390202e-06
2020-02-28 02:30:00,37.3037601379018,38.42888259887695,2.443610878225875e-05,2.517312871665987e-05
2020-02-28 03:00:00,50.4885590552328,36.409332275390625,3.74686197321382e-05,2.702012993152132e-05
2020-02-28 03:30:00,30.808906309605124,36.409332275390625,4.924872671955121e-05,5.820113305070552e-05
2020-02-28 04:00:00,38.79318443517151,34.26465606689453,4.177989739016276e-05,3.6902714624431476e-05
2020-02-28 04:30:00,31.244985474785818,31.72620391845703,2.6560109591785967e-05,2.6969174099491065e-05
2020-02-28 05:00:00,42.41668918320513,30.17341423034668,4.303733385248641e-05,3.0614914240288416e-05
2020-02-28 05:30:00,32.90863751748881,35.2611083984375,2.7729129666830853e-05,2.9711343912577226e-05
2020-02-28 06:00:00,23.397850595605455,35.26543045043945,2.250332174011506e-05,3.391718929425682e-05
2020-02-28 06:30:00,22.955014245453285,30.048290252685547,1.6344951182934857e-05,2.1395666849045087e-05
2020-02-28 07:00:00,33.61344613450525,35.191856384277344,1.822632322665911e-05,1.908218951545019e-05
2020-02-28 07:30:00,28.159670634045245,35.15987777709961,2.0938710505046706e-05,2.6143860549186953e-05
2020-02-28 08:00:00,59.40692872518417,29.711301803588867,3.326750431312022e-05,1.6638141073943304e-05
2020-02-28 08:30:00,28.306718720697106,32.92859649658203,2.414213009287932e-05,2.808402020171825e-05
2020-02-28 09:00:00,23.99383689766372,34.47758483886719,3.0470455501957148e-05,4.378406501337629e-05
2020-02-28 09:30:00,69.25373656138667,33.65669631958008,6.441534470481349e-05,3.130528116889767e-05
2020-02-28 10:00:00,12.759777871004813,37.09675979614258,7.07479741944652e-05,0.00020568701362111506
2020-02-28 10:30:00,30.669899126061992,20.869525909423828,9.164171021667715e-05,6.235817854795863e-05
2020-02-28 11:00:00,34.003811097427615,26.153644561767578,7.433270905917356e-05,5.71721577465761e-05
2020-02-28 11:30:00,41.47405723932716,25.081138610839844,6.331701077038146e-05,3.829050807332444e-05
2020-02-28 12:00:00,70.67767618139334,28.552276611328125,9.923392493213264e-05,4.008839320945208e-05
2020-02-28 12:30:00,48.95496239378696,31.367446899414062,4.370733367555192e-05,2.8005076526355247e-05
2020-02-28 13:00:00,87.15332557281818,44.2593879699707,7.54012277374997e-05,3.829127769838013e-05
2020-02-28 13:30:00,68.54602346058516,44.22899627685547,5.9903293435712495e-05,3.865231575195581e-05
2020-02-28 14:00:00,63.89248080694524,47.24260330200195,6.59626874867529e-05,4.877333041874707e-05
2020-02-28 14:30:00,43.336060709254646,41.572505950927734,6.612628360778724e-05,6.343528400610716e-05
2020-02-28 15:00:00,92.2688550798284,48.510902404785156,0.00010615030553645796,5.5809158005288805e-05
2020-02-28 15:30:00,51.011051498313115,60.603641510009766,6.990836865645121e-05,8.30545849999833e-05
2020-02-28 16:00:00,57.240113500848935,72.41342163085938,0.00015044899218148494,0.0001903302708268417
2020-02-28 16:30:00,58.26099592761483,74.06057739257812,4.80041979717758e-05,6.102227678144142e-05
2020-02-28 17:00:00,102.58896460122301,60.411380767822266,2.756838106552191e-05,1.6234143430294562e-05
2020-02-28 17:30:00,9.408006924661269,50.00619888305664,3.593860172678668e-06,1.9102376092196205e-05
2020-02-28 18:00:00,16.719190912565548,25.46177101135254,4.885666554193565e-06,7.44041525042982e-06
2020-02-28 18:30:00,4.625133635414312,39.32866668701172,2.551691941550334e-06,2.169767400638085e-05
2020-02-28 19:00:00,1.5037622034052545,23.305936813354492,1.4062222117102498e-06,2.1794221145763484e-05
2020-02-28 19:30:00,2.092883739781427,29.58293914794922,1.946300918059984e-06,2.7510989037823654e-05
2020-02-28 20:00:00,2.644620924504743,18.390024185180664,1.93258322236372e-06,1.343869432092571e-05
2020-03-01 18:30:00,184.40063246087294,25.512792587280273,0.00018124796869218893,2.507660505497918e-05
2020-03-01 19:00:00,14.120234207134052,33.58663558959961,1.6885159946928195e-05,4.016333622306725e-05
2020-03-01 19:30:00,12.65316305277806,20.845848083496094,1.431506831416101e-05,2.3583805735938233e-05
2020-03-01 20:00:00,16.33087298173671,10.299494743347168,1.193394895979949e-05,7.526458917186249e-06
2020-03-01 20:30:00,7.5477350963291,15.270193099975586,1.3303721239098551e-05,2.69154110043005e-05
2020-03-01 21:00:00,27.12842089237095,13.26156234741211,3.373141862131006e-05,1.6489397333073657e-05
2020-03-01 21:30:00,19.501373867760094,37.61955261230469,1.428883412305773e-05,2.7564188590298843e-05
2020-03-01 22:00:00,18.401939736669338,26.61962890625,1.436324390837849e-05,2.0777386960413647e-05
2020-03-01 22:30:00,21.232968126237598,26.61962890625,1.2723701351746404e-05,1.5951618552985467e-05
2020-03-01 23:00:00,31.650924123386694,26.61962890625,9.835786259288267e-06,8.272269688011589e-06
2020-03-01 23:30:00,30.463167402196614,31.03831672668457,1.2259043578781895e-05,1.2490496222563657e-05
2020-03-02 00:00:00,41.66566791772273,28.72521209716797,1.247529834884619e-05,8.600740344633418e-06
2020-03-02 00:30:00,12.891384689610076,29.724618911743164,6.57063999909827e-06,1.5150410501430785e-05
2020-03-02 01:00:00,10.161119914539794,18.162429809570312,4.8476664375844615e-06,8.664930849487489e-06
2020-03-02 01:30:00,13.555320027604166,18.089099884033203,7.733145951589068e-06,1.0319612465898065e-05
2020-03-02 02:00:00,16.663927621221074,16.998104095458984,5.215648151162882e-06,5.320242155027944e-06
2020-03-02 02:30:00,17.716806720134397,21.963064193725586,1.1605527557732352e-05,1.4387070468113872e-05
2020-03-02 03:00:00,22.437263913852377,22.261789321899414,1.6651164643024793e-05,1.652094126407383e-05
2020-03-02 03:30:00,11.866996929257763,34.538291931152344,2.010370319389923e-05,5.851080723685333e-05
2020-03-02 04:00:00,16.57232122946086,21.09212303161621,2.0784185180811812e-05,2.645269693217495e-05
2020-03-02 04:30:00,25.238142563940865,17.950151443481445,2.493913706342828e-05,1.773748943782722e-05
2020-03-02 05:00:00,29.519291930029972,29.347644805908203,3.022392441254097e-05,3.004818003095542e-05
2020-03-02 05:30:00,17.061801789152927,31.667726516723633,1.4376435788621188e-05,2.668352630428118e-05
2020-03-02 06:00:00,11.852087264443997,32.678585052490234,1.1398967264702368e-05,3.142924220509467e-05
2020-03-02 06:30:00,34.939983249594405,26.65371322631836,2.4878761321627097e-05,1.8978582930498895e-05
2020-03-02 07:00:00,61.886446751672125,29.04540252685547,3.355688010481958e-05,1.574937876302581e-05
2020-03-02 07:30:00,46.23641376841039,26.39502716064453,3.662944988142213e-05,2.0910690204960607e-05
2020-03-02 08:00:00,52.47920397971611,28.84490394592285,2.9388022276334383e-05,1.615296375396912e-05
2020-03-02 08:30:00,29.257890311612886,26.371992111206055,2.4953361818997743e-05,2.24920475820323e-05
2020-03-02 09:00:00,34.03584861819577,20.715328216552734,4.322309163037885e-05,2.630698413609571e-05
2020-03-02 09:30:00,29.84937965637613,33.596675872802734,2.776396156019652e-05,3.1249454032912414e-05
2020-03-02 10:00:00,16.581887529515125,31.88648223876953,9.194007630019016e-05,0.00017679806383675634
2020-03-02 10:30:00,18.477503815591767,21.2347412109375,5.521081250499136e-05,6.344944248366463e-05
2020-03-02 11:00:00,23.41950727122509,26.249469757080078,5.119530323566786e-05,5.7381632688761074e-05
2020-03-02 11:30:00,34.91664776758197,34.20867919921875,5.3306040207448727e-05,5.2225209045706495e-05
2020-03-02 12:00:00,16.754487031806857,52.52255630493164,2.352388474295102e-05,7.374350277491744e-05
2020-03-02 12:30:00,20.511522354020773,25.193645477294922,1.831283097532328e-05,2.2493063328743135e-05
2020-03-02 13:00:00,17.59600456215931,31.47910499572754,1.5223289972485624e-05,2.723433843924133e-05
2020-03-02 13:30:00,30.26819376119222,31.498605728149414,2.6451782336991327e-05,2.75270559324878e-05
2020-03-02 14:00:00,25.853857509939168,33.87337112426758,2.6691559033497065e-05,3.497091622321199e-05
2020-03-02 14:30:00,16.249063148409753,32.267974853515625,2.4794366182044885e-05,4.9237545399617846e-05
2020-03-02 15:00:00,31.374624712527137,22.356735229492188,3.609480139799144e-05,2.5720209417956755e-05
2020-03-02 15:30:00,19.028726359920654,32.17030334472656,2.6078019926251756e-05,4.408796446956952e-05
2020-03-02 16:00:00,23.14839949162097,27.653202056884766,6.08428803006675e-05,7.26832307903718e-05
2020-03-02 16:30:00,38.96309982399532,26.717416763305664,3.2103679790660714e-05,2.2013838644187306e-05
2020-03-02 17:00:00,69.82544349439506,40.6337776184082,1.8763952261387792e-05,1.0919375878978294e-05
2020-03-02 17:30:00,4.983026126220884,30.116426467895508,1.9035167892467596e-06,1.1504479800356044e-05
2020-03-02 18:00:00,6.232182660984285,13.704891204833984,1.9572712857932525e-06,4.304140537804062e-06
2020-03-02 18:30:00,7.225244240935087,16.4387149810791,1.41866950893175e-05,3.2277253103153625e-05
2020-03-02 19:00:00,5.293122013475483,16.629085540771484,8.579774740088428e-06,2.6954566267366426e-05
2020-03-02 19:30:00,9.030686956505106,12.265678405761719,1.277002329549106e-05,1.734452757923923e-05
2020-03-02 20:00:00,9.320062257080455,30.004390716552734,6.810728820347699e-06,2.1926008963615298e-05
2020-03-02 20:30:00,4.122006262948135,34.1451301574707,7.265493763122564e-06,6.018458351945328e-05
2020-03-02 21:00:00,3.9116691843308677,28.818485260009766,4.86376082442192e-06,3.583284092332899e-05
2020-03-02 21:30:00,8.046130112549477,46.89763641357422,5.895472764656278e-06,3.436232503520545e-05
2020-03-02 22:00:00,10.448216998536996,10.05730152130127,8.155134257863572e-06,7.850013470194198e-06
2020-03-02 22:30:00,7.91983465722842,11.723505020141602,4.745903179182196e-06,7.025224913687711e-06
2020-03-02 23:00:00,11.223742496915822,11.635388374328613,3.4878707426866143e-06,3.6157931012555295e-06
2020-03-02 23:30:00,22.14003989423203,11.780301094055176,8.909635374284458e-06,4.74065032622908e-06
2020-03-03 00:00:00,30.723999016350565,18.049577713012695,9.199205805497123e-06,5.404302349962793e-06
2020-03-03 00:30:00,11.652613034312413,24.70522689819336,5.939247578188814e-06,1.259206485203241e-05
2020-03-03 01:00:00,12.413419403827985,13.29025650024414,5.922193333580206e-06,6.340514719340381e-06
2020-03-03 01:30:00,13.479557866068047,15.8006591796875,7.689924555740532e-06,9.014084751891711e-06
2020-03-03 02:00:00,38.189320663164786,15.668716430664062,1.195288795285865e-05,4.9041566754416905e-06
2020-03-03 02:30:00,8.9210583022334,30.38701629638672,5.843806370199049e-06,1.990524368165049e-05
2020-03-03 03:00:00,13.44885358529785,14.237104415893555,9.98067661763664e-06,1.0565654109127783e-05
2020-03-03 03:30:00,10.632991006832428,15.901829719543457,1.8013192093926742e-05,2.693905347977727e-05
2020-03-03 04:00:00,6.880656494973256,14.012421607971191,8.629378876801565e-06,1.7573685755858155e-05
2020-03-03 04:30:00,9.369814665588232,13.801591873168945,9.258807046200376e-06,1.3638079369209822e-05
2020-03-03 05:00:00,12.278698694092803,13.701114654541016,1.2571794137009626e-05,1.4028163502971413e-05
2020-03-03 05:30:00,6.223302219324314,13.88703727722168,5.2438133940918105e-06,1.1701349141043925e-05
2020-03-03 06:00:00,6.398306720837887,12.667373657226562,6.1536915172027895e-06,1.2183084247249891e-05
2020-03-03 06:30:00,23.280727559611407,12.568093299865723,1.6576872982791763e-05,8.949019558529115e-06
2020-03-03 07:00:00,17.832297594512,18.81576919555664,9.669262072415452e-06,1.0202532931141208e-05
2020-03-03 07:30:00,12.438255283143755,17.577072143554688,1.143627198399308e-05,1.6161123336033755e-05
2020-03-03 08:00:00,118.7915610570605,16.34148406982422,8.397413692913892e-05,1.1551847696029577e-05
2020-03-03 08:30:00,30.47940582757271,32.06061553955078,2.599516347703345e-05,2.7343739797283074e-05
2020-03-03 09:00:00,14.327342627492033,23.83323097229004,1.9930813540707627e-05,3.315448614105497e-05
2020-03-03 09:30:00,15.023723653592613,15.961557388305664,1.4724070710522491e-05,1.564319905333691e-05
2020-03-03 10:00:00,13.591955345592925,15.5178861618042,8.212164013830239e-05,9.375797894303893e-05
2020-03-03 10:30:00,62.235919190186046,15.903244018554688,0.00018596103130476393,4.751891989807867e-05
2020-03-03 11:00:00,34.78273331214696,31.57097053527832,8.613562134180829e-05,7.818204334362779e-05
2020-03-03 11:30:00,88.23671780361802,32.341346740722656,0.000134707949581,4.937441707461459e-05
2020-03-03 12:00:00,34.567896040951275,35.58509826660156,4.853453291228312e-05,4.996272035073137e-05
2020-03-03 12:30:00,30.525730796943765,35.61351776123047,2.7253586488331575e-05,3.1795998363341504e-05
2020-03-03 13:00:00,37.402935878534855,34.44493865966797,3.235937662381172e-05,2.980024740549725e-05
2020-03-03 13:30:00,51.43319486917651,38.988067626953125,4.494816196531207e-05,3.4072197592785614e-05
2020-03-03 14:00:00,48.58624950187249,36.843544006347656,5.016051265451946e-05,3.803732690452927e-05
2020-03-03 14:30:00,67.82951276089607,35.68122863769531,0.0001168651178586,6.147605696038364e-05
2020-03-03 15:00:00,73.11650304759739,36.122718811035156,8.411656491830241e-05,4.1557225732144316e-05
2020-03-03 15:30:00,49.21360637968748,53.68612289428711,7.758757177925521e-05,8.463870502547936e-05
2020-03-03 16:00:00,51.66404166124693,50.32339096069336,0.0001404902648338,0.0001368446272507909
2020-03-03 16:30:00,32.42718871644869,54.687705993652344,2.6718410182114874e-05,4.505998264092896e-05
2020-03-03 17:00:00,24.58400730597622,37.89826965332031,8.19554987967811e-06,1.2634114342366538e-05
2020-03-03 17:30:00,4.841872648699478,38.019508361816406,1.849596137916293e-06,1.4523458366956412e-05
2020-03-03 18:00:00,4.3688789407594255,7.937049388885498,1.3720845114807244e-06,2.4926995416939434e-06
2020-03-03 18:30:00,7.681381782853565,13.486274719238281,2.647800113416849e-05,4.6487677270357395e-05
2020-03-03 19:00:00,5.130782416671217,18.25832748413086,1.34765369270616e-05,4.795740777600798e-05
2020-03-03 19:30:00,13.218737387082905,6.709287643432617,2.236971990258517e-05,1.1353950149287587e-05
2020-03-03 20:00:00,21.507474858844066,10.374859809875488,1.805294683917214e-05,8.708451077627443e-06
2020-03-03 20:30:00,6.571875337752326,12.420212745666504,1.158366005109083e-05,2.189200415618844e-05
2020-03-03 21:00:00,5.787204557618284,11.23685359954834,7.682204494225066e-06,1.4916322097127637e-05
2020-03-03 21:30:00,7.205956472826665,12.131921768188477,6.370217989113394e-06,1.0724875536184716e-05
2020-03-03 22:00:00,9.92127426319638,12.149388313293457,7.74384027789452e-06,9.482947459810645e-06
2020-03-03 22:30:00,9.567273512262872,16.831727981567383,5.733118902490293e-06,1.0086290282075856e-05
2020-03-03 23:00:00,8.915050595718018,10.8292818069458,2.770425653557201e-06,3.365288823147345e-06
2020-03-03 23:30:00,13.866033491477703,10.8292818069458,5.579994574845731e-06,4.3579394041830926e-06
2020-03-04 00:00:00,14.942663224967502,12.8745756149292,4.474047607394995e-06,3.854832526102468e-06
2020-03-04 00:30:00,4.523004503561945,15.551997184753418,2.305340739009832e-06,7.926733801556838e-06
2020-03-04 01:00:00,10.055553957174613,11.245759010314941,4.79730303741059e-06,5.365125987880426e-06
2020-03-04 01:30:00,6.479666430476863,13.365738868713379,3.696571244533436e-06,7.624992195839417e-06
2020-03-04 02:00:00,11.886271025242715,12.617080688476562,3.720287852071537e-06,3.949024207361724e-06
2020-03-04 02:30:00,7.74135326880744,14.470635414123535,6.479192490411523e-06,1.211132331144936e-05
2020-03-04 03:00:00,4.1554308260549035,12.919317245483398,3.436623222432952e-06,1.0684530081796179e-05
2020-03-04 03:30:00,7.177012930875572,12.349630355834961,1.2158470979744643e-05,2.0921325311542215e-05
2020-03-04 04:00:00,3.866392631240568,9.906222343444824,4.955682836255512e-06,1.269713159570882e-05
2020-03-04 04:30:00,6.743817628960926,11.36613655090332,7.616022751581461e-06,1.283616481523968e-05
2020-03-04 05:00:00,8.277230162265232,14.206039428710938,8.603477851133744e-06,1.4765971609009707e-05
2020-03-04 05:30:00,4.441008790476516,13.64756965637207,4.511745828823617e-06,1.3864950144381403e-05
2020-03-04 06:00:00,2.146543788410159,11.201647758483887,2.516133036305364e-06,1.3130333580128072e-05
2020-03-04 06:30:00,4.554661869186986,53.29795837402344,3.243113905772532e-06,3.795042418438303e-05
2020-03-04 07:00:00,3.8272438611543276,47.267364501953125,3.28884713477181e-06,4.061803792757977e-05
2020-03-04 07:30:00,18.264343894812527,45.780967712402344,1.6793030825901043e-05,4.209300955247066e-05
2020-03-04 08:00:00,7.659517414515999,17.26523780822754,5.414537518104795e-06,1.2204852187486875e-05
2020-03-04 08:30:00,14.949461202136451,9.000476837158203,1.4685501015806912e-05,8.841556892762384e-06
2020-03-04 09:00:00,6.965691675366745,12.422768592834473,1.0573086714910302e-05,1.8856276690482094e-05
2020-03-04 09:30:00,7.659993763848474,8.829177856445312,8.258454615584533e-06,9.518984854074343e-06
2020-03-04 10:00:00,10.797954133536189,11.73508358001709,6.871346727688033e-05,7.467695005876898e-05
2020-03-04 10:30:00,14.684007213500431,17.471010208129883,4.948390488079731e-05,5.8875877322893723e-05
2020-03-04 11:00:00,12.08552799467094,18.31068992614746,3.335403636765745e-05,5.053444234980237e-05
2020-03-04 11:30:00,17.661375504145425,18.207542419433594,3.01718799848393e-05,3.110492637275493e-05
2020-03-04 12:00:00,15.347579373018123,20.686777114868164,2.488365858371789e-05,3.354031840544371e-05
2020-03-04 12:30:00,18.88152700094974,21.38565444946289,1.9569079918033896e-05,2.2164392795134956e-05
2020-03-04 13:00:00,12.681501388077097,23.200559616088867,1.1682811183212984e-05,2.1373475351623305e-05
2020-03-04 13:30:00,6.42421636938148,21.82052993774414,7.996306538409893e-06,2.7160300366650237e-05
2020-03-04 14:00:00,4.69534400225388,14.429784774780273,9.118998216817e-06,2.8024609393286265e-05
2020-03-04 14:30:00,4.31820465252846,10.978148460388184,1.0925031226157153e-05,2.7774648120232764e-05
2020-03-04 15:00:00,5.1300029183048395,11.819806098937988,9.096273941801732e-06,2.095831053648728e-05
2020-03-04 15:30:00,5.89694066481261,11.309907913208008,1.0934550838510309e-05,2.0971681772852447e-05
2020-03-04 16:00:00,10.226497890030481,11.464262962341309,3.1864833878886865e-05,3.572159685233088e-05
2020-03-04 16:30:00,12.842682480037915,11.037426948547363,1.093778463703984e-05,9.400294611185814e-06
2020-03-04 17:00:00,7.210787863441889,6.746833324432373,2.4038542972711205e-06,2.249186162046835e-06
2020-03-04 17:30:00,3.6266953553664436,4.358948707580566,1.3853982145702393e-06,1.6651191140026695e-06
2020-03-04 18:00:00,4.150491507844397,2.6995179653167725,1.3034980346595883e-06,8.47807146615799e-07
2020-03-04 18:30:00,1.0964994869708458,6.253011703491211,3.7796734338133207e-06,2.1554357751959358e-05
2020-03-04 19:00:00,1.847460567830583,3.351703643798828,4.852548508539586e-06,8.803600358778633e-06
2020-03-04 19:30:00,2.9476868343140095,2.41736102104187,5.000431641059194e-06,4.100791304139347e-06
2020-03-04 20:00:00,5.373889939211389,4.469080448150635,4.510736384855145e-06,3.751257285197785e-06
2020-03-04 20:30:00,2.556471681317012,3.885308265686035,5.173745879428303e-06,7.863023782663673e-06
2020-03-04 21:00:00,2.4668493798555913,4.565464019775391,3.274610600649329e-06,6.0604092808109614e-06
2020-03-04 21:30:00,2.2426189455657854,2.93729829788208,1.9825225983034213e-06,2.596633844114904e-06
2020-03-04 22:00:00,3.940553037476918,3.4610543251037598,3.6285586651894632e-06,3.187024395460958e-06
2020-03-04 22:30:00,3.289891990591596,4.314432621002197,2.2260190962677825e-06,2.919247632255713e-06
2020-03-04 23:00:00,4.503560570420809,4.281456470489502,2.1238262859004204e-06,2.0190846002354073e-06
2020-03-04 23:30:00,2.440687332476654,4.497254371643066,1.195238604485787e-06,2.2023681475520097e-06
2020-03-05 00:00:00,3.426733950436786,3.65405535697937,1.113630376284306e-06,1.1875059753728282e-06
2020-03-05 00:30:00,2.183541892500263,3.96886944770813,1.5017746203114447e-06,2.729669363509522e-06
2020-03-05 01:00:00,4.827333776740516,3.524160385131836,2.303024088814988e-06,1.6813062106690114e-06
2020-03-05 01:30:00,3.0913287435671455,3.645622491836548,1.7909990903817086e-06,2.1121359481230904e-06
2020-03-05 02:00:00,8.013661230017796,3.1608800888061523,3.2172073321495413e-06,1.2689838397036986e-06
2020-03-05 02:30:00,3.5196625334636895,4.799756050109863,3.577080591935081e-06,4.878056930070197e-06
2020-03-05 03:00:00,2.4979307034232145,4.057232856750488,2.374321499646072e-06,3.856462145908066e-06
2020-03-05 03:30:00,2.928471503677825,4.002309322357178,4.9610800670707735e-06,6.780252762050492e-06
2020-03-05 04:00:00,4.598862460978803,4.002309322357178,5.89451355251003e-06,5.1298917378256324e-06
2020-03-05 04:30:00,6.787733151443083,4.1253228187561035,7.665618045637956e-06,4.658867450735846e-06
2020-03-05 05:00:00,4.486400996820967,6.096491813659668,4.663232850938415e-06,6.336785526099815e-06
2020-03-05 05:30:00,9.14747028684813,4.005784511566162,1.0159346620562214e-05,4.448897024436523e-06
2020-03-05 06:00:00,3.289505969987951,9.169116973876953,4.463024456758854e-06,1.244016386492391e-05
2020-03-05 06:30:00,12.153683462149669,6.390479564666748,9.20109684959154e-06,4.8379918378616595e-06
2020-03-05 07:00:00,9.244680789247692,8.816072463989258,7.944187260758209e-06,7.575873321640572e-06
2020-03-05 07:30:00,9.512991952492653,7.306213855743408,9.17423353456174e-06,7.0460389855031344e-06
2020-03-05 08:00:00,8.377390251685354,7.088754653930664,5.922004137700883e-06,5.011063485227797e-06
2020-03-05 08:30:00,12.496508267109402,6.2441534996032715,1.241890164247113e-05,6.205375653306567e-06
2020-03-05 09:00:00,4.138771921087766,10.02059268951416,6.7334165925689205e-06,1.6302619803513124e-05
2020-03-05 09:30:00,15.478153031548347,5.275283336639404,1.804530138070432e-05,6.150222024826618e-06
2020-03-05 10:00:00,6.299447862000951,11.193451881408691,4.659498797620848e-05,8.279436027601928e-05
2020-03-05 10:30:00,7.752444161379627,8.520576477050781,2.612510358362544e-05,2.871364674435009e-05
2020-03-05 11:00:00,5.565990042899542,7.746275424957275,1.5361201793976342e-05,2.1378424869136293e-05
2020-03-05 11:30:00,10.346060148671144,6.875069618225098,2.2738982453043237e-05,1.5110301425451364e-05
2020-03-05 12:00:00,15.006745309719111,10.171019554138184,2.433105036722322e-05,1.6490690282953864e-05
2020-03-05 12:30:00,9.472229664352348,10.771495819091797,1.3297033437145864e-05,1.5120931939980955e-05
2020-03-05 13:00:00,27.38876824166374,9.478949546813965,3.032185432190307e-05,1.0494058175494744e-05
2020-03-05 13:30:00,14.565889107492666,20.09189796447754,2.6563908514918945e-05,3.66417274963959e-05
2020-03-05 14:00:00,5.94667112122339,14.883148193359375,1.7987260401397936e-05,4.5017970001925346e-05
2020-03-05 14:30:00,6.2394843862574145,11.672645568847656,2.08663924355226e-05,3.903623891371505e-05
2020-03-05 15:00:00,9.854434911474007,8.695024490356445,2.452892043078137e-05,2.1643002950815234e-05
2020-03-05 15:30:00,11.80736155603091,10.122222900390625,2.6893145077507894e-05,2.305497360060388e-05
2020-03-05 16:00:00,18.07858631035028,10.537312507629395,5.6331224602903896e-05,3.283330385398697e-05
2020-03-05 16:30:00,11.271074042898265,10.429194450378418,9.599285873568308e-06,8.88227852813141e-06
2020-03-05 17:00:00,13.762769408196132,9.96914291381836,5.056262194428109e-06,3.6625332395652904e-06
2020-03-05 17:30:00,2.254410105741083,10.110095977783203,9.65867410338751e-07,4.331515457400628e-06
2020-03-05 18:00:00,3.2953558412071398,6.357742786407471,1.2297860046328523e-06,2.3726309013460847e-06
2020-03-05 18:30:00,0.8818425510433205,5.030372142791748,3.5811863692248404e-06,2.042847686197577e-05
2020-03-05 19:00:00,0.23342670041808192,4.605583667755127,8.198313855631034e-07,1.6175536187161907e-05
2020-03-05 19:30:00,2.253110975407328,3.774564266204834,4.215941616781315e-06,7.062831235923342e-06
2020-03-05 20:00:00,9.586680672304222,3.189101219177246,1.3678279226605776e-05,4.550210698457591e-06
2020-03-05 20:30:00,4.118503033497966,5.380353927612305,8.334959567397136e-06,1.0888672918336235e-05
2020-03-05 21:00:00,3.614053461688819,4.0780439376831055,5.0898192645788026e-06,5.743276023957575e-06
2020-03-05 21:30:00,13.406119529427192,4.419676303863525,1.4446661449065364e-05,4.762718036059538e-06
2020-03-05 22:00:00,12.661612646685512,7.241270542144775,1.5023013706205006e-05,8.591773389423412e-06
2020-03-05 22:30:00,4.1903190477533165,9.506790161132812,4.227531526369826e-06,9.591216005931546e-06
2020-03-05 23:00:00,14.219362901605411,6.702208518981934,9.371153265704651e-06,4.4170349744009924e-06
2020-03-05 23:30:00,6.662093377927667,9.571307182312012,3.262519981987261e-06,4.687202529986838e-06
2020-03-06 00:00:00,8.708173632074761,8.786519050598145,2.8300086376417925e-06,2.855469569004505e-06
2020-03-06 00:30:00,4.495990357172879,8.402889251708984,3.0922073145278128e-06,5.779255190315915e-06
2020-03-06 01:00:00,9.787891512628029,6.595132827758789,4.669606655521266e-06,3.1464055467734114e-06
2020-03-06 01:30:00,14.870174398118875,7.8188676834106445,9.744394419500383e-06,5.1236877645952065e-06
2020-03-06 02:00:00,19.112491504310267,8.772092819213867,7.673003142806457e-06,3.5216913376070583e-06
2020-03-06 02:30:00,9.363375571790886,9.821585655212402,1.0366693851216209e-05,1.0874002739762967e-05
2020-03-06 03:00:00,6.455238203771963,8.48210620880127,7.209149440169922e-06,9.472736604965356e-06
2020-03-06 03:30:00,7.218118154351927,9.46706485748291,1.4782570916020168e-05,1.938837168215745e-05
2020-03-06 04:00:00,8.797375670302763,8.491857528686523,1.923202593606065e-05,1.856412984480525e-05
2020-03-06 04:30:00,10.915721231113725,8.657225608825684,1.4525571799127695e-05,1.152018721436459e-05
2020-03-06 05:00:00,15.453017647078228,9.785924911499023,1.69110771315173e-05,1.0709269526582507e-05
2020-03-06 05:30:00,9.895665469840319,10.536598205566406,1.6121349819184017e-05,1.7165514142917323e-05
2020-03-06 06:00:00,14.492922098054798,9.62336254119873,3.020442860668395e-05,2.0055870366603737e-05
2020-03-06 06:30:00,23.928276861176805,13.882593154907227,1.8815105044892976e-05,1.09160576008249e-05
2020-03-06 07:00:00,15.633395133459272,14.45216178894043,1.3795134830287488e-05,1.2752797378022047e-05
2020-03-06 07:30:00,10.939284632611704,13.399998664855957,1.2019261191044446e-05,1.4722908245061242e-05
2020-03-06 08:00:00,20.968612749607264,13.609111785888672,2.4180879693841276e-05,1.5693946889298863e-05
2020-03-06 08:30:00,16.920975439373894,17.82236671447754,2.096839235373682e-05,2.2085392138313526e-05
2020-03-06 09:00:00,21.567932242908423,13.346860885620117,4.493627800108158e-05,2.780786977829964e-05
2020-03-06 09:30:00,22.788890947387618,13.4523344039917,2.917182590950536e-05,1.7220195498573884e-05
2020-03-06 10:00:00,6.4080056636480744,18.530107498168945,6.876197417944022e-05,0.00019883983257997965
2020-03-06 10:30:00,10.551526238534649,13.507867813110352,4.061776117002264e-05,5.199810305597532e-05
2020-03-06 11:00:00,15.391048177204691,13.29334545135498,6.100169439380269e-05,5.268754846052867e-05
2020-03-06 11:30:00,8.150169696875547,16.002159118652344,2.5736214571675615e-05,5.053084978655273e-05
2020-03-06 12:00:00,8.73812696826541,12.47282600402832,3.1207622872319174e-05,4.454584506489957e-05
2020-03-06 12:30:00,5.06394358084455,11.143596649169922,1.912756413753335e-05,4.20916734609928e-05
2020-03-06 13:00:00,6.834564281709413,9.41171646118164,2.226854038501359e-05,3.066547909557456e-05
2020-03-06 13:30:00,13.366880069259782,10.954702377319336,3.173688396614558e-05,2.600966840663034e-05
2020-03-06 14:00:00,7.2484441853039785,12.253955841064453,2.5441829964112423e-05,4.3011031460819564e-05
2020-03-06 14:30:00,6.16328967309061,9.989889144897461,2.3222310772108065e-05,3.764033861893532e-05
2020-03-06 15:00:00,11.837129965812107,9.677163124084473,3.279275764044671e-05,2.680893644757735e-05
2020-03-06 15:30:00,18.838251706955624,12.835648536682129,6.212359863168016e-05,4.232859239139116e-05
2020-03-06 16:00:00,29.95869446405703,12.40381908416748,0.0001237614311096,5.1241031311390756e-05
2020-03-06 16:30:00,8.788508232739476,18.37079429626465,9.469422591666842e-06,1.9794123180981227e-05
2020-03-06 17:00:00,14.135245100882251,10.996127128601074,5.19310491171949e-06,4.039833861661587e-06
2020-03-06 17:30:00,5.636262248390841,10.722228050231934,2.414770058020913e-06,4.593774049169579e-06
2020-03-06 18:00:00,3.9652252120872675,8.701241493225098,1.9478822802910804e-06,4.274408946437832e-06
2020-03-06 18:30:00,1.3136234567181813,7.41369104385376,5.334660265517248e-06,3.010719915985218e-05
2020-03-06 19:00:00,0.4655958387926038,7.4721784591674805,1.6352460148992763e-06,2.6243469184896717e-05
2020-03-06 19:30:00,6.078224734012154,105.80402374267578,1.1869354091760015e-05,0.00020661056099283932
2020-03-06 20:00:00,1.4449390473420265,96.44188690185547,2.890223031168781e-06,0.0001929067964533581
2020-03-08 18:30:00,28.569717870427166,70.44524383544922,0.0001382351618852079,0.00034085074727728374
2020-03-08 19:00:00,10.318314094928386,7.349071979522705,2.7102131728193555e-05,1.930310659634779e-05
2020-03-08 19:30:00,9.431551064932515,4.151756763458252,1.8883281898245065e-05,8.312396635249378e-06
2020-03-08 20:00:00,7.421813908681309,4.321970462799072,1.556127021764848e-05,9.061848096951464e-06
2020-03-08 20:30:00,11.00457159581556,5.998997688293457,2.29943910473846e-05,1.253509030641668e-05
2020-03-08 21:00:00,4.722420549711856,8.308327674865723,6.8596807296824346e-06,1.2068487896665858e-05
2020-03-08 21:30:00,5.800610690588077,6.181976795196533,6.959211587569271e-06,7.416750897801493e-06
2020-03-08 22:00:00,3.80101555195802,7.277544021606445,5.634972076082654e-06,1.0788894910753443e-05
2020-03-08 22:30:00,0.4842914556737563,6.26180362701416,7.407540342922508e-07,9.577819811426305e-06
2020-03-08 23:00:00,0.7841691085785232,4.375185489654541,5.525568796598721e-07,3.082930474625527e-06
2020-03-08 23:30:00,18.706780094261646,4.291670322418213,1.1754373423416432e-05,2.6966637404035173e-06
2020-03-09 00:00:00,0.5913961679560717,8.10141372680664,2.4138636366392444e-07,3.3067018455826632e-06
2020-03-09 00:30:00,0.1392845294105293,4.7938971519470215,1.1007986060835452e-07,3.7887303959058586e-06
2020-03-09 01:00:00,0.19762414333902092,4.8783040046691895,1.1007986060835453e-07,2.717294637011746e-06
2020-03-09 01:30:00,0.1491037900523207,21.973018646240234,1.1007986060835452e-07,1.622216865764542e-05
2020-03-09 02:00:00,0.21690277208610853,17.240270614624023,1.1007986060835453e-07,8.749572759516002e-06
2020-03-09 02:30:00,0.07490891556443634,14.206008911132812,1.1007986060835453e-07,2.087595940957618e-05
2020-03-09 03:00:00,0.08399087625508149,20.51026725769043,1.1007986060835453e-07,2.6881102584402008e-05
2020-03-09 03:30:00,0.0302298124653687,17.511201858520508,1.1007986060835453e-07,6.376588216943098e-05
2020-03-09 04:00:00,0.03419477718454144,13.247807502746582,1.1007986060835453e-07,4.264735504484948e-05
2020-03-09 04:30:00,9.587182853843256,11.863553047180176,2.883934800678593e-05,3.568693120184317e-05
2020-03-09 05:00:00,44.65973902543851,16.683439254760742,6.834216509893899e-05,2.5530430424537905e-05
2020-03-09 05:30:00,11.646940042051323,29.907379150390625,2.520871152398739e-05,6.47317227287732e-05
2020-03-09 06:00:00,3.8335691409556367,21.459903717041016,1.0463339291729425e-05,5.857263701347289e-05
2020-03-09 06:30:00,10.63293384398875,19.081388473510742,2.1321860646864094e-05,3.826325941178359e-05
2020-03-09 07:00:00,13.344709535791768,21.3819637298584,2.7982319282803268e-05,4.483551585573852e-05
2020-03-09 07:30:00,20.185099835081935,16.311655044555664,4.39916980206354e-05,3.554985651791075e-05
2020-03-09 08:00:00,4.017883838768606,15.783615112304688,9.136660428076124e-06,3.589191161205288e-05
2020-03-09 08:30:00,5.956877548507832,9.862048149108887,1.3647907096873448e-05,2.2595112259382694e-05
2020-03-09 09:00:00,5.739625200061863,10.750988960266113,1.1958373696059672e-05,2.2399431863197008e-05
2020-03-09 09:30:00,23.428500662416887,11.935345649719238,3.17125851789758e-05,1.6155565010799693e-05
2020-03-09 10:00:00,18.959289863400848,14.370631217956543,0.00028742570675712446,0.00021786094648727753
2020-03-09 10:30:00,28.07394422115019,13.576689720153809,0.0001321607246758,6.391353982823078e-05
2020-03-09 11:00:00,9.485201532850002,19.651823043823242,4.923937927064767e-05,0.00010201613164077075
2020-03-09 11:30:00,11.518048280960176,14.161015510559082,4.664231469917291e-05,5.7345005489793286e-05
2020-03-09 12:00:00,8.795661348930395,12.801789283752441,6.609522050334893e-05,9.619937057375707e-05
2020-03-09 12:30:00,5.754375851493072,8.649698257446289,4.095374754893501e-05,6.155968396086003e-05
2020-03-09 13:00:00,6.715565246377276,8.850001335144043,3.612395067323932e-05,4.760537645901165e-05
2020-03-09 13:30:00,8.795917342999331,8.750895500183105,4.687604753288931e-05,4.6636112803903776e-05
2020-03-09 14:00:00,6.188711267566899,9.059743881225586,3.069066396495797e-05,4.492850660596324e-05
2020-03-09 14:30:00,12.355367182995247,8.750895500183105,8.543171927049454e-05,6.0508444359792733e-05
2020-03-09 15:00:00,25.729864013080366,11.14880657196045,0.0001063080142826,4.606349600928278e-05
2020-03-09 15:30:00,15.579803462513734,22.841169357299805,0.0001008356890765,0.0001478327410867576
2020-03-09 16:00:00,18.774856262603304,14.908148765563965,0.0001541012250753,0.00012236386560009158
2020-03-09 16:30:00,29.1546106582371,14.215691566467285,5.0114775166438025e-05,2.44357983387323e-05
2020-03-09 17:00:00,18.817140968079528,15.284137725830078,2.4646561713783334e-05,2.0019058386215678e-05
2020-03-09 17:30:00,2.083600544225961,11.864422798156738,1.088919069571797e-06,6.200514906841078e-06
2020-03-09 18:00:00,7.68525784362854,7.859831809997559,3.775315845223323e-06,3.861073782667522e-06
2020-03-09 18:30:00,13.828405960737921,9.685928344726562,7.716453187155732e-05,5.40488996768207e-05
2020-03-09 19:00:00,42.18538802257942,13.8545560836792,0.0001481617357874,4.8659385966133406e-05
2020-03-09 19:30:00,18.842024038717827,25.343507766723633,5.898484876714025e-05,7.933770648934817e-05
2020-03-09 20:00:00,13.118532267546032,21.372852325439453,3.289941705323084e-05,5.360008024764192e-05
2020-03-09 20:30:00,25.893531018458877,20.817031860351562,6.162922225799975e-05,4.954664091038388e-05
2020-03-09 21:00:00,14.933272449949042,25.518142700195312,2.169173206360526e-05,3.706707394971355e-05
2020-03-09 21:30:00,12.380910691568719,15.214613914489746,1.4853845869923413e-05,1.825354658362277e-05
2020-03-09 22:00:00,8.683554278412783,13.444703102111816,1.2873292732200983e-05,1.9931653926697388e-05
2020-03-09 22:30:00,10.841771461360747,7.848543643951416,1.6583166716630488e-05,1.2004837788202311e-05
2020-03-09 23:00:00,26.812200548398263,9.780220031738281,1.810681843750573e-05,6.604779345652057e-06
2020-03-09 23:30:00,8.271677998124366,16.181745529174805,7.175988053536272e-06,1.40382655888023e-05
2020-03-10 00:00:00,18.695059423850754,8.409709930419922,6.075577025227374e-06,2.7330130000497006e-06
2020-03-10 00:30:00,7.04770353498211,12.511263847351074,5.569966930449279e-06,9.88794797368672e-06
2020-03-10 01:00:00,7.345464220449925,9.91050910949707,3.5043735995084297e-06,4.728105050776769e-06
2020-03-10 01:30:00,25.780275153131292,9.850605010986328,1.903297759437168e-05,7.2724725919900016e-06
2020-03-10 02:00:00,12.843890861378917,18.30654525756836,5.156377174739264e-06,7.34944364859875e-06
2020-03-10 02:30:00,8.874540777267015,13.7811918258667,1.3041280925824896e-05,2.0251683845342237e-05
2020-03-10 03:00:00,8.371168131616106,8.410590171813965,9.348842001577115e-06,9.392868166073522e-06
2020-03-10 03:30:00,8.713526645095966,9.63054370880127,2.8646046876910173e-05,3.166077499604813e-05
2020-03-10 04:00:00,8.847604673192937,9.849640846252441,2.8482217734209968e-05,3.170797357580044e-05
2020-03-10 04:30:00,8.572449882277756,8.515015602111816,5.163576063314242e-05,5.12898078677706e-05
2020-03-10 05:00:00,5.637820089837293,9.15794849395752,1.8168207131073167e-05,2.951202813900392e-05
2020-03-10 05:30:00,6.273231061486665,8.754140853881836,1.6785916769175466e-05,2.3424337206555086e-05
2020-03-10 06:00:00,6.617868478784189,8.179404258728027,1.8062802765649027e-05,2.2324856763103407e-05
2020-03-10 06:30:00,4.90572030062527,8.411524772644043,1.763631340347438e-05,3.0239858369530537e-05
2020-03-10 07:00:00,3.4232700549890676,7.636773586273193,1.0690331672583711e-05,2.384843767341859e-05
2020-03-10 07:30:00,3.1238144583274186,7.255345344543457,1.14219383723571e-05,2.6528498571555505e-05
2020-03-10 08:00:00,2.792847470682022,6.871282577514648,1.034652169432658e-05,2.5455695308251916e-05
2020-03-10 08:30:00,14.479198777162571,4.990205764770508,5.2446154277380726e-05,1.807538562339679e-05
2020-03-10 09:00:00,17.198707190384823,8.531634330749512,5.1958178449926974e-05,2.5774505846255285e-05
2020-03-10 09:30:00,6.99694125288927,8.873493194580078,2.183648587819146e-05,2.769294493556931e-05
2020-03-10 10:00:00,2.767039190545992,7.291989803314209,5.344078987419811e-05,0.00014083273420020345
2020-03-10 10:30:00,4.03693624666872,7.596709728240967,4.242208062870399e-05,7.982990389561738e-05
2020-03-10 11:00:00,5.06680236361692,7.485503196716309,4.263968775071111e-05,6.299427055944768e-05
2020-03-10 11:30:00,21.019486792170408,7.485503196716309,0.0001106836896603,3.941690494009348e-05
2020-03-10 12:00:00,9.295128581068884,11.8421049118042,0.00011642779215659999,0.0001483303988044072
2020-03-10 12:30:00,10.36801385303609,10.146185874938965,9.209197692040008e-05,9.012163068738098e-05
2020-03-10 13:00:00,8.271304713294786,11.854241371154785,5.808815298405053e-05,8.325058864905573e-05
2020-03-10 13:30:00,11.6180955260179,8.921719551086426,0.0001031293242726,7.919464137583557e-05
2020-03-10 14:00:00,7.371159807744575,10.999805450439453,5.690433829824263e-05,8.491698279407996e-05
2020-03-10 14:30:00,6.333286209371638,8.942909240722656,6.521402320739425e-05,9.20853837148741e-05
2020-03-10 15:00:00,12.131630936289515,8.982108116149902,8.747891675436031e-05,6.47682980382243e-05
2020-03-10 15:30:00,7.493057960388799,11.070643424987793,7.400194637053738e-05,0.00010933442198821319
2020-03-10 16:00:00,8.450720692206326,9.657249450683594,0.00010411676892309999,0.00011898175861105705
2020-03-10 16:30:00,3.99410414306382,9.248159408569336,1.177885927517076e-05,2.727339206141077e-05
2020-03-10 17:00:00,5.004944300513472,5.966589450836182,1.1477815011226508e-05,1.3683151270556066e-05
2020-03-10 17:30:00,4.569161661378463,5.698789596557617,3.262041437035044e-06,4.0685117276649115e-06
2020-03-10 18:00:00,7.288303614045933,5.79176664352417,4.23267563690729e-06,3.3635631643353442e-06
2020-03-10 18:30:00,4.400532729726381,6.489713191986084,2.8424039813926882e-05,4.1918530659684164e-05
2020-03-10 19:00:00,4.011813447334738,6.778523921966553,1.4581909027386858e-05,2.4638189304577226e-05
2020-03-10 19:30:00,1.9516040837563706,5.074268341064453,8.533992947447534e-06,2.2188808988732464e-05
2020-03-10 20:00:00,3.287402440868451,6.000424861907959,1.2164966024502698e-05,2.2204450440940887e-05
2020-03-10 20:30:00,7.221940431420071,6.661446571350098,2.8111956666778608e-05,2.5930191356484526e-05
2020-03-10 21:00:00,11.200798317352051,5.550449371337891,2.7548532428513168e-05,1.3651413958792773e-05
2020-03-10 21:30:00,14.281913485258436,7.857372283935547,2.353665636408549e-05,1.2948984151358207e-05
2020-03-10 22:00:00,10.550041836844645,8.999889373779297,2.7875324448802728e-05,2.3779511036750796e-05
2020-03-10 22:30:00,19.24963964836496,8.641033172607422,3.652269436192366e-05,1.6394790723326117e-05
2020-03-10 23:00:00,16.154636528394597,11.940057754516602,1.2468162641285934e-05,9.215347047146138e-06
2020-03-10 23:30:00,11.134458989825356,11.582167625427246,1.2426053919361036e-05,1.2925696663677246e-05
2020-03-11 00:00:00,28.79001773793154,9.885589599609375,1.1751036053543351e-05,4.034937416606436e-06
2020-03-11 00:30:00,8.100596726212306,12.96941089630127,9.279459666951236e-06,1.485682220507459e-05
2020-03-11 01:00:00,13.723702371168473,7.984005928039551,7.644325326471796e-06,4.447221097612396e-06
2020-03-11 01:30:00,23.87464813053887,11.857534408569336,2.096963806190987e-05,1.041473798879939e-05
2020-03-11 02:00:00,27.681015960350734,12.005170822143555,1.4048333034689685e-05,6.092718493041723e-06
2020-03-11 02:30:00,31.796384812326327,14.660204887390137,6.347815951504969e-05,2.92675670475689e-05
2020-03-11 03:00:00,16.663068357906027,14.660204887390137,2.7988778454659932e-05,2.4624590014263646e-05
2020-03-11 03:30:00,9.958634660958735,13.486373901367188,5.188713197173791e-05,7.026759051456891e-05
2020-03-11 04:00:00,4.5320853686376905,12.16560173034668,1.917141092696588e-05,5.146234701584868e-05
2020-03-11 04:30:00,5.012053963199855,9.44974422454834,3.829620416095008e-05,7.220379843257323e-05
2020-03-11 05:00:00,10.521476847754244,8.695350646972656,5.75774585537271e-05,4.7584212628197225e-05
2020-03-11 05:30:00,5.804502574781869,9.290878295898438,2.2102426936149068e-05,3.53778736527592e-05
2020-03-11 06:00:00,4.9412977709185215,8.578409194946289,1.829685768365767e-05,3.176451601760811e-05
2020-03-11 06:30:00,4.315304666612137,8.876398086547852,1.8094951451391123e-05,3.722054521017227e-05
2020-03-11 07:00:00,14.180759613743785,8.82018756866455,5.288316629892645e-05,3.289241611072406e-05
2020-03-11 07:30:00,2.6349672333971865,8.777596473693848,1.330943986629159e-05,4.433637388597901e-05
2020-03-11 08:00:00,2.761428312571441,7.340878009796143,1.3425741789778324e-05,3.569049112052046e-05
2020-03-11 08:30:00,6.549593248607327,7.339324474334717,3.866988887587559e-05,4.3332593502179034e-05
2020-03-11 09:00:00,5.655251656252032,8.5543794631958,2.3720765184409097e-05,3.588106045121257e-05
2020-03-11 09:30:00,5.594764615629893,7.1581220626831055,3.309534478770217e-05,4.234325015839535e-05
2020-03-11 10:00:00,2.406247228114519,6.968386173248291,6.242833834975173e-05,0.0001807897229729597
2020-03-11 10:30:00,2.3831186937571434,5.119419574737549,4.6885867560351184e-05,0.00010072029932701064
2020-03-11 11:00:00,4.187233598172796,6.989832878112793,5.636798857551561e-05,9.409621187367198e-05
2020-03-11 11:30:00,3.5260410776419286,7.4330549240112305,4.134208008907648e-05,8.71509846903102e-05
2020-03-11 12:00:00,2.562388228031193,5.643603324890137,4.260472764230145e-05,9.383596909625052e-05
2020-03-11 12:30:00,3.927917928207455,5.194408893585205,4.462898359919921e-05,5.901884753104874e-05
2020-03-11 13:00:00,4.960248791004759,5.966720104217529,5.013828525574382e-05,6.0311715648005075e-05
2020-03-11 13:30:00,4.795866961372874,6.825315475463867,4.881542519592175e-05,6.9472460290203e-05
2020-03-11 14:00:00,2.120865089368673,6.214960098266602,2.6821612771426133e-05,7.859776370556044e-05
2020-03-11 14:30:00,1.9300367594023033,4.702578544616699,3.0679308150387045e-05,7.475083340711742e-05
2020-03-11 15:00:00,3.709360198301203,4.7150044441223145,4.628657425178509e-05,5.8835322436552123e-05
2020-03-11 15:30:00,6.2091854811879985,5.479218482971191,8.345010984199155e-05,7.363951127527481e-05
2020-03-11 16:00:00,8.099106200183497,6.886939525604248,0.00018276114187479027,0.00015540788089598602
2020-03-11 16:30:00,2.654179565328861,7.480716228485107,1.5352824088429493e-05,4.3271420597031575e-05
2020-03-11 17:00:00,3.3478475694787138,4.98691463470459,1.138503123747306e-05,1.695900954760727e-05
2020-03-11 17:30:00,5.228867636173394,6.116061210632324,4.678422405063423e-06,5.472220715745947e-06
2020-03-11 18:00:00,2.7597542953452536,14.379164695739746,2.538133225875882e-06,1.322445108108174e-05
2020-03-11 18:30:00,5.426307224435751,6.4022393226623535,3.920094534757234e-05,4.6251312984930136e-05
2020-03-11 19:00:00,5.866417180447069,6.228921413421631,2.2896316150120866e-05,2.4311151009054323e-05
2020-03-11 19:30:00,4.37217898479804,5.988241195678711,2.0833671355671785e-05,2.85342959432911e-05
2020-03-11 20:00:00,6.370293674816913,4.849038600921631,3.320214060168955e-05,2.5273318567286805e-05
2020-03-11 20:30:00,4.549862759754264,5.898467063903809,2.8298416604650567e-05,3.668622266579644e-05
2020-03-11 21:00:00,5.719812208172777,5.898653030395508,2.3274978115883506e-05,2.4002714634490366e-05
2020-03-11 21:30:00,46.894350313406335,6.149284362792969,0.0001670290706644,2.190262250151705e-05
2020-03-11 22:00:00,15.577029234645815,32.41551971435547,6.950842727767804e-05,0.0001446457961138087
2020-03-11 22:30:00,63.92584403473476,25.44622039794922,0.0001346679199862,5.36056992949558e-05
2020-03-11 23:00:00,43.36501966044676,37.21516036987305,6.388772523229153e-05,5.482741524857917e-05
2020-03-11 23:30:00,11.06691737082489,38.5286750793457,1.988277145603662e-05,6.922043559537527e-05
2020-03-12 00:00:00,20.909306191424346,16.513996124267578,1.663935969235098e-05,1.3141627893061141e-05
2020-03-12 00:30:00,19.364231812047038,19.58767318725586,2.8828199507809083e-05,2.916084438653914e-05
2020-03-12 01:00:00,44.190160201223925,20.009374618530273,5.2289341654673615e-05,2.3676696824821774e-05
2020-03-12 01:30:00,17.695351840621843,30.283090591430664,2.378432632269721e-05,4.070350876171544e-05
2020-03-12 02:00:00,13.846365507622671,18.731287002563477,2.6026854631072587e-05,3.5208985607106244e-05
2020-03-12 02:30:00,8.910670701884724,20.301422119140625,2.522072736336745e-05,5.7461065444510804e-05
2020-03-12 03:00:00,6.953971568093355,11.976339340209961,1.5468515672989005e-05,2.664034371941878e-05
2020-03-12 03:30:00,6.937897289778543,11.228630065917969,4.060555937378969e-05,6.571801019592578e-05
2020-03-12 04:00:00,5.036774147533785,10.174112319946289,2.7324994333299357e-05,5.5195558376388125e-05
2020-03-12 04:30:00,5.026287533983794,8.299089431762695,4.253351342947477e-05,7.022865870916744e-05
2020-03-12 05:00:00,4.249478289973592,8.927630424499512,2.7670488949043737e-05,5.813228875297903e-05
2020-03-12 05:30:00,1.5392723567506408,7.245166778564453,7.5082313182387395e-06,3.5340326794092455e-05
2020-03-12 06:00:00,10.972051152257388,7.933477401733398,5.2208721887526426e-05,3.7750162619580754e-05
2020-03-12 06:30:00,2.8875489651995423,8.884116172790527,1.409811113203294e-05,4.337563055151057e-05
2020-03-12 07:00:00,4.846289974303436,6.539892673492432,2.1624765403854485e-05,2.918183715389164e-05
2020-03-12 07:30:00,1.2430174936931766,8.322181701660156,9.443055682796269e-06,6.322262205468464e-05
2020-03-12 08:00:00,1.0735511891864484,4.660289287567139,6.0851788879259476e-06,2.641578181830492e-05
2020-03-12 08:30:00,2.639636106145715,5.000349521636963,2.458148501552429e-05,4.656551581194266e-05
2020-03-12 09:00:00,2.428782661478908,4.248387336730957,1.3831669653799194e-05,2.41941327789558e-05
2020-03-12 09:30:00,4.064431863503401,10.027681350708008,3.0925418972929924e-05,7.629854737689626e-05
2020-03-12 10:00:00,8.544761340464193,10.714232444763184,0.00031105753461491934,0.00039003344818735043
2020-03-12 10:30:00,9.35867580306406,12.969751358032227,0.0002312382433725,0.0003204622730950412
2020-03-12 11:00:00,4.710355170113007,14.412703514099121,9.71831791986115e-05,0.000297360240950482
2020-03-12 11:30:00,4.001138439777722,12.671093940734863,8.002157950206978e-05,0.00025341811247426844
2020-03-12 12:00:00,3.224705049886978,6.101556777954102,6.672186888907981e-05,0.00012624635898783934
2020-03-12 12:30:00,4.617744033557667,5.979106903076172,7.298313139612311e-05,9.449937925694804e-05
2020-03-12 13:00:00,20.69516779385431,6.364358901977539,0.0002784131390478,8.562004220388929e-05
2020-03-12 13:30:00,31.50948541605145,11.581254005432129,0.0003858782355219279,0.00014182884302105583
2020-03-12 14:00:00,11.772537726897399,22.73891258239746,0.0002010828869328,0.0003883959681296421
2020-03-12 14:30:00,6.592469568896168,14.939526557922363,0.0001453267171142,0.0003293321762373776
2020-03-12 15:00:00,5.430492000401742,13.061655044555664,0.0001096668349781,0.0002637754310670532
2020-03-12 15:30:00,7.580973038677945,9.857034683227539,0.0001592877533349,0.00020711126411146228
2020-03-12 16:00:00,8.38538131885708,10.565546989440918,0.0002809201258272,0.0003539582371802601
2020-03-12 16:30:00,25.026489902519607,9.109256744384766,0.0002167385586825,7.888949609541633e-05
2020-03-12 17:00:00,10.048249442984975,10.507561683654785,4.749712800063429e-05,4.966825366895482e-05
2020-03-12 17:30:00,23.60435983997383,9.907565116882324,2.425095973306087e-05,1.0178965425501585e-05
2020-03-12 18:00:00,22.442597688323104,18.180885314941406,2.7934679151060796e-05,2.263005401640158e-05
2020-03-12 18:30:00,50.97495303631208,18.668609619140625,0.0003791912634339,0.00013887160745383083
2020-03-12 19:00:00,24.201386548543987,36.65219497680664,0.00010885420071839999,0.00016485606643951872
2020-03-12 19:30:00,12.234781671434586,23.385099411010742,8.279536494443785e-05,0.00015825193223652898
2020-03-12 20:00:00,5.23852263872099,18.20758056640625,3.3327600985395484e-05,0.00011583704450207078
2020-03-12 20:30:00,9.629510086854642,16.169212341308594,7.413889867170343e-05,0.0001244889495479096
2020-03-12 21:00:00,9.415549491767969,17.721275329589844,4.6859212974131264e-05,8.819506663615259e-05
2020-03-12 21:30:00,8.875085295753905,17.96567153930664,4.897530848021292e-05,9.913981402665296e-05
2020-03-12 22:00:00,17.47309122540113,17.143285751342773,9.54982313120376e-05,9.369569740184918e-05
2020-03-12 22:30:00,23.003586800234853,11.88100528717041,6.772925031968738e-05,3.49811352521807e-05
2020-03-12 23:00:00,13.862397174473012,16.926156997680664,3.392303212834819e-05,4.142043835673139e-05
2020-03-12 23:30:00,8.794265230034686,16.376188278198242,2.251428598734792e-05,4.192484268257119e-05
2020-03-13 00:00:00,9.343427775490184,12.526802062988281,1.2891421574211605e-05,1.72836233394241e-05
2020-03-13 00:30:00,18.02914705291181,12.465313911437988,3.378975222189844e-05,2.336216279114808e-05
2020-03-13 01:00:00,165.21343862344534,16.37198257446289,0.0003381044734936,3.35047838390529e-05
2020-03-13 01:30:00,173.2147875343332,55.101104736328125,0.0004212295523585892,0.0001339967217172304
2020-03-13 02:00:00,102.17588972435259,55.07478332519531,0.0003544223714531,0.0001910405220452809
2020-03-13 02:30:00,30.67587699317153,55.07478332519531,0.0001444969848085,0.00025942665408534735
2020-03-13 03:00:00,22.68973825479905,37.6589469909668,6.592440737853953e-05,0.00010941702962810612
2020-03-13 03:30:00,22.400493291120778,36.89291763305664,0.0001508855407791,0.0002485038055027594
2020-03-13 04:00:00,14.272968840256285,39.76923370361328,8.771824228949695e-05,0.0002444121693758661
2020-03-13 04:30:00,12.807721156221701,28.93393325805664,0.000132571688762,0.00029949280967006455
2020-03-13 05:00:00,16.195261607844706,15.355775833129883,0.0001242578814246,0.0001178169404643363
2020-03-13 05:30:00,12.99067152884416,18.140308380126953,7.134611794170984e-05,9.962845864540765e-05
2020-03-13 06:00:00,3.5227141095662713,16.786325454711914,1.797530419685449e-05,8.5655348975509e-05
2020-03-13 06:30:00,8.870734450604532,9.037973403930664,5.7688228592225316e-05,5.87758182413941e-05
2020-03-13 07:00:00,4.348063887322312,26.533063888549805,2.133408781252521e-05,0.00013018638400970266
2020-03-13 07:30:00,1.6971859493645212,37.02019119262695,1.579850083747781e-05,0.0003446078031575129
2020-03-13 08:00:00,0.22009525994611726,44.13615798950195,1.321362034622972e-06,0.00026497546351396595
2020-03-13 08:30:00,0.297339586746955,40.90926742553711,3.4618626544468257e-06,0.0004762980492125652
2020-03-13 09:00:00,0.9304210824866771,8.33971881866455,6.159224990883782e-06,5.5207481356268594e-05
2020-03-13 09:30:00,1.5142253793961329,11.232361793518066,1.7277026376260125e-05,0.00012815913246131116
2020-03-13 10:00:00,5.002631374499958,15.405216217041016,0.0002230502841566,0.0006868660905578562
2020-03-13 10:30:00,6.214556045223987,12.78738021850586,0.0001683910219009,0.0003464897583608398
2020-03-13 11:00:00,2.6900822773647124,13.860200881958008,7.970238415188427e-05,0.00041065325934874075
2020-03-13 11:30:00,4.791028676710098,5.645355701446533,0.0001161230295273,0.0001368298649511203
2020-03-13 12:00:00,6.140681414246098,6.496700763702393,0.0001469309553055,0.0001554495967385987
2020-03-13 12:30:00,5.8359116057984615,8.129181861877441,0.0001092494181824,0.00015217989042647946
2020-03-13 13:00:00,8.469575816495059,7.631796836853027,0.0001389483004418,0.00012520405068369364
2020-03-13 13:30:00,3.0919605796847023,9.266068458557129,5.8667510683494244e-05,0.000175816332801314
2020-03-13 14:00:00,3.600976968334306,7.999164581298828,7.819357708095605e-05,0.0001736982207249083
2020-03-13 14:30:00,5.018663259298241,6.50112771987915,0.00012048976623169999,0.00015608127478156306
2020-03-13 15:00:00,3.7938963531485475,5.609964847564697,9.432554544935256e-05,0.0001394774513961307
2020-03-13 15:30:00,5.741742026398948,5.614688396453857,0.0001520733821447,0.00014870829274662599
2020-03-13 16:00:00,14.617677057653529,6.7874064445495605,0.0005957658485617693,0.00027663115993204173
2020-03-13 16:30:00,4.304501346351871,11.530632972717285,4.104064063089801e-05,0.00010993713928818681
2020-03-13 17:00:00,14.063308526644658,8.005123138427734,7.20700059082984e-05,4.102372288783113e-05
2020-03-13 17:30:00,9.103072738304162,39.19059371948242,1.1261945107594082e-05,4.848498170795184e-05
2020-03-13 18:00:00,8.821086898092023,30.490278244018555,1.1304865471200991e-05,3.907551276959661e-05
2020-03-13 18:30:00,1.8750552782740253,30.490278244018555,2.0352401834575635e-05,0.000330950453600225
2020-03-13 19:00:00,2.9646881774168636,4.525753974914551,1.9911324965224576e-05,3.0395695167407687e-05
2020-03-13 19:30:00,0.5702764260987051,3.9444589614868164,5.817773914985439e-06,4.024008253656386e-05
2020-03-13 20:00:00,1.4371256560432597,29.510042190551758,1.1091141701527756e-05,0.00022774630609170604
2020-03-15 18:30:00,39.79361377258543,3.0145130157470703,0.0005957658485617693,4.513146041700569e-05
2020-03-15 19:00:00,0.0038928671561345926,32.657833099365234,4.293114563725828e-08,0.0003601556726066839
2020-03-15 19:30:00,0.0,2.3456902503967285,0.0,2.392996611266505e-05
2020-03-15 20:00:00,0.0,2.3456902503967285,0.0,2.3123329019101063e-05
2020-03-15 20:30:00,0.0,22.013683319091797,0.0,0.0001812577616985511
2020-03-15 21:00:00,0.0,23.504627227783203,0.0,0.00014043427146175397
2020-03-15 21:30:00,0.0,10.5802583694458,0.0,6.488708862730278e-05
2020-03-15 22:00:00,0.0,5.141573429107666,0.0,3.439407305611321e-05
2020-03-15 22:30:00,0.0,5.141573429107666,0.0,2.0283749207947264e-05
2020-03-15 23:00:00,0.0,5.141573429107666,0.0,1.608874523120373e-05
2020-03-15 23:30:00,0.0,5.468888282775879,0.0,1.636506835383953e-05
2020-03-16 00:00:00,0.0,6.108846664428711,0.0,1.2919227205111194e-05
2020-03-16 00:30:00,0.0,4.050135612487793,0.0,9.217933294812344e-06
2020-03-16 01:00:00,0.0,3.3795359134674072,0.0,9.608332268637848e-06
2020-03-16 01:30:00,0.0,3.3795359134674072,0.0,1.1438443986541366e-05
2020-03-16 02:00:00,0.0,3.1976349353790283,0.0,1.419216709969372e-05
2020-03-16 02:30:00,0.0,3.1976349353790283,0.0,1.8871556096167324e-05
2020-03-16 03:00:00,0.0,1.1439638137817383,0.0,5.395184287437928e-06
2020-03-16 03:30:00,0.0,1.1439638137817383,0.0,1.1087361304521282e-05
2020-03-16 04:00:00,0.0,2.932185411453247,0.0,2.203007418646254e-05
2020-03-16 04:30:00,59.267124382236915,2.817918539047241,0.0007031331406998108,3.34312139022954e-05
2020-03-16 05:00:00,15.565997946329107,19.11826515197754,0.0001648071201402,0.00020241723226728379
2020-03-16 05:30:00,10.647363698546972,17.391176223754883,7.053146843850301e-05,0.00011520459257925105
2020-03-16 06:00:00,8.360532179100607,16.854446411132812,4.725963545282668e-05,9.527324051697241e-05
2020-03-16 06:30:00,3.372810058104185,18.157085418701172,2.8470180069846885e-05,0.00015326552118519733
2020-03-16 07:00:00,1.9598353950033678,16.470529556274414,1.274154377032426e-05,0.00010708040777135227
2020-03-16 07:30:00,2.508858509345287,10.78056526184082,2.6173658941355177e-05,0.00011246821504975081
2020-03-16 08:00:00,3.5229267372958013,5.2599687576293945,2.1150213060292532e-05,3.157870379096756e-05
2020-03-16 08:30:00,10.874871188013083,5.275698184967041,0.0001266138520255,6.14238511679015e-05
2020-03-16 09:00:00,7.898014066856446,8.334776878356934,5.2283473079653096e-05,5.5174766574951754e-05
2020-03-16 09:30:00,15.584170170228692,8.065377235412598,0.0002281930771208,0.00011809825158382772
